48076,26989072,https://www.petfinder.com/cat/jupiter-26989072/qc/montreal/chatopia-formerly-animal-adoption-montreal-qc35/?referrer_id=3830981a-ad4c-4f85-872c-ca9edc50a67e,Cat,Adult,Male,Medium,,Persian,"[{'small': 'https://dl5zpyw5k3jeb.cloudfront.net/photos/pets/26989072/1/?bust=1377857208&width=100', 'medium': 'https://dl5zpyw5k3jeb.cloudfront.net/photos/pets/26989072/1/?bust=1377857208&width=300', 'large': 'https://dl5zpyw5k3jeb.cloudfront.net/photos/pets/26989072/1/?bust=1377857208&width=600', 'full': 'https://dl5zpyw5k3jeb.cloudfront.net/photos/pets/26989072/1/?bust=1377857208'}, {'small': 'https://dl5zpyw5k3jeb.cloudfront.net/photos/pets/26989072/2/?bust=1377857210&width=100', 'medium': 'https://dl5zpyw5k3jeb.cloudfront.net/photos/pets/26989072/2/?bust=1377857210&width=300', 'large': 'https://dl5zpyw5k3jeb.cloudfront.net/photos/pets/26989072/2/?bust=1377857210&width=600', 'full': 'https://dl5zpyw5k3jeb.cloudfront.net/photos/pets/26989072/2/?bust=1377857210'}]","['https://dl5zpyw5k3jeb.cloudfront.net/photos/pets/26989072/1/?bust=1377857208&width=300', 'https://dl5zpyw5k3jeb.cloudfront.net/photos/pets/26989072/2/?bust=1377857210&width=300']"
48077,26979449,https://www.petfinder.com/cat/elliot-26979449/mn/lakeville/minnkota-persian-rescue-mn109/?referrer_id=3830981a-ad4c-4f85-872c-ca9edc50a67e,Cat,Adult,Male,Medium,Long,Persian,"[{'small': 'https://dl5zpyw5k3jeb.cloudfront.net/photos/pets/26979449/1/?bust=1376559705&width=100', 'medium': 'https://dl5zpyw5k3jeb.cloudfront.net/photos/pets/26979449/1/?bust=1376559705&width=300', 'large': 'https://dl5zpyw5k3jeb.cloudfront.net/photos/pets/26979449/1/?bust=1376559705&width=600', 'full': 'https://dl5zpyw5k3jeb.cloudfront.net/photos/pets/26979449/1/?bust=1376559705'}, {'small': 'https://dl5zpyw5k3jeb.cloudfront.net/photos/pets/26979449/2/?bust=1376559706&width=100', 'medium': 'https://dl5zpyw5k3jeb.cloudfront.net/photos/pets/26979449/2/?bust=1376559706&width=300', 'large': 'https://dl5zpyw5k3jeb.cloudfront.net/photos/pets/26979449/2/?bust=1376559706&width=600', 'full': 'https://dl5zpyw5k3jeb.cloudfront.net/photos/pets/26979449/2/?bust=1376559706'}]","['https://dl5zpyw5k3jeb.cloudfront.net/photos/pets/26979449/1/?bust=1376559705&width=300', 'https://dl5zpyw5k3jeb.cloudfront.net/photos/pets/26979449/2/?bust=1376559706&width=300']"
48078,26974960,https://www.petfinder.com/cat/zarro-26974960/me/sanford/another-chance-animal-rescue-me123/?referrer_id=3830981a-ad4c-4f85-872c-ca9edc50a67e,Cat,Adult,Male,Small,Medium,Persian,"[{'small': 'https://dl5zpyw5k3jeb.cloudfront.net/photos/pets/26974960/1/?bust=1376503145&width=100', 'medium': 'https://dl5zpyw5k3jeb.cloudfront.net/photos/pets/26974960/1/?bust=1376503145&width=300', 'large': 'https://dl5zpyw5k3jeb.cloudfront.net/photos/pets/26974960/1/?bust=1376503145&width=600', 'full': 'https://dl5zpyw5k3jeb.cloudfront.net/photos/pets/26974960/1/?bust=1376503145'}, {'small': 'https://dl5zpyw5k3jeb.cloudfront.net/photos/pets/26974960/2/?bust=1376503146&width=100', 'medium': 'https://dl5zpyw5k3jeb.cloudfront.net/photos/pets/26974960/2/?bust=1376503146&width=300', 'large': 'https://dl5zpyw5k3jeb.cloudfront.net/photos/pets/26974960/2/?bust=1376503146&width=600', 'full': 'https://dl5zpyw5k3jeb.cloudfront.net/photos/pets/26974960/2/?bust=1376503146'}]","['https://dl5zpyw5k3jeb.cloudfront.net/photos/pets/26974960/1/?bust=1376503145&width=300', 'https://dl5zpyw5k3jeb.cloudfront.net/photos/pets/26974960/2/?bust=1376503146&width=300']"
48079,26973986,https://www.petfinder.com/cat/snickers-26973986/tx/lake-jackson/spca-of-brazoria-county-tx571/?referrer_id=3830981a-ad4c-4f85-872c-ca9edc50a67e,Cat,Adult,Female,Small,,Persian,"[{'small': 'https://dl5zpyw5k3jeb.cloudfront.net/photos/pets/26973986/1/?bust=1376497637&width=100', 'medium': 'https://dl5zpyw5k3jeb.cloudfront.net/photos/pets/26973986/1/?bust=1376497637&width=300', 'large': 'https://dl5zpyw5k3jeb.cloudfront.net/photos/pets/26973986/1/?bust=1376497637&width=600', 'full': 'https://dl5zpyw5k3jeb.cloudfront.net/photos/pets/26973986/1/?bust=1376497637'}]",['https://dl5zpyw5k3jeb.cloudfront.net/photos/pets/26973986/1/?bust=1376497637&width=300']
48080,26972127,https://www.petfinder.com/cat/ms-bigglesworth-adopted-26972127/wa/redmond/motley-zoo-animal-rescue-wa433/?referrer_id=3830981a-ad4c-4f85-872c-ca9edc50a67e,Cat,Senior,Female,Small,Long,Persian,"[{'small': 'https://dl5zpyw5k3jeb.cloudfront.net/photos/pets/26972127/1/?bust=1377525332&width=100', 'medium': 'https://dl5zpyw5k3jeb.cloudfront.net/photos/pets/26972127/1/?bust=1377525332&width=300', 'large': 'https://dl5zpyw5k3jeb.cloudfront.net/photos/pets/26972127/1/?bust=1377525332&width=600', 'full': 'https://dl5zpyw5k3jeb.cloudfront.net/photos/pets/26972127/1/?bust=1377525332'}, {'small': 'https://dl5zpyw5k3jeb.cloudfront.net/photos/pets/26972127/2/?bust=1377525333&width=100', 'medium': 'https://dl5zpyw5k3jeb.cloudfront.net/photos/pets/26972127/2/?bust=1377525333&width=300', 'large': 'https://dl5zpyw5k3jeb.cloudfront.net/photos/pets/26972127/2/?bust=1377525333&width=600', 'full': 'https://dl5zpyw5k3jeb.cloudfront.net/photos/pets/26972127/2/?bust=1377525333'}, {'small': 'https://dl5zpyw5k3jeb.cloudfront.net/photos/pets/26972127/3/?bust=1377525334&width=100', 'medium': 'https://dl5zpyw5k3jeb.cloudfront.net/photos/pets/26972127/3/?bust=1377525334&width=300', 'large': 'https://dl5zpyw5k3jeb.cloudfront.net/photos/pets/26972127/3/?bust=1377525334&width=600', 'full': 'https://dl5zpyw5k3jeb.cloudfront.net/photos/pets/26972127/3/?bust=1377525334'}]","['https://dl5zpyw5k3jeb.cloudfront.net/photos/pets/26972127/1/?bust=1377525332&width=300', 'https://dl5zpyw5k3jeb.cloudfront.net/photos/pets/26972127/2/?bust=1377525333&width=300', 'https://dl5zpyw5k3jeb.cloudfront.net/photos/pets/26972127/3/?bust=1377525334&width=300']"
48081,26961377,https://www.petfinder.com/cat/midnight-26961377/fl/winter-haven/humane-society-of-polk-county-fl69/?referrer_id=3830981a-ad4c-4f85-872c-ca9edc50a67e,Cat,Adult,Female,Medium,Long,Persian,"[{'small': 'https://dl5zpyw5k3jeb.cloudfront.net/photos/pets/26961377/1/?bust=1376403849&width=100', 'medium': 'https://dl5zpyw5k3jeb.cloudfront.net/photos/pets/26961377/1/?bust=1376403849&width=300', 'large': 'https://dl5zpyw5k3jeb.cloudfront.net/photos/pets/26961377/1/?bust=1376403849&width=600', 'full': 'https://dl5zpyw5k3jeb.cloudfront.net/photos/pets/26961377/1/?bust=1376403849'}]",['https://dl5zpyw5k3jeb.cloudfront.net/photos/pets/26961377/1/?bust=1376403849&width=300']
48082,26958952,https://www.petfinder.com/cat/jinxy-26958952/ny/new-york/zanis-furry-friends-zff-inc-ny606/?referrer_id=3830981a-ad4c-4f85-872c-ca9edc50a67e,Cat,Adult,Female,Small,Long,Persian,"[{'small': 'https://dl5zpyw5k3jeb.cloudfront.net/photos/pets/26958952/1/?bust=1381271497&width=100', 'medium': 'https://dl5zpyw5k3jeb.cloudfront.net/photos/pets/26958952/1/?bust=1381271497&width=300', 'large': 'https://dl5zpyw5k3jeb.cloudfront.net/photos/pets/26958952/1/?bust=1381271497&width=600', 'full': 'https://dl5zpyw5k3jeb.cloudfront.net/photos/pets/26958952/1/?bust=1381271497'}, {'small': 'https://dl5zpyw5k3jeb.cloudfront.net/photos/pets/26958952/2/?bust=1381271497&width=100', 'medium': 'https://dl5zpyw5k3jeb.cloudfront.net/photos/pets/26958952/2/?bust=1381271497&width=300', 'large': 'https://dl5zpyw5k3jeb.cloudfront.net/photos/pets/26958952/2/?bust=1381271497&width=600', 'full': 'https://dl5zpyw5k3jeb.cloudfront.net/photos/pets/26958952/2/?bust=1381271497'}, {'small': 'https://dl5zpyw5k3jeb.cloudfront.net/photos/pets/26958952/3/?bust=1381271499&width=100', 'medium': 'https://dl5zpyw5k3jeb.cloudfront.net/photos/pets/26958952/3/?bust=1381271499&width=300', 'large': 'https://dl5zpyw5k3jeb.cloudfront.net/photos/pets/26958952/3/?bust=1381271499&width=600', 'full': 'https://dl5zpyw5k3jeb.cloudfront.net/photos/pets/26958952/3/?bust=1381271499'}]","['https://dl5zpyw5k3jeb.cloudfront.net/photos/pets/26958952/1/?bust=1381271497&width=300', 'https://dl5zpyw5k3jeb.cloudfront.net/photos/pets/26958952/2/?bust=1381271497&width=300', 'https://dl5zpyw5k3jeb.cloudfront.net/photos/pets/26958952/3/?bust=1381271499&width=300']"
48083,26948459,https://www.petfinder.com/cat/blackie-26948459/ca/malibu/spunkys-rescue-ranch-ca1324/?referrer_id=3830981a-ad4c-4f85-872c-ca9edc50a67e,Cat,Adult,Female,Large,Long,Persian,"[{'small': 'https://dl5zpyw5k3jeb.cloudfront.net/photos/pets/26948459/1/?bust=1376265600&width=100', 'medium': 'https://dl5zpyw5k3jeb.cloudfront.net/photos/pets/26948459/1/?bust=1376265600&width=300', 'large': 'https://dl5zpyw5k3jeb.cloudfront.net/photos/pets/26948459/1/?bust=1376265600&width=600', 'full': 'https://dl5zpyw5k3jeb.cloudfront.net/photos/pets/26948459/1/?bust=1376265600'}]",['https://dl5zpyw5k3jeb.cloudfront.net/photos/pets/26948459/1/?bust=1376265600&width=300']
48084,26946316,https://www.petfinder.com/cat/princess-26946316/ne/lincoln/the-cat-house-ne04/?referrer_id=3830981a-ad4c-4f85-872c-ca9edc50a67e,Cat,Adult,Female,Medium,Long,Persian,"[{'small': 'https://dl5zpyw5k3jeb.cloudfront.net/photos/pets/26946316/1/?bust=1376246724&width=100', 'medium': 'https://dl5zpyw5k3jeb.cloudfront.net/photos/pets/26946316/1/?bust=1376246724&width=300', 'large': 'https://dl5zpyw5k3jeb.cloudfront.net/photos/pets/26946316/1/?bust=1376246724&width=600', 'full': 'https://dl5zpyw5k3jeb.cloudfront.net/photos/pets/26946316/1/?bust=1376246724'}]",['https://dl5zpyw5k3jeb.cloudfront.net/photos/pets/26946316/1/?bust=1376246724&width=300']
48085,26943348,https://www.petfinder.com/cat/pisces-26943348/ca/simi-valley/arv-animal-rescue-volunteers-ca51/?referrer_id=3830981a-ad4c-4f85-872c-ca9edc50a67e,Cat,Young,Female,Medium,Long,Persian,"[{'small': 'https://dl5zpyw5k3jeb.cloudfront.net/photos/pets/26943348/1/?bust=1376220341&width=100', 'medium': 'https://dl5zpyw5k3jeb.cloudfront.net/photos/pets/26943348/1/?bust=1376220341&width=300', 'large': 'https://dl5zpyw5k3jeb.cloudfront.net/photos/pets/26943348/1/?bust=1376220341&width=600', 'full': 'https://dl5zpyw5k3jeb.cloudfront.net/photos/pets/26943348/1/?bust=1376220341'}, {'small': 'https://dl5zpyw5k3jeb.cloudfront.net/photos/pets/26943348/2/?bust=1376220343&width=100', 'medium': 'https://dl5zpyw5k3jeb.cloudfront.net/photos/pets/26943348/2/?bust=1376220343&width=300', 'large': 'https://dl5zpyw5k3jeb.cloudfront.net/photos/pets/26943348/2/?bust=1376220343&width=600', 'full': 'https://dl5zpyw5k3jeb.cloudfront.net/photos/pets/26943348/2/?bust=1376220343'}]","['https://dl5zpyw5k3jeb.cloudfront.net/photos/pets/26943348/1/?bust=1376220341&width=300', 'https://dl5zpyw5k3jeb.cloudfront.net/photos/pets/26943348/2/?bust=1376220343&width=300']"
48086,26939543,https://www.petfinder.com/cat/petunia-persian-26939543/fl/naples/brookes-legacy-animal-rescue-inc-fl605/?referrer_id=3830981a-ad4c-4f85-872c-ca9edc50a67e,Cat,Adult,Female,Small,,Persian,"[{'small': 'https://dl5zpyw5k3jeb.cloudfront.net/photos/pets/26939543/1/?bust=1376157042&width=100', 'medium': 'https://dl5zpyw5k3jeb.cloudfront.net/photos/pets/26939543/1/?bust=1376157042&width=300', 'large': 'https://dl5zpyw5k3jeb.cloudfront.net/photos/pets/26939543/1/?bust=1376157042&width=600', 'full': 'https://dl5zpyw5k3jeb.cloudfront.net/photos/pets/26939543/1/?bust=1376157042'}]",['https://dl5zpyw5k3jeb.cloudfront.net/photos/pets/26939543/1/?bust=1376157042&width=300']
48087,26937890,https://www.petfinder.com/cat/tilly-26937890/ct/norwalk/paws-pet-animal-welfare-society-ct25/?referrer_id=3830981a-ad4c-4f85-872c-ca9edc50a67e,Cat,Adult,Female,Small,Long,Persian,"[{'small': 'https://dl5zpyw5k3jeb.cloudfront.net/photos/pets/26937890/1/?bust=1404731479&width=100', 'medium': 'https://dl5zpyw5k3jeb.cloudfront.net/photos/pets/26937890/1/?bust=1404731479&width=300', 'large': 'https://dl5zpyw5k3jeb.cloudfront.net/photos/pets/26937890/1/?bust=1404731479&width=600', 'full': 'https://dl5zpyw5k3jeb.cloudfront.net/photos/pets/26937890/1/?bust=1404731479'}]",['https://dl5zpyw5k3jeb.cloudfront.net/photos/pets/26937890/1/?bust=1404731479&width=300']
48088,26924356,https://www.petfinder.com/cat/yeti-26924356/oh/ashland/the-cat-house-feline-sanctuary-inc-oh591/?referrer_id=3830981a-ad4c-4f85-872c-ca9edc50a67e,Cat,Adult,Male,Medium,,Persian,"[{'small': 'https://dl5zpyw5k3jeb.cloudfront.net/photos/pets/26924356/1/?bust=1423414237&width=100', 'medium': 'https://dl5zpyw5k3jeb.cloudfront.net/photos/pets/26924356/1/?bust=1423414237&width=300', 'large': 'https://dl5zpyw5k3jeb.cloudfront.net/photos/pets/26924356/1/?bust=1423414237&width=600', 'full': 'https://dl5zpyw5k3jeb.cloudfront.net/photos/pets/26924356/1/?bust=1423414237'}, {'small': 'https://dl5zpyw5k3jeb.cloudfront.net/photos/pets/26924356/2/?bust=1423414237&width=100', 'medium': 'https://dl5zpyw5k3jeb.cloudfront.net/photos/pets/26924356/2/?bust=1423414237&width=300', 'large': 'https://dl5zpyw5k3jeb.cloudfront.net/photos/pets/26924356/2/?bust=1423414237&width=600', 'full': 'https://dl5zpyw5k3jeb.cloudfront.net/photos/pets/26924356/2/?bust=1423414237'}]","['https://dl5zpyw5k3jeb.cloudfront.net/photos/pets/26924356/1/?bust=1423414237&width=300', 'https://dl5zpyw5k3jeb.cloudfront.net/photos/pets/26924356/2/?bust=1423414237&width=300']"
48089,26922541,https://www.petfinder.com/cat/diva-26922541/nc/charlotte/out-of-harms-way-nc368/?referrer_id=3830981a-ad4c-4f85-872c-ca9edc50a67e,Cat,Adult,Female,Small,Long,Persian,"[{'small': 'https://dl5zpyw5k3jeb.cloudfront.net/photos/pets/26922541/1/?bust=1375992199&width=100', 'medium': 'https://dl5zpyw5k3jeb.cloudfront.net/photos/pets/26922541/1/?bust=1375992199&width=300', 'large': 'https://dl5zpyw5k3jeb.cloudfront.net/photos/pets/26922541/1/?bust=1375992199&width=600', 'full': 'https://dl5zpyw5k3jeb.cloudfront.net/photos/pets/26922541/1/?bust=1375992199'}, {'small': 'https://dl5zpyw5k3jeb.cloudfront.net/photos/pets/26922541/2/?bust=1375992202&width=100', 'medium': 'https://dl5zpyw5k3jeb.cloudfront.net/photos/pets/26922541/2/?bust=1375992202&width=300', 'large': 'https://dl5zpyw5k3jeb.cloudfront.net/photos/pets/26922541/2/?bust=1375992202&width=600', 'full': 'https://dl5zpyw5k3jeb.cloudfront.net/photos/pets/26922541/2/?bust=1375992202'}, {'small': 'https://dl5zpyw5k3jeb.cloudfront.net/photos/pets/26922541/3/?bust=1375992274&width=100', 'medium': 'https://dl5zpyw5k3jeb.cloudfront.net/photos/pets/26922541/3/?bust=1375992274&width=300', 'large': 'https://dl5zpyw5k3jeb.cloudfront.net/photos/pets/26922541/3/?bust=1375992274&width=600', 'full': 'https://dl5zpyw5k3jeb.cloudfront.net/photos/pets/26922541/3/?bust=1375992274'}]","['https://dl5zpyw5k3jeb.cloudfront.net/photos/pets/26922541/1/?bust=1375992199&width=300', 'https://dl5zpyw5k3jeb.cloudfront.net/photos/pets/26922541/2/?bust=1375992202&width=300', 'https://dl5zpyw5k3jeb.cloudfront.net/photos/pets/26922541/3/?bust=1375992274&width=300']"
48090,26918850,https://www.petfinder.com/cat/gracie-26918850/ca/spring-valley/lots-of-love-for-anjmals-ca1934/?referrer_id=3830981a-ad4c-4f85-872c-ca9edc50a67e,Cat,Adult,Female,Medium,Long,Persian,"[{'small': 'https://dl5zpyw5k3jeb.cloudfront.net/photos/pets/26918850/1/?bust=1472770436&width=100', 'medium': 'https://dl5zpyw5k3jeb.cloudfront.net/photos/pets/26918850/1/?bust=1472770436&width=300', 'large': 'https://dl5zpyw5k3jeb.cloudfront.net/photos/pets/26918850/1/?bust=1472770436&width=600', 'full': 'https://dl5zpyw5k3jeb.cloudfront.net/photos/pets/26918850/1/?bust=1472770436'}, {'small': 'https://dl5zpyw5k3jeb.cloudfront.net/photos/pets/26918850/2/?bust=1472770436&width=100', 'medium': 'https://dl5zpyw5k3jeb.cloudfront.net/photos/pets/26918850/2/?bust=1472770436&width=300', 'large': 'https://dl5zpyw5k3jeb.cloudfront.net/photos/pets/26918850/2/?bust=1472770436&width=600', 'full': 'https://dl5zpyw5k3jeb.cloudfront.net/photos/pets/26918850/2/?bust=1472770436'}]","['https://dl5zpyw5k3jeb.cloudfront.net/photos/pets/26918850/1/?bust=1472770436&width=300', 'https://dl5zpyw5k3jeb.cloudfront.net/photos/pets/26918850/2/?bust=1472770436&width=300']"
48091,26918097,https://www.petfinder.com/cat/elliot-id-27133-26918097/ms/nesbit/desoto-county-animal-shelter-ms51/?referrer_id=3830981a-ad4c-4f85-872c-ca9edc50a67e,Cat,Young,Male,Large,Long,Persian,"[{'small': 'https://dl5zpyw5k3jeb.cloudfront.net/photos/pets/26918097/1/?bust=1375973621&width=100', 'medium': 'https://dl5zpyw5k3jeb.cloudfront.net/photos/pets/26918097/1/?bust=1375973621&width=300', 'large': 'https://dl5zpyw5k3jeb.cloudfront.net/photos/pets/26918097/1/?bust=1375973621&width=600', 'full': 'https://dl5zpyw5k3jeb.cloudfront.net/photos/pets/26918097/1/?bust=1375973621'}, {'small': 'https://dl5zpyw5k3jeb.cloudfront.net/photos/pets/26918097/2/?bust=1375973623&width=100', 'medium': 'https://dl5zpyw5k3jeb.cloudfront.net/photos/pets/26918097/2/?bust=1375973623&width=300', 'large': 'https://dl5zpyw5k3jeb.cloudfront.net/photos/pets/26918097/2/?bust=1375973623&width=600', 'full': 'https://dl5zpyw5k3jeb.cloudfront.net/photos/pets/26918097/2/?bust=1375973623'}, {'small': 'https://dl5zpyw5k3jeb.cloudfront.net/photos/pets/26918097/3/?bust=1375973626&width=100', 'medium': 'https://dl5zpyw5k3jeb.cloudfront.net/photos/pets/26918097/3/?bust=1375973626&width=300', 'large': 'https://dl5zpyw5k3jeb.cloudfront.net/photos/pets/26918097/3/?bust=1375973626&width=600', 'full': 'https://dl5zpyw5k3jeb.cloudfront.net/photos/pets/26918097/3/?bust=1375973626'}]","['https://dl5zpyw5k3jeb.cloudfront.net/photos/pets/26918097/1/?bust=1375973621&width=300', 'https://dl5zpyw5k3jeb.cloudfront.net/photos/pets/26918097/2/?bust=1375973623&width=300', 'https://dl5zpyw5k3jeb.cloudfront.net/photos/pets/26918097/3/?bust=1375973626&width=300']"
48092,26917873,https://www.petfinder.com/cat/uggs-id-27132-26917873/ms/nesbit/desoto-county-animal-shelter-ms51/?referrer_id=3830981a-ad4c-4f85-872c-ca9edc50a67e,Cat,Young,Male,Large,Long,Persian,"[{'small': 'https://dl5zpyw5k3jeb.cloudfront.net/photos/pets/26917873/1/?bust=1375973189&width=100', 'medium': 'https://dl5zpyw5k3jeb.cloudfront.net/photos/pets/26917873/1/?bust=1375973189&width=300', 'large': 'https://dl5zpyw5k3jeb.cloudfront.net/photos/pets/26917873/1/?bust=1375973189&width=600', 'full': 'https://dl5zpyw5k3jeb.cloudfront.net/photos/pets/26917873/1/?bust=1375973189'}, {'small': 'https://dl5zpyw5k3jeb.cloudfront.net/photos/pets/26917873/2/?bust=1375973193&width=100', 'medium': 'https://dl5zpyw5k3jeb.cloudfront.net/photos/pets/26917873/2/?bust=1375973193&width=300', 'large': 'https://dl5zpyw5k3jeb.cloudfront.net/photos/pets/26917873/2/?bust=1375973193&width=600', 'full': 'https://dl5zpyw5k3jeb.cloudfront.net/photos/pets/26917873/2/?bust=1375973193'}, {'small': 'https://dl5zpyw5k3jeb.cloudfront.net/photos/pets/26917873/3/?bust=1375973196&width=100', 'medium': 'https://dl5zpyw5k3jeb.cloudfront.net/photos/pets/26917873/3/?bust=1375973196&width=300', 'large': 'https://dl5zpyw5k3jeb.cloudfront.net/photos/pets/26917873/3/?bust=1375973196&width=600', 'full': 'https://dl5zpyw5k3jeb.cloudfront.net/photos/pets/26917873/3/?bust=1375973196'}]","['https://dl5zpyw5k3jeb.cloudfront.net/photos/pets/26917873/1/?bust=1375973189&width=300', 'https://dl5zpyw5k3jeb.cloudfront.net/photos/pets/26917873/2/?bust=1375973193&width=300', 'https://dl5zpyw5k3jeb.cloudfront.net/photos/pets/26917873/3/?bust=1375973196&width=300']"
48093,26916173,https://www.petfinder.com/cat/snowy-26916173/fl/tampa/st-francis-society-animal-rescue-fl391/?referrer_id=3830981a-ad4c-4f85-872c-ca9edc50a67e,Cat,Young,Female,Medium,Long,Persian,"[{'small': 'https://dl5zpyw5k3jeb.cloudfront.net/photos/pets/26916173/1/?bust=1375969366&width=100', 'medium': 'https://dl5zpyw5k3jeb.cloudfront.net/photos/pets/26916173/1/?bust=1375969366&width=300', 'large': 'https://dl5zpyw5k3jeb.cloudfront.net/photos/pets/26916173/1/?bust=1375969366&width=600', 'full': 'https://dl5zpyw5k3jeb.cloudfront.net/photos/pets/26916173/1/?bust=1375969366'}]",['https://dl5zpyw5k3jeb.cloudfront.net/photos/pets/26916173/1/?bust=1375969366&width=300']
48094,26916101,https://www.petfinder.com/cat/romeo-26916101/fl/tampa/st-francis-society-animal-rescue-fl391/?referrer_id=3830981a-ad4c-4f85-872c-ca9edc50a67e,Cat,Young,Male,Medium,Long,Persian,"[{'small': 'https://dl5zpyw5k3jeb.cloudfront.net/photos/pets/26916101/1/?bust=1375969163&width=100', 'medium': 'https://dl5zpyw5k3jeb.cloudfront.net/photos/pets/26916101/1/?bust=1375969163&width=300', 'large': 'https://dl5zpyw5k3jeb.cloudfront.net/photos/pets/26916101/1/?bust=1375969163&width=600', 'full': 'https://dl5zpyw5k3jeb.cloudfront.net/photos/pets/26916101/1/?bust=1375969163'}]",['https://dl5zpyw5k3jeb.cloudfront.net/photos/pets/26916101/1/?bust=1375969163&width=300']
48095,26881066,https://www.petfinder.com/cat/mercury-26881066/qc/montreal/chatopia-formerly-animal-adoption-montreal-qc35/?referrer_id=3830981a-ad4c-4f85-872c-ca9edc50a67e,Cat,Adult,Male,Medium,,Persian,"[{'small': 'https://dl5zpyw5k3jeb.cloudfront.net/photos/pets/26881066/1/?bust=1375620208&width=100', 'medium': 'https://dl5zpyw5k3jeb.cloudfront.net/photos/pets/26881066/1/?bust=1375620208&width=300', 'large': 'https://dl5zpyw5k3jeb.cloudfront.net/photos/pets/26881066/1/?bust=1375620208&width=600', 'full': 'https://dl5zpyw5k3jeb.cloudfront.net/photos/pets/26881066/1/?bust=1375620208'}, {'small': 'https://dl5zpyw5k3jeb.cloudfront.net/photos/pets/26881066/2/?bust=1375620210&width=100', 'medium': 'https://dl5zpyw5k3jeb.cloudfront.net/photos/pets/26881066/2/?bust=1375620210&width=300', 'large': 'https://dl5zpyw5k3jeb.cloudfront.net/photos/pets/26881066/2/?bust=1375620210&width=600', 'full': 'https://dl5zpyw5k3jeb.cloudfront.net/photos/pets/26881066/2/?bust=1375620210'}, {'small': 'https://dl5zpyw5k3jeb.cloudfront.net/photos/pets/26881066/3/?bust=1375620214&width=100', 'medium': 'https://dl5zpyw5k3jeb.cloudfront.net/photos/pets/26881066/3/?bust=1375620214&width=300', 'large': 'https://dl5zpyw5k3jeb.cloudfront.net/photos/pets/26881066/3/?bust=1375620214&width=600', 'full': 'https://dl5zpyw5k3jeb.cloudfront.net/photos/pets/26881066/3/?bust=1375620214'}]","['https://dl5zpyw5k3jeb.cloudfront.net/photos/pets/26881066/1/?bust=1375620208&width=300', 'https://dl5zpyw5k3jeb.cloudfront.net/photos/pets/26881066/2/?bust=1375620210&width=300', 'https://dl5zpyw5k3jeb.cloudfront.net/photos/pets/26881066/3/?bust=1375620214&width=300']"
48096,26878500,https://www.petfinder.com/cat/smokey-26878500/pa/indiana/four-footed-friends-pa516/?referrer_id=3830981a-ad4c-4f85-872c-ca9edc50a67e,Cat,Adult,Male,Medium,,Persian,"[{'small': 'https://dl5zpyw5k3jeb.cloudfront.net/photos/pets/26878500/1/?bust=1472219452&width=100', 'medium': 'https://dl5zpyw5k3jeb.cloudfront.net/photos/pets/26878500/1/?bust=1472219452&width=300', 'large': 'https://dl5zpyw5k3jeb.cloudfront.net/photos/pets/26878500/1/?bust=1472219452&width=600', 'full': 'https://dl5zpyw5k3jeb.cloudfront.net/photos/pets/26878500/1/?bust=1472219452'}, {'small': 'https://dl5zpyw5k3jeb.cloudfront.net/photos/pets/26878500/2/?bust=1472219452&width=100', 'medium': 'https://dl5zpyw5k3jeb.cloudfront.net/photos/pets/26878500/2/?bust=1472219452&width=300', 'large': 'https://dl5zpyw5k3jeb.cloudfront.net/photos/pets/26878500/2/?bust=1472219452&width=600', 'full': 'https://dl5zpyw5k3jeb.cloudfront.net/photos/pets/26878500/2/?bust=1472219452'}]","['https://dl5zpyw5k3jeb.cloudfront.net/photos/pets/26878500/1/?bust=1472219452&width=300', 'https://dl5zpyw5k3jeb.cloudfront.net/photos/pets/26878500/2/?bust=1472219452&width=300']"
48097,26872417,https://www.petfinder.com/cat/shayla-20557962-26872417/oh/hamilton/animal-friends-humane-society-oh98/?referrer_id=3830981a-ad4c-4f85-872c-ca9edc50a67e,Cat,Adult,Female,Medium,,Persian,"[{'small': 'https://dl5zpyw5k3jeb.cloudfront.net/photos/pets/26872417/1/?bust=1375521247&width=100', 'medium': 'https://dl5zpyw5k3jeb.cloudfront.net/photos/pets/26872417/1/?bust=1375521247&width=300', 'large': 'https://dl5zpyw5k3jeb.cloudfront.net/photos/pets/26872417/1/?bust=1375521247&width=600', 'full': 'https://dl5zpyw5k3jeb.cloudfront.net/photos/pets/26872417/1/?bust=1375521247'}]",['https://dl5zpyw5k3jeb.cloudfront.net/photos/pets/26872417/1/?bust=1375521247&width=300']
48098,26855625,https://www.petfinder.com/cat/tonka-and-handsome-manteca-ca-26855625/ca/davis/purebreds-plus-cat-rescue-ca652/?referrer_id=3830981a-ad4c-4f85-872c-ca9edc50a67e,Cat,Adult,Male,Medium,,Persian,"[{'small': 'https://dl5zpyw5k3jeb.cloudfront.net/photos/pets/26855625/1/?bust=1375373600&width=100', 'medium': 'https://dl5zpyw5k3jeb.cloudfront.net/photos/pets/26855625/1/?bust=1375373600&width=300', 'large': 'https://dl5zpyw5k3jeb.cloudfront.net/photos/pets/26855625/1/?bust=1375373600&width=600', 'full': 'https://dl5zpyw5k3jeb.cloudfront.net/photos/pets/26855625/1/?bust=1375373600'}]",['https://dl5zpyw5k3jeb.cloudfront.net/photos/pets/26855625/1/?bust=1375373600&width=300']
48099,26794293,https://www.petfinder.com/cat/coconut-26794293/ct/pleasant-valley/marys-kitty-korner-ct199/?referrer_id=3830981a-ad4c-4f85-872c-ca9edc50a67e,Cat,Young,Female,Medium,,Persian,"[{'small': 'https://dl5zpyw5k3jeb.cloudfront.net/photos/pets/26794293/1/?bust=1374836584&width=100', 'medium': 'https://dl5zpyw5k3jeb.cloudfront.net/photos/pets/26794293/1/?bust=1374836584&width=300', 'large': 'https://dl5zpyw5k3jeb.cloudfront.net/photos/pets/26794293/1/?bust=1374836584&width=600', 'full': 'https://dl5zpyw5k3jeb.cloudfront.net/photos/pets/26794293/1/?bust=1374836584'}]",['https://dl5zpyw5k3jeb.cloudfront.net/photos/pets/26794293/1/?bust=1374836584&width=300']
48100,26791823,https://www.petfinder.com/cat/pookie-26791823/tx/converse/south-texas-persian-rescue-tx512/?referrer_id=3830981a-ad4c-4f85-872c-ca9edc50a67e,Cat,Young,Male,Large,Long,Persian,"[{'small': 'https://dl5zpyw5k3jeb.cloudfront.net/photos/pets/26791823/1/?bust=1374794826&width=100', 'medium': 'https://dl5zpyw5k3jeb.cloudfront.net/photos/pets/26791823/1/?bust=1374794826&width=300', 'large': 'https://dl5zpyw5k3jeb.cloudfront.net/photos/pets/26791823/1/?bust=1374794826&width=600', 'full': 'https://dl5zpyw5k3jeb.cloudfront.net/photos/pets/26791823/1/?bust=1374794826'}, {'small': 'https://dl5zpyw5k3jeb.cloudfront.net/photos/pets/26791823/2/?bust=1374794828&width=100', 'medium': 'https://dl5zpyw5k3jeb.cloudfront.net/photos/pets/26791823/2/?bust=1374794828&width=300', 'large': 'https://dl5zpyw5k3jeb.cloudfront.net/photos/pets/26791823/2/?bust=1374794828&width=600', 'full': 'https://dl5zpyw5k3jeb.cloudfront.net/photos/pets/26791823/2/?bust=1374794828'}, {'small': 'https://dl5zpyw5k3jeb.cloudfront.net/photos/pets/26791823/3/?bust=1374794832&width=100', 'medium': 'https://dl5zpyw5k3jeb.cloudfront.net/photos/pets/26791823/3/?bust=1374794832&width=300', 'large': 'https://dl5zpyw5k3jeb.cloudfront.net/photos/pets/26791823/3/?bust=1374794832&width=600', 'full': 'https://dl5zpyw5k3jeb.cloudfront.net/photos/pets/26791823/3/?bust=1374794832'}]","['https://dl5zpyw5k3jeb.cloudfront.net/photos/pets/26791823/1/?bust=1374794826&width=300', 'https://dl5zpyw5k3jeb.cloudfront.net/photos/pets/26791823/2/?bust=1374794828&width=300', 'https://dl5zpyw5k3jeb.cloudfront.net/photos/pets/26791823/3/?bust=1374794832&width=300']"
48101,26788931,https://www.petfinder.com/cat/oliver-26788931/ma/raynham/nemasket-orphaned-animal-haven-inc-ma262/?referrer_id=3830981a-ad4c-4f85-872c-ca9edc50a67e,Cat,Adult,Male,Medium,Long,Persian,"[{'small': 'https://dl5zpyw5k3jeb.cloudfront.net/photos/pets/26788931/1/?bust=1493031788&width=100', 'medium': 'https://dl5zpyw5k3jeb.cloudfront.net/photos/pets/26788931/1/?bust=1493031788&width=300', 'large': 'https://dl5zpyw5k3jeb.cloudfront.net/photos/pets/26788931/1/?bust=1493031788&width=600', 'full': 'https://dl5zpyw5k3jeb.cloudfront.net/photos/pets/26788931/1/?bust=1493031788'}, {'small': 'https://dl5zpyw5k3jeb.cloudfront.net/photos/pets/26788931/2/?bust=1493031788&width=100', 'medium': 'https://dl5zpyw5k3jeb.cloudfront.net/photos/pets/26788931/2/?bust=1493031788&width=300', 'large': 'https://dl5zpyw5k3jeb.cloudfront.net/photos/pets/26788931/2/?bust=1493031788&width=600', 'full': 'https://dl5zpyw5k3jeb.cloudfront.net/photos/pets/26788931/2/?bust=1493031788'}]","['https://dl5zpyw5k3jeb.cloudfront.net/photos/pets/26788931/1/?bust=1493031788&width=300', 'https://dl5zpyw5k3jeb.cloudfront.net/photos/pets/26788931/2/?bust=1493031788&width=300']"
48102,26785285,https://www.petfinder.com/cat/clover-26785285/ma/duxbury/duxbury-animal-control-and-shelter-ma26/?referrer_id=3830981a-ad4c-4f85-872c-ca9edc50a67e,Cat,Baby,Female,Medium,Long,Persian,"[{'small': 'https://dl5zpyw5k3jeb.cloudfront.net/photos/pets/26785285/1/?bust=1458055586&width=100', 'medium': 'https://dl5zpyw5k3jeb.cloudfront.net/photos/pets/26785285/1/?bust=1458055586&width=300', 'large': 'https://dl5zpyw5k3jeb.cloudfront.net/photos/pets/26785285/1/?bust=1458055586&width=600', 'full': 'https://dl5zpyw5k3jeb.cloudfront.net/photos/pets/26785285/1/?bust=1458055586'}, {'small': 'https://dl5zpyw5k3jeb.cloudfront.net/photos/pets/26785285/2/?bust=1458055586&width=100', 'medium': 'https://dl5zpyw5k3jeb.cloudfront.net/photos/pets/26785285/2/?bust=1458055586&width=300', 'large': 'https://dl5zpyw5k3jeb.cloudfront.net/photos/pets/26785285/2/?bust=1458055586&width=600', 'full': 'https://dl5zpyw5k3jeb.cloudfront.net/photos/pets/26785285/2/?bust=1458055586'}, {'small': 'https://dl5zpyw5k3jeb.cloudfront.net/photos/pets/26785285/3/?bust=1458055586&width=100', 'medium': 'https://dl5zpyw5k3jeb.cloudfront.net/photos/pets/26785285/3/?bust=1458055586&width=300', 'large': 'https://dl5zpyw5k3jeb.cloudfront.net/photos/pets/26785285/3/?bust=1458055586&width=600', 'full': 'https://dl5zpyw5k3jeb.cloudfront.net/photos/pets/26785285/3/?bust=1458055586'}]","['https://dl5zpyw5k3jeb.cloudfront.net/photos/pets/26785285/1/?bust=1458055586&width=300', 'https://dl5zpyw5k3jeb.cloudfront.net/photos/pets/26785285/2/?bust=1458055586&width=300', 'https://dl5zpyw5k3jeb.cloudfront.net/photos/pets/26785285/3/?bust=1458055586&width=300']"
48103,26782921,https://www.petfinder.com/cat/lili-id-27016-26782921/ms/nesbit/desoto-county-animal-shelter-ms51/?referrer_id=3830981a-ad4c-4f85-872c-ca9edc50a67e,Cat,Adult,Female,Medium,,Persian,"[{'small': 'https://dl5zpyw5k3jeb.cloudfront.net/photos/pets/26782921/1/?bust=1374746023&width=100', 'medium': 'https://dl5zpyw5k3jeb.cloudfront.net/photos/pets/26782921/1/?bust=1374746023&width=300', 'large': 'https://dl5zpyw5k3jeb.cloudfront.net/photos/pets/26782921/1/?bust=1374746023&width=600', 'full': 'https://dl5zpyw5k3jeb.cloudfront.net/photos/pets/26782921/1/?bust=1374746023'}, {'small': 'https://dl5zpyw5k3jeb.cloudfront.net/photos/pets/26782921/2/?bust=1374746026&width=100', 'medium': 'https://dl5zpyw5k3jeb.cloudfront.net/photos/pets/26782921/2/?bust=1374746026&width=300', 'large': 'https://dl5zpyw5k3jeb.cloudfront.net/photos/pets/26782921/2/?bust=1374746026&width=600', 'full': 'https://dl5zpyw5k3jeb.cloudfront.net/photos/pets/26782921/2/?bust=1374746026'}, {'small': 'https://dl5zpyw5k3jeb.cloudfront.net/photos/pets/26782921/3/?bust=1374746028&width=100', 'medium': 'https://dl5zpyw5k3jeb.cloudfront.net/photos/pets/26782921/3/?bust=1374746028&width=300', 'large': 'https://dl5zpyw5k3jeb.cloudfront.net/photos/pets/26782921/3/?bust=1374746028&width=600', 'full': 'https://dl5zpyw5k3jeb.cloudfront.net/photos/pets/26782921/3/?bust=1374746028'}]","['https://dl5zpyw5k3jeb.cloudfront.net/photos/pets/26782921/1/?bust=1374746023&width=300', 'https://dl5zpyw5k3jeb.cloudfront.net/photos/pets/26782921/2/?bust=1374746026&width=300', 'https://dl5zpyw5k3jeb.cloudfront.net/photos/pets/26782921/3/?bust=1374746028&width=300']"
48104,26782898,https://www.petfinder.com/cat/girlie-id-27323-26782898/ms/nesbit/desoto-county-animal-shelter-ms51/?referrer_id=3830981a-ad4c-4f85-872c-ca9edc50a67e,Cat,Adult,Female,Large,,Persian,"[{'small': 'https://dl5zpyw5k3jeb.cloudfront.net/photos/pets/26782898/1/?bust=1374745601&width=100', 'medium': 'https://dl5zpyw5k3jeb.cloudfront.net/photos/pets/26782898/1/?bust=1374745601&width=300', 'large': 'https://dl5zpyw5k3jeb.cloudfront.net/photos/pets/26782898/1/?bust=1374745601&width=600', 'full': 'https://dl5zpyw5k3jeb.cloudfront.net/photos/pets/26782898/1/?bust=1374745601'}, {'small': 'https://dl5zpyw5k3jeb.cloudfront.net/photos/pets/26782898/2/?bust=1374745604&width=100', 'medium': 'https://dl5zpyw5k3jeb.cloudfront.net/photos/pets/26782898/2/?bust=1374745604&width=300', 'large': 'https://dl5zpyw5k3jeb.cloudfront.net/photos/pets/26782898/2/?bust=1374745604&width=600', 'full': 'https://dl5zpyw5k3jeb.cloudfront.net/photos/pets/26782898/2/?bust=1374745604'}, {'small': 'https://dl5zpyw5k3jeb.cloudfront.net/photos/pets/26782898/3/?bust=1374745607&width=100', 'medium': 'https://dl5zpyw5k3jeb.cloudfront.net/photos/pets/26782898/3/?bust=1374745607&width=300', 'large': 'https://dl5zpyw5k3jeb.cloudfront.net/photos/pets/26782898/3/?bust=1374745607&width=600', 'full': 'https://dl5zpyw5k3jeb.cloudfront.net/photos/pets/26782898/3/?bust=1374745607'}]","['https://dl5zpyw5k3jeb.cloudfront.net/photos/pets/26782898/1/?bust=1374745601&width=300', 'https://dl5zpyw5k3jeb.cloudfront.net/photos/pets/26782898/2/?bust=1374745604&width=300', 'https://dl5zpyw5k3jeb.cloudfront.net/photos/pets/26782898/3/?bust=1374745607&width=300']"
48105,26779587,https://www.petfinder.com/cat/scrumpy-26779587/co/denver/animal-rescue-of-the-rockies-co202/?referrer_id=3830981a-ad4c-4f85-872c-ca9edc50a67e,Cat,Senior,Female,Small,Long,Persian,"[{'small': 'https://dl5zpyw5k3jeb.cloudfront.net/photos/pets/26779587/1/?bust=1374703137&width=100', 'medium': 'https://dl5zpyw5k3jeb.cloudfront.net/photos/pets/26779587/1/?bust=1374703137&width=300', 'large': 'https://dl5zpyw5k3jeb.cloudfront.net/photos/pets/26779587/1/?bust=1374703137&width=600', 'full': 'https://dl5zpyw5k3jeb.cloudfront.net/photos/pets/26779587/1/?bust=1374703137'}, {'small': 'https://dl5zpyw5k3jeb.cloudfront.net/photos/pets/26779587/2/?bust=1374703138&width=100', 'medium': 'https://dl5zpyw5k3jeb.cloudfront.net/photos/pets/26779587/2/?bust=1374703138&width=300', 'large': 'https://dl5zpyw5k3jeb.cloudfront.net/photos/pets/26779587/2/?bust=1374703138&width=600', 'full': 'https://dl5zpyw5k3jeb.cloudfront.net/photos/pets/26779587/2/?bust=1374703138'}]","['https://dl5zpyw5k3jeb.cloudfront.net/photos/pets/26779587/1/?bust=1374703137&width=300', 'https://dl5zpyw5k3jeb.cloudfront.net/photos/pets/26779587/2/?bust=1374703138&width=300']"
48106,26775595,https://www.petfinder.com/cat/tokyo-26775595/ny/new-york/zanis-furry-friends-zff-inc-ny606/?referrer_id=3830981a-ad4c-4f85-872c-ca9edc50a67e,Cat,Adult,Female,Medium,Long,Persian,"[{'small': 'https://dl5zpyw5k3jeb.cloudfront.net/photos/pets/26775595/2/?bust=1376358739&width=100', 'medium': 'https://dl5zpyw5k3jeb.cloudfront.net/photos/pets/26775595/2/?bust=1376358739&width=300', 'large': 'https://dl5zpyw5k3jeb.cloudfront.net/photos/pets/26775595/2/?bust=1376358739&width=600', 'full': 'https://dl5zpyw5k3jeb.cloudfront.net/photos/pets/26775595/2/?bust=1376358739'}, {'small': 'https://dl5zpyw5k3jeb.cloudfront.net/photos/pets/26775595/1/?bust=1374683669&width=100', 'medium': 'https://dl5zpyw5k3jeb.cloudfront.net/photos/pets/26775595/1/?bust=1374683669&width=300', 'large': 'https://dl5zpyw5k3jeb.cloudfront.net/photos/pets/26775595/1/?bust=1374683669&width=600', 'full': 'https://dl5zpyw5k3jeb.cloudfront.net/photos/pets/26775595/1/?bust=1374683669'}, {'small': 'https://dl5zpyw5k3jeb.cloudfront.net/photos/pets/26775595/3/?bust=1376358740&width=100', 'medium': 'https://dl5zpyw5k3jeb.cloudfront.net/photos/pets/26775595/3/?bust=1376358740&width=300', 'large': 'https://dl5zpyw5k3jeb.cloudfront.net/photos/pets/26775595/3/?bust=1376358740&width=600', 'full': 'https://dl5zpyw5k3jeb.cloudfront.net/photos/pets/26775595/3/?bust=1376358740'}]","['https://dl5zpyw5k3jeb.cloudfront.net/photos/pets/26775595/2/?bust=1376358739&width=300', 'https://dl5zpyw5k3jeb.cloudfront.net/photos/pets/26775595/1/?bust=1374683669&width=300', 'https://dl5zpyw5k3jeb.cloudfront.net/photos/pets/26775595/3/?bust=1376358740&width=300']"
48107,26773074,https://www.petfinder.com/cat/1854-sheeba-26773074/wa/spokane-valley/spokane-county-regional-animal-protection-service-wa113/?referrer_id=3830981a-ad4c-4f85-872c-ca9edc50a67e,Cat,Adult,Female,Medium,Long,Persian,"[{'small': 'https://dl5zpyw5k3jeb.cloudfront.net/photos/pets/26773074/1/?bust=1374670624&width=100', 'medium': 'https://dl5zpyw5k3jeb.cloudfront.net/photos/pets/26773074/1/?bust=1374670624&width=300', 'large': 'https://dl5zpyw5k3jeb.cloudfront.net/photos/pets/26773074/1/?bust=1374670624&width=600', 'full': 'https://dl5zpyw5k3jeb.cloudfront.net/photos/pets/26773074/1/?bust=1374670624'}]",['https://dl5zpyw5k3jeb.cloudfront.net/photos/pets/26773074/1/?bust=1374670624&width=300']
48108,26771755,https://www.petfinder.com/cat/otto-26771755/mi/laingsburg/forever-feline-friends-mi655/?referrer_id=3830981a-ad4c-4f85-872c-ca9edc50a67e,Cat,Adult,Male,Large,Long,Persian,"[{'small': 'https://dl5zpyw5k3jeb.cloudfront.net/photos/pets/26771755/1/?bust=1376338193&width=100', 'medium': 'https://dl5zpyw5k3jeb.cloudfront.net/photos/pets/26771755/1/?bust=1376338193&width=300', 'large': 'https://dl5zpyw5k3jeb.cloudfront.net/photos/pets/26771755/1/?bust=1376338193&width=600', 'full': 'https://dl5zpyw5k3jeb.cloudfront.net/photos/pets/26771755/1/?bust=1376338193'}, {'small': 'https://dl5zpyw5k3jeb.cloudfront.net/photos/pets/26771755/2/?bust=1376338195&width=100', 'medium': 'https://dl5zpyw5k3jeb.cloudfront.net/photos/pets/26771755/2/?bust=1376338195&width=300', 'large': 'https://dl5zpyw5k3jeb.cloudfront.net/photos/pets/26771755/2/?bust=1376338195&width=600', 'full': 'https://dl5zpyw5k3jeb.cloudfront.net/photos/pets/26771755/2/?bust=1376338195'}]","['https://dl5zpyw5k3jeb.cloudfront.net/photos/pets/26771755/1/?bust=1376338193&width=300', 'https://dl5zpyw5k3jeb.cloudfront.net/photos/pets/26771755/2/?bust=1376338195&width=300']"
48109,26753871,https://www.petfinder.com/cat/princess-declawed-26753871/ca/beverly-hills/helping-persian-cats-ca827/?referrer_id=3830981a-ad4c-4f85-872c-ca9edc50a67e,Cat,Adult,Female,Large,Long,Persian,"[{'small': 'https://dl5zpyw5k3jeb.cloudfront.net/photos/pets/26753871/1/?bust=1432242274&width=100', 'medium': 'https://dl5zpyw5k3jeb.cloudfront.net/photos/pets/26753871/1/?bust=1432242274&width=300', 'large': 'https://dl5zpyw5k3jeb.cloudfront.net/photos/pets/26753871/1/?bust=1432242274&width=600', 'full': 'https://dl5zpyw5k3jeb.cloudfront.net/photos/pets/26753871/1/?bust=1432242274'}, {'small': 'https://dl5zpyw5k3jeb.cloudfront.net/photos/pets/26753871/2/?bust=1432242274&width=100', 'medium': 'https://dl5zpyw5k3jeb.cloudfront.net/photos/pets/26753871/2/?bust=1432242274&width=300', 'large': 'https://dl5zpyw5k3jeb.cloudfront.net/photos/pets/26753871/2/?bust=1432242274&width=600', 'full': 'https://dl5zpyw5k3jeb.cloudfront.net/photos/pets/26753871/2/?bust=1432242274'}]","['https://dl5zpyw5k3jeb.cloudfront.net/photos/pets/26753871/1/?bust=1432242274&width=300', 'https://dl5zpyw5k3jeb.cloudfront.net/photos/pets/26753871/2/?bust=1432242274&width=300']"
48110,26753543,https://www.petfinder.com/cat/snowball-26753543/mn/sauk-rapids/luckys-place-mn294/?referrer_id=3830981a-ad4c-4f85-872c-ca9edc50a67e,Cat,Adult,Male,Large,,Persian,"[{'small': 'https://dl5zpyw5k3jeb.cloudfront.net/photos/pets/26753543/1/?bust=1374512109&width=100', 'medium': 'https://dl5zpyw5k3jeb.cloudfront.net/photos/pets/26753543/1/?bust=1374512109&width=300', 'large': 'https://dl5zpyw5k3jeb.cloudfront.net/photos/pets/26753543/1/?bust=1374512109&width=600', 'full': 'https://dl5zpyw5k3jeb.cloudfront.net/photos/pets/26753543/1/?bust=1374512109'}, {'small': 'https://dl5zpyw5k3jeb.cloudfront.net/photos/pets/26753543/2/?bust=1374512111&width=100', 'medium': 'https://dl5zpyw5k3jeb.cloudfront.net/photos/pets/26753543/2/?bust=1374512111&width=300', 'large': 'https://dl5zpyw5k3jeb.cloudfront.net/photos/pets/26753543/2/?bust=1374512111&width=600', 'full': 'https://dl5zpyw5k3jeb.cloudfront.net/photos/pets/26753543/2/?bust=1374512111'}]","['https://dl5zpyw5k3jeb.cloudfront.net/photos/pets/26753543/1/?bust=1374512109&width=300', 'https://dl5zpyw5k3jeb.cloudfront.net/photos/pets/26753543/2/?bust=1374512111&width=300']"
48111,26749134,https://www.petfinder.com/cat/magpie-and-manhattan-26749134/mn/bloomington/minnkota-persian-rescue-mn109/?referrer_id=3830981a-ad4c-4f85-872c-ca9edc50a67e,Cat,Young,Female,Small,Long,Persian,"[{'small': 'https://dl5zpyw5k3jeb.cloudfront.net/photos/pets/26749134/1/?bust=1378287521&width=100', 'medium': 'https://dl5zpyw5k3jeb.cloudfront.net/photos/pets/26749134/1/?bust=1378287521&width=300', 'large': 'https://dl5zpyw5k3jeb.cloudfront.net/photos/pets/26749134/1/?bust=1378287521&width=600', 'full': 'https://dl5zpyw5k3jeb.cloudfront.net/photos/pets/26749134/1/?bust=1378287521'}]",['https://dl5zpyw5k3jeb.cloudfront.net/photos/pets/26749134/1/?bust=1378287521&width=300']
48112,26741801,https://www.petfinder.com/cat/marco-affectionate-4-paw-declaw-26741801/mi/macomb/cat-tail-kitties-rescue-mi782/?referrer_id=3830981a-ad4c-4f85-872c-ca9edc50a67e,Cat,Adult,Male,Medium,Long,Persian,"[{'small': 'https://dl5zpyw5k3jeb.cloudfront.net/photos/pets/26741801/1/?bust=1374363511&width=100', 'medium': 'https://dl5zpyw5k3jeb.cloudfront.net/photos/pets/26741801/1/?bust=1374363511&width=300', 'large': 'https://dl5zpyw5k3jeb.cloudfront.net/photos/pets/26741801/1/?bust=1374363511&width=600', 'full': 'https://dl5zpyw5k3jeb.cloudfront.net/photos/pets/26741801/1/?bust=1374363511'}]",['https://dl5zpyw5k3jeb.cloudfront.net/photos/pets/26741801/1/?bust=1374363511&width=300']
48113,26721235,https://www.petfinder.com/cat/dorri-26721235/ok/tulsa/animal-rescue-foundation-ok61/?referrer_id=3830981a-ad4c-4f85-872c-ca9edc50a67e,Cat,Adult,Male,Small,Long,Persian,"[{'small': 'https://dl5zpyw5k3jeb.cloudfront.net/photos/pets/26721235/2/?bust=1377131176&width=100', 'medium': 'https://dl5zpyw5k3jeb.cloudfront.net/photos/pets/26721235/2/?bust=1377131176&width=300', 'large': 'https://dl5zpyw5k3jeb.cloudfront.net/photos/pets/26721235/2/?bust=1377131176&width=600', 'full': 'https://dl5zpyw5k3jeb.cloudfront.net/photos/pets/26721235/2/?bust=1377131176'}, {'small': 'https://dl5zpyw5k3jeb.cloudfront.net/photos/pets/26721235/1/?bust=1374182902&width=100', 'medium': 'https://dl5zpyw5k3jeb.cloudfront.net/photos/pets/26721235/1/?bust=1374182902&width=300', 'large': 'https://dl5zpyw5k3jeb.cloudfront.net/photos/pets/26721235/1/?bust=1374182902&width=600', 'full': 'https://dl5zpyw5k3jeb.cloudfront.net/photos/pets/26721235/1/?bust=1374182902'}, {'small': 'https://dl5zpyw5k3jeb.cloudfront.net/photos/pets/26721235/3/?bust=1377131179&width=100', 'medium': 'https://dl5zpyw5k3jeb.cloudfront.net/photos/pets/26721235/3/?bust=1377131179&width=300', 'large': 'https://dl5zpyw5k3jeb.cloudfront.net/photos/pets/26721235/3/?bust=1377131179&width=600', 'full': 'https://dl5zpyw5k3jeb.cloudfront.net/photos/pets/26721235/3/?bust=1377131179'}]","['https://dl5zpyw5k3jeb.cloudfront.net/photos/pets/26721235/2/?bust=1377131176&width=300', 'https://dl5zpyw5k3jeb.cloudfront.net/photos/pets/26721235/1/?bust=1374182902&width=300', 'https://dl5zpyw5k3jeb.cloudfront.net/photos/pets/26721235/3/?bust=1377131179&width=300']"
48114,26701426,https://www.petfinder.com/cat/mcduff-and-mckenzie-26701426/ma/norwood/neponset-valley-humane-society-ma104/?referrer_id=3830981a-ad4c-4f85-872c-ca9edc50a67e,Cat,Senior,Male,Medium,,Persian,"[{'small': 'https://dl5zpyw5k3jeb.cloudfront.net/photos/pets/26701426/1/?bust=1374676337&width=100', 'medium': 'https://dl5zpyw5k3jeb.cloudfront.net/photos/pets/26701426/1/?bust=1374676337&width=300', 'large': 'https://dl5zpyw5k3jeb.cloudfront.net/photos/pets/26701426/1/?bust=1374676337&width=600', 'full': 'https://dl5zpyw5k3jeb.cloudfront.net/photos/pets/26701426/1/?bust=1374676337'}, {'small': 'https://dl5zpyw5k3jeb.cloudfront.net/photos/pets/26701426/2/?bust=1374676338&width=100', 'medium': 'https://dl5zpyw5k3jeb.cloudfront.net/photos/pets/26701426/2/?bust=1374676338&width=300', 'large': 'https://dl5zpyw5k3jeb.cloudfront.net/photos/pets/26701426/2/?bust=1374676338&width=600', 'full': 'https://dl5zpyw5k3jeb.cloudfront.net/photos/pets/26701426/2/?bust=1374676338'}, {'small': 'https://dl5zpyw5k3jeb.cloudfront.net/photos/pets/26701426/3/?bust=1374676339&width=100', 'medium': 'https://dl5zpyw5k3jeb.cloudfront.net/photos/pets/26701426/3/?bust=1374676339&width=300', 'large': 'https://dl5zpyw5k3jeb.cloudfront.net/photos/pets/26701426/3/?bust=1374676339&width=600', 'full': 'https://dl5zpyw5k3jeb.cloudfront.net/photos/pets/26701426/3/?bust=1374676339'}]","['https://dl5zpyw5k3jeb.cloudfront.net/photos/pets/26701426/1/?bust=1374676337&width=300', 'https://dl5zpyw5k3jeb.cloudfront.net/photos/pets/26701426/2/?bust=1374676338&width=300', 'https://dl5zpyw5k3jeb.cloudfront.net/photos/pets/26701426/3/?bust=1374676339&width=300']"
48115,26700717,https://www.petfinder.com/cat/sloane-and-lexi-26700717/wa/vancouver/must-love-dogs-nw-wa389/?referrer_id=3830981a-ad4c-4f85-872c-ca9edc50a67e,Cat,Baby,Male,Medium,Medium,Persian,"[{'small': 'https://dl5zpyw5k3jeb.cloudfront.net/photos/pets/26700717/1/?bust=1374023723&width=100', 'medium': 'https://dl5zpyw5k3jeb.cloudfront.net/photos/pets/26700717/1/?bust=1374023723&width=300', 'large': 'https://dl5zpyw5k3jeb.cloudfront.net/photos/pets/26700717/1/?bust=1374023723&width=600', 'full': 'https://dl5zpyw5k3jeb.cloudfront.net/photos/pets/26700717/1/?bust=1374023723'}, {'small': 'https://dl5zpyw5k3jeb.cloudfront.net/photos/pets/26700717/2/?bust=1374023731&width=100', 'medium': 'https://dl5zpyw5k3jeb.cloudfront.net/photos/pets/26700717/2/?bust=1374023731&width=300', 'large': 'https://dl5zpyw5k3jeb.cloudfront.net/photos/pets/26700717/2/?bust=1374023731&width=600', 'full': 'https://dl5zpyw5k3jeb.cloudfront.net/photos/pets/26700717/2/?bust=1374023731'}]","['https://dl5zpyw5k3jeb.cloudfront.net/photos/pets/26700717/1/?bust=1374023723&width=300', 'https://dl5zpyw5k3jeb.cloudfront.net/photos/pets/26700717/2/?bust=1374023731&width=300']"
48116,26688784,https://www.petfinder.com/cat/a19190543-cotton-26688784/qc/montreal/spca-montreal-qc06/?referrer_id=3830981a-ad4c-4f85-872c-ca9edc50a67e,Cat,Adult,Male,Medium,Medium,Persian,"[{'small': 'https://dl5zpyw5k3jeb.cloudfront.net/photos/pets/26688784/1/?bust=1373925772&width=100', 'medium': 'https://dl5zpyw5k3jeb.cloudfront.net/photos/pets/26688784/1/?bust=1373925772&width=300', 'large': 'https://dl5zpyw5k3jeb.cloudfront.net/photos/pets/26688784/1/?bust=1373925772&width=600', 'full': 'https://dl5zpyw5k3jeb.cloudfront.net/photos/pets/26688784/1/?bust=1373925772'}, {'small': 'https://dl5zpyw5k3jeb.cloudfront.net/photos/pets/26688784/2/?bust=1373925775&width=100', 'medium': 'https://dl5zpyw5k3jeb.cloudfront.net/photos/pets/26688784/2/?bust=1373925775&width=300', 'large': 'https://dl5zpyw5k3jeb.cloudfront.net/photos/pets/26688784/2/?bust=1373925775&width=600', 'full': 'https://dl5zpyw5k3jeb.cloudfront.net/photos/pets/26688784/2/?bust=1373925775'}, {'small': 'https://dl5zpyw5k3jeb.cloudfront.net/photos/pets/26688784/3/?bust=1373925776&width=100', 'medium': 'https://dl5zpyw5k3jeb.cloudfront.net/photos/pets/26688784/3/?bust=1373925776&width=300', 'large': 'https://dl5zpyw5k3jeb.cloudfront.net/photos/pets/26688784/3/?bust=1373925776&width=600', 'full': 'https://dl5zpyw5k3jeb.cloudfront.net/photos/pets/26688784/3/?bust=1373925776'}]","['https://dl5zpyw5k3jeb.cloudfront.net/photos/pets/26688784/1/?bust=1373925772&width=300', 'https://dl5zpyw5k3jeb.cloudfront.net/photos/pets/26688784/2/?bust=1373925775&width=300', 'https://dl5zpyw5k3jeb.cloudfront.net/photos/pets/26688784/3/?bust=1373925776&width=300']"
48117,26685729,https://www.petfinder.com/cat/miracle-26685729/pa/pine-grove/ruth-steinert-memorial-spca-pa18/?referrer_id=3830981a-ad4c-4f85-872c-ca9edc50a67e,Cat,Adult,Female,Medium,Long,Persian,"[{'small': 'https://dl5zpyw5k3jeb.cloudfront.net/photos/pets/26685729/1/?bust=1452677876&width=100', 'medium': 'https://dl5zpyw5k3jeb.cloudfront.net/photos/pets/26685729/1/?bust=1452677876&width=300', 'large': 'https://dl5zpyw5k3jeb.cloudfront.net/photos/pets/26685729/1/?bust=1452677876&width=600', 'full': 'https://dl5zpyw5k3jeb.cloudfront.net/photos/pets/26685729/1/?bust=1452677876'}]",['https://dl5zpyw5k3jeb.cloudfront.net/photos/pets/26685729/1/?bust=1452677876&width=300']
48118,26683120,https://www.petfinder.com/cat/william-and-harry-26683120/ma/quincy/quincy-animal-shelter-ma54/?referrer_id=3830981a-ad4c-4f85-872c-ca9edc50a67e,Cat,Young,Male,Small,Long,Persian,"[{'small': 'https://dl5zpyw5k3jeb.cloudfront.net/photos/pets/26683120/1/?bust=1373899977&width=100', 'medium': 'https://dl5zpyw5k3jeb.cloudfront.net/photos/pets/26683120/1/?bust=1373899977&width=300', 'large': 'https://dl5zpyw5k3jeb.cloudfront.net/photos/pets/26683120/1/?bust=1373899977&width=600', 'full': 'https://dl5zpyw5k3jeb.cloudfront.net/photos/pets/26683120/1/?bust=1373899977'}, {'small': 'https://dl5zpyw5k3jeb.cloudfront.net/photos/pets/26683120/2/?bust=1373899979&width=100', 'medium': 'https://dl5zpyw5k3jeb.cloudfront.net/photos/pets/26683120/2/?bust=1373899979&width=300', 'large': 'https://dl5zpyw5k3jeb.cloudfront.net/photos/pets/26683120/2/?bust=1373899979&width=600', 'full': 'https://dl5zpyw5k3jeb.cloudfront.net/photos/pets/26683120/2/?bust=1373899979'}]","['https://dl5zpyw5k3jeb.cloudfront.net/photos/pets/26683120/1/?bust=1373899977&width=300', 'https://dl5zpyw5k3jeb.cloudfront.net/photos/pets/26683120/2/?bust=1373899979&width=300']"
48119,26682708,https://www.petfinder.com/cat/mirage-26682708/il/schaumburg/staar-second-time-around-animal-rescue-il388/?referrer_id=3830981a-ad4c-4f85-872c-ca9edc50a67e,Cat,Adult,Female,Small,,Persian,"[{'small': 'https://dl5zpyw5k3jeb.cloudfront.net/photos/pets/26682708/1/?bust=1453836904&width=100', 'medium': 'https://dl5zpyw5k3jeb.cloudfront.net/photos/pets/26682708/1/?bust=1453836904&width=300', 'large': 'https://dl5zpyw5k3jeb.cloudfront.net/photos/pets/26682708/1/?bust=1453836904&width=600', 'full': 'https://dl5zpyw5k3jeb.cloudfront.net/photos/pets/26682708/1/?bust=1453836904'}, {'small': 'https://dl5zpyw5k3jeb.cloudfront.net/photos/pets/26682708/2/?bust=1453836904&width=100', 'medium': 'https://dl5zpyw5k3jeb.cloudfront.net/photos/pets/26682708/2/?bust=1453836904&width=300', 'large': 'https://dl5zpyw5k3jeb.cloudfront.net/photos/pets/26682708/2/?bust=1453836904&width=600', 'full': 'https://dl5zpyw5k3jeb.cloudfront.net/photos/pets/26682708/2/?bust=1453836904'}]","['https://dl5zpyw5k3jeb.cloudfront.net/photos/pets/26682708/1/?bust=1453836904&width=300', 'https://dl5zpyw5k3jeb.cloudfront.net/photos/pets/26682708/2/?bust=1453836904&width=300']"
48120,26677933,https://www.petfinder.com/cat/fannie-26677933/wi/manitowoc/lakeshore-humane-society-wi73/?referrer_id=3830981a-ad4c-4f85-872c-ca9edc50a67e,Cat,Senior,Female,Small,,Persian,"[{'small': 'https://dl5zpyw5k3jeb.cloudfront.net/photos/pets/26677933/1/?bust=1373833850&width=100', 'medium': 'https://dl5zpyw5k3jeb.cloudfront.net/photos/pets/26677933/1/?bust=1373833850&width=300', 'large': 'https://dl5zpyw5k3jeb.cloudfront.net/photos/pets/26677933/1/?bust=1373833850&width=600', 'full': 'https://dl5zpyw5k3jeb.cloudfront.net/photos/pets/26677933/1/?bust=1373833850'}, {'small': 'https://dl5zpyw5k3jeb.cloudfront.net/photos/pets/26677933/2/?bust=1373833851&width=100', 'medium': 'https://dl5zpyw5k3jeb.cloudfront.net/photos/pets/26677933/2/?bust=1373833851&width=300', 'large': 'https://dl5zpyw5k3jeb.cloudfront.net/photos/pets/26677933/2/?bust=1373833851&width=600', 'full': 'https://dl5zpyw5k3jeb.cloudfront.net/photos/pets/26677933/2/?bust=1373833851'}]","['https://dl5zpyw5k3jeb.cloudfront.net/photos/pets/26677933/1/?bust=1373833850&width=300', 'https://dl5zpyw5k3jeb.cloudfront.net/photos/pets/26677933/2/?bust=1373833851&width=300']"
48121,26677707,https://www.petfinder.com/cat/fuzz-baby-26677707/ma/melrose/melrose-humane-society-ma393/?referrer_id=3830981a-ad4c-4f85-872c-ca9edc50a67e,Cat,Adult,Female,Medium,,Persian,"[{'small': 'https://dl5zpyw5k3jeb.cloudfront.net/photos/pets/26677707/1/?bust=1373831613&width=100', 'medium': 'https://dl5zpyw5k3jeb.cloudfront.net/photos/pets/26677707/1/?bust=1373831613&width=300', 'large': 'https://dl5zpyw5k3jeb.cloudfront.net/photos/pets/26677707/1/?bust=1373831613&width=600', 'full': 'https://dl5zpyw5k3jeb.cloudfront.net/photos/pets/26677707/1/?bust=1373831613'}, {'small': 'https://dl5zpyw5k3jeb.cloudfront.net/photos/pets/26677707/2/?bust=1373831614&width=100', 'medium': 'https://dl5zpyw5k3jeb.cloudfront.net/photos/pets/26677707/2/?bust=1373831614&width=300', 'large': 'https://dl5zpyw5k3jeb.cloudfront.net/photos/pets/26677707/2/?bust=1373831614&width=600', 'full': 'https://dl5zpyw5k3jeb.cloudfront.net/photos/pets/26677707/2/?bust=1373831614'}, {'small': 'https://dl5zpyw5k3jeb.cloudfront.net/photos/pets/26677707/3/?bust=1373831614&width=100', 'medium': 'https://dl5zpyw5k3jeb.cloudfront.net/photos/pets/26677707/3/?bust=1373831614&width=300', 'large': 'https://dl5zpyw5k3jeb.cloudfront.net/photos/pets/26677707/3/?bust=1373831614&width=600', 'full': 'https://dl5zpyw5k3jeb.cloudfront.net/photos/pets/26677707/3/?bust=1373831614'}]","['https://dl5zpyw5k3jeb.cloudfront.net/photos/pets/26677707/1/?bust=1373831613&width=300', 'https://dl5zpyw5k3jeb.cloudfront.net/photos/pets/26677707/2/?bust=1373831614&width=300', 'https://dl5zpyw5k3jeb.cloudfront.net/photos/pets/26677707/3/?bust=1373831614&width=300']"
48122,26675374,https://www.petfinder.com/cat/mr-giggles-26675374/ky/marion/crittenden-county-animal-shelter-ky344/?referrer_id=3830981a-ad4c-4f85-872c-ca9edc50a67e,Cat,Young,Male,Small,,Persian,"[{'small': 'https://dl5zpyw5k3jeb.cloudfront.net/photos/pets/26675374/1/?bust=1373811412&width=100', 'medium': 'https://dl5zpyw5k3jeb.cloudfront.net/photos/pets/26675374/1/?bust=1373811412&width=300', 'large': 'https://dl5zpyw5k3jeb.cloudfront.net/photos/pets/26675374/1/?bust=1373811412&width=600', 'full': 'https://dl5zpyw5k3jeb.cloudfront.net/photos/pets/26675374/1/?bust=1373811412'}]",['https://dl5zpyw5k3jeb.cloudfront.net/photos/pets/26675374/1/?bust=1373811412&width=300']
48123,26675360,https://www.petfinder.com/cat/sophie-26675360/ky/marion/crittenden-county-animal-shelter-ky344/?referrer_id=3830981a-ad4c-4f85-872c-ca9edc50a67e,Cat,Young,Female,Small,,Persian,"[{'small': 'https://dl5zpyw5k3jeb.cloudfront.net/photos/pets/26675360/1/?bust=1373811269&width=100', 'medium': 'https://dl5zpyw5k3jeb.cloudfront.net/photos/pets/26675360/1/?bust=1373811269&width=300', 'large': 'https://dl5zpyw5k3jeb.cloudfront.net/photos/pets/26675360/1/?bust=1373811269&width=600', 'full': 'https://dl5zpyw5k3jeb.cloudfront.net/photos/pets/26675360/1/?bust=1373811269'}]",['https://dl5zpyw5k3jeb.cloudfront.net/photos/pets/26675360/1/?bust=1373811269&width=300']
48124,26672352,https://www.petfinder.com/cat/milo-26672352/mn/farmington/last-hope-inc-mn17/?referrer_id=3830981a-ad4c-4f85-872c-ca9edc50a67e,Cat,Adult,Male,Medium,Long,Persian,"[{'small': 'https://dl5zpyw5k3jeb.cloudfront.net/photos/pets/26672352/1/?bust=1373756511&width=100', 'medium': 'https://dl5zpyw5k3jeb.cloudfront.net/photos/pets/26672352/1/?bust=1373756511&width=300', 'large': 'https://dl5zpyw5k3jeb.cloudfront.net/photos/pets/26672352/1/?bust=1373756511&width=600', 'full': 'https://dl5zpyw5k3jeb.cloudfront.net/photos/pets/26672352/1/?bust=1373756511'}]",['https://dl5zpyw5k3jeb.cloudfront.net/photos/pets/26672352/1/?bust=1373756511&width=300']
48125,26656158,https://www.petfinder.com/cat/matilda-26656158/co/steamboat-springs/routt-county-humane-society-co101/?referrer_id=3830981a-ad4c-4f85-872c-ca9edc50a67e,Cat,Adult,Female,Large,Long,Persian,"[{'small': 'https://dl5zpyw5k3jeb.cloudfront.net/photos/pets/26656158/1/?bust=1373629683&width=100', 'medium': 'https://dl5zpyw5k3jeb.cloudfront.net/photos/pets/26656158/1/?bust=1373629683&width=300', 'large': 'https://dl5zpyw5k3jeb.cloudfront.net/photos/pets/26656158/1/?bust=1373629683&width=600', 'full': 'https://dl5zpyw5k3jeb.cloudfront.net/photos/pets/26656158/1/?bust=1373629683'}, {'small': 'https://dl5zpyw5k3jeb.cloudfront.net/photos/pets/26656158/2/?bust=1373629684&width=100', 'medium': 'https://dl5zpyw5k3jeb.cloudfront.net/photos/pets/26656158/2/?bust=1373629684&width=300', 'large': 'https://dl5zpyw5k3jeb.cloudfront.net/photos/pets/26656158/2/?bust=1373629684&width=600', 'full': 'https://dl5zpyw5k3jeb.cloudfront.net/photos/pets/26656158/2/?bust=1373629684'}, {'small': 'https://dl5zpyw5k3jeb.cloudfront.net/photos/pets/26656158/3/?bust=1373629684&width=100', 'medium': 'https://dl5zpyw5k3jeb.cloudfront.net/photos/pets/26656158/3/?bust=1373629684&width=300', 'large': 'https://dl5zpyw5k3jeb.cloudfront.net/photos/pets/26656158/3/?bust=1373629684&width=600', 'full': 'https://dl5zpyw5k3jeb.cloudfront.net/photos/pets/26656158/3/?bust=1373629684'}]","['https://dl5zpyw5k3jeb.cloudfront.net/photos/pets/26656158/1/?bust=1373629683&width=300', 'https://dl5zpyw5k3jeb.cloudfront.net/photos/pets/26656158/2/?bust=1373629684&width=300', 'https://dl5zpyw5k3jeb.cloudfront.net/photos/pets/26656158/3/?bust=1373629684&width=300']"
48126,26633989,https://www.petfinder.com/cat/louie-26633989/nj/westfield/homeless-animal-rescue-team-inc-nj384/?referrer_id=3830981a-ad4c-4f85-872c-ca9edc50a67e,Cat,Adult,Male,Medium,Long,Persian,"[{'small': 'https://dl5zpyw5k3jeb.cloudfront.net/photos/pets/26633989/1/?bust=1373798779&width=100', 'medium': 'https://dl5zpyw5k3jeb.cloudfront.net/photos/pets/26633989/1/?bust=1373798779&width=300', 'large': 'https://dl5zpyw5k3jeb.cloudfront.net/photos/pets/26633989/1/?bust=1373798779&width=600', 'full': 'https://dl5zpyw5k3jeb.cloudfront.net/photos/pets/26633989/1/?bust=1373798779'}]",['https://dl5zpyw5k3jeb.cloudfront.net/photos/pets/26633989/1/?bust=1373798779&width=300']
48127,26629283,https://www.petfinder.com/cat/biggles-26629283/mo/linn-creek/blue-moon-sanctuary-mo51/?referrer_id=3830981a-ad4c-4f85-872c-ca9edc50a67e,Cat,Adult,Male,Medium,Long,Persian,"[{'small': 'https://dl5zpyw5k3jeb.cloudfront.net/photos/pets/26629283/3/?bust=1492486398&width=100', 'medium': 'https://dl5zpyw5k3jeb.cloudfront.net/photos/pets/26629283/3/?bust=1492486398&width=300', 'large': 'https://dl5zpyw5k3jeb.cloudfront.net/photos/pets/26629283/3/?bust=1492486398&width=600', 'full': 'https://dl5zpyw5k3jeb.cloudfront.net/photos/pets/26629283/3/?bust=1492486398'}, {'small': 'https://dl5zpyw5k3jeb.cloudfront.net/photos/pets/26629283/1/?bust=1492486398&width=100', 'medium': 'https://dl5zpyw5k3jeb.cloudfront.net/photos/pets/26629283/1/?bust=1492486398&width=300', 'large': 'https://dl5zpyw5k3jeb.cloudfront.net/photos/pets/26629283/1/?bust=1492486398&width=600', 'full': 'https://dl5zpyw5k3jeb.cloudfront.net/photos/pets/26629283/1/?bust=1492486398'}, {'small': 'https://dl5zpyw5k3jeb.cloudfront.net/photos/pets/26629283/2/?bust=1492486398&width=100', 'medium': 'https://dl5zpyw5k3jeb.cloudfront.net/photos/pets/26629283/2/?bust=1492486398&width=300', 'large': 'https://dl5zpyw5k3jeb.cloudfront.net/photos/pets/26629283/2/?bust=1492486398&width=600', 'full': 'https://dl5zpyw5k3jeb.cloudfront.net/photos/pets/26629283/2/?bust=1492486398'}]","['https://dl5zpyw5k3jeb.cloudfront.net/photos/pets/26629283/3/?bust=1492486398&width=300', 'https://dl5zpyw5k3jeb.cloudfront.net/photos/pets/26629283/1/?bust=1492486398&width=300', 'https://dl5zpyw5k3jeb.cloudfront.net/photos/pets/26629283/2/?bust=1492486398&width=300']"
48128,26626536,https://www.petfinder.com/cat/kai-26626536/co/buena-vista/ark-valley-humane-society-co34/?referrer_id=3830981a-ad4c-4f85-872c-ca9edc50a67e,Cat,Adult,Male,Medium,,Persian,"[{'small': 'https://dl5zpyw5k3jeb.cloudfront.net/photos/pets/26626536/1/?bust=1373389714&width=100', 'medium': 'https://dl5zpyw5k3jeb.cloudfront.net/photos/pets/26626536/1/?bust=1373389714&width=300', 'large': 'https://dl5zpyw5k3jeb.cloudfront.net/photos/pets/26626536/1/?bust=1373389714&width=600', 'full': 'https://dl5zpyw5k3jeb.cloudfront.net/photos/pets/26626536/1/?bust=1373389714'}]",['https://dl5zpyw5k3jeb.cloudfront.net/photos/pets/26626536/1/?bust=1373389714&width=300']
48129,26625656,https://www.petfinder.com/cat/cocoa-26625656/ks/ottawa/prairie-paws-animal-shelter-ks67/?referrer_id=3830981a-ad4c-4f85-872c-ca9edc50a67e,Cat,Adult,Female,Medium,,Persian,"[{'small': 'https://dl5zpyw5k3jeb.cloudfront.net/photos/pets/26625656/1/?bust=1373385811&width=100', 'medium': 'https://dl5zpyw5k3jeb.cloudfront.net/photos/pets/26625656/1/?bust=1373385811&width=300', 'large': 'https://dl5zpyw5k3jeb.cloudfront.net/photos/pets/26625656/1/?bust=1373385811&width=600', 'full': 'https://dl5zpyw5k3jeb.cloudfront.net/photos/pets/26625656/1/?bust=1373385811'}]",['https://dl5zpyw5k3jeb.cloudfront.net/photos/pets/26625656/1/?bust=1373385811&width=300']
48130,26614732,https://www.petfinder.com/cat/mimi-26614732/ca/san-francisco/persian-and-himalayan-cat-rescue-ca1063/?referrer_id=3830981a-ad4c-4f85-872c-ca9edc50a67e,Cat,Young,Female,Small,Long,Persian,"[{'small': 'https://dl5zpyw5k3jeb.cloudfront.net/photos/pets/26614732/1/?bust=1373293310&width=100', 'medium': 'https://dl5zpyw5k3jeb.cloudfront.net/photos/pets/26614732/1/?bust=1373293310&width=300', 'large': 'https://dl5zpyw5k3jeb.cloudfront.net/photos/pets/26614732/1/?bust=1373293310&width=600', 'full': 'https://dl5zpyw5k3jeb.cloudfront.net/photos/pets/26614732/1/?bust=1373293310'}, {'small': 'https://dl5zpyw5k3jeb.cloudfront.net/photos/pets/26614732/2/?bust=1373293311&width=100', 'medium': 'https://dl5zpyw5k3jeb.cloudfront.net/photos/pets/26614732/2/?bust=1373293311&width=300', 'large': 'https://dl5zpyw5k3jeb.cloudfront.net/photos/pets/26614732/2/?bust=1373293311&width=600', 'full': 'https://dl5zpyw5k3jeb.cloudfront.net/photos/pets/26614732/2/?bust=1373293311'}, {'small': 'https://dl5zpyw5k3jeb.cloudfront.net/photos/pets/26614732/3/?bust=1373293311&width=100', 'medium': 'https://dl5zpyw5k3jeb.cloudfront.net/photos/pets/26614732/3/?bust=1373293311&width=300', 'large': 'https://dl5zpyw5k3jeb.cloudfront.net/photos/pets/26614732/3/?bust=1373293311&width=600', 'full': 'https://dl5zpyw5k3jeb.cloudfront.net/photos/pets/26614732/3/?bust=1373293311'}]","['https://dl5zpyw5k3jeb.cloudfront.net/photos/pets/26614732/1/?bust=1373293310&width=300', 'https://dl5zpyw5k3jeb.cloudfront.net/photos/pets/26614732/2/?bust=1373293311&width=300', 'https://dl5zpyw5k3jeb.cloudfront.net/photos/pets/26614732/3/?bust=1373293311&width=300']"
48131,26609981,https://www.petfinder.com/cat/mattie-26609981/md/ellicott-city/small-miracles-cat-and-dog-rescue-md257/?referrer_id=3830981a-ad4c-4f85-872c-ca9edc50a67e,Cat,Adult,Female,Medium,Long,Persian,"[{'small': 'https://dl5zpyw5k3jeb.cloudfront.net/photos/pets/26609981/3/?bust=1373707270&width=100', 'medium': 'https://dl5zpyw5k3jeb.cloudfront.net/photos/pets/26609981/3/?bust=1373707270&width=300', 'large': 'https://dl5zpyw5k3jeb.cloudfront.net/photos/pets/26609981/3/?bust=1373707270&width=600', 'full': 'https://dl5zpyw5k3jeb.cloudfront.net/photos/pets/26609981/3/?bust=1373707270'}, {'small': 'https://dl5zpyw5k3jeb.cloudfront.net/photos/pets/26609981/1/?bust=1373236554&width=100', 'medium': 'https://dl5zpyw5k3jeb.cloudfront.net/photos/pets/26609981/1/?bust=1373236554&width=300', 'large': 'https://dl5zpyw5k3jeb.cloudfront.net/photos/pets/26609981/1/?bust=1373236554&width=600', 'full': 'https://dl5zpyw5k3jeb.cloudfront.net/photos/pets/26609981/1/?bust=1373236554'}, {'small': 'https://dl5zpyw5k3jeb.cloudfront.net/photos/pets/26609981/2/?bust=1373236559&width=100', 'medium': 'https://dl5zpyw5k3jeb.cloudfront.net/photos/pets/26609981/2/?bust=1373236559&width=300', 'large': 'https://dl5zpyw5k3jeb.cloudfront.net/photos/pets/26609981/2/?bust=1373236559&width=600', 'full': 'https://dl5zpyw5k3jeb.cloudfront.net/photos/pets/26609981/2/?bust=1373236559'}]","['https://dl5zpyw5k3jeb.cloudfront.net/photos/pets/26609981/3/?bust=1373707270&width=300', 'https://dl5zpyw5k3jeb.cloudfront.net/photos/pets/26609981/1/?bust=1373236554&width=300', 'https://dl5zpyw5k3jeb.cloudfront.net/photos/pets/26609981/2/?bust=1373236559&width=300']"
48132,26606851,https://www.petfinder.com/cat/mimi-26606851/il/anna/pets-are-worth-saving-inc-paws-il09/?referrer_id=3830981a-ad4c-4f85-872c-ca9edc50a67e,Cat,Adult,Female,Medium,Long,Persian,"[{'small': 'https://dl5zpyw5k3jeb.cloudfront.net/photos/pets/26606851/1/?bust=1373210807&width=100', 'medium': 'https://dl5zpyw5k3jeb.cloudfront.net/photos/pets/26606851/1/?bust=1373210807&width=300', 'large': 'https://dl5zpyw5k3jeb.cloudfront.net/photos/pets/26606851/1/?bust=1373210807&width=600', 'full': 'https://dl5zpyw5k3jeb.cloudfront.net/photos/pets/26606851/1/?bust=1373210807'}, {'small': 'https://dl5zpyw5k3jeb.cloudfront.net/photos/pets/26606851/2/?bust=1373210808&width=100', 'medium': 'https://dl5zpyw5k3jeb.cloudfront.net/photos/pets/26606851/2/?bust=1373210808&width=300', 'large': 'https://dl5zpyw5k3jeb.cloudfront.net/photos/pets/26606851/2/?bust=1373210808&width=600', 'full': 'https://dl5zpyw5k3jeb.cloudfront.net/photos/pets/26606851/2/?bust=1373210808'}, {'small': 'https://dl5zpyw5k3jeb.cloudfront.net/photos/pets/26606851/3/?bust=1373210809&width=100', 'medium': 'https://dl5zpyw5k3jeb.cloudfront.net/photos/pets/26606851/3/?bust=1373210809&width=300', 'large': 'https://dl5zpyw5k3jeb.cloudfront.net/photos/pets/26606851/3/?bust=1373210809&width=600', 'full': 'https://dl5zpyw5k3jeb.cloudfront.net/photos/pets/26606851/3/?bust=1373210809'}]","['https://dl5zpyw5k3jeb.cloudfront.net/photos/pets/26606851/1/?bust=1373210807&width=300', 'https://dl5zpyw5k3jeb.cloudfront.net/photos/pets/26606851/2/?bust=1373210808&width=300', 'https://dl5zpyw5k3jeb.cloudfront.net/photos/pets/26606851/3/?bust=1373210809&width=300']"
48133,26604581,https://www.petfinder.com/cat/valentine-26604581/ca/beverly-hills/helping-persian-cats-ca827/?referrer_id=3830981a-ad4c-4f85-872c-ca9edc50a67e,Cat,Adult,Female,Medium,Long,Persian,"[{'small': 'https://dl5zpyw5k3jeb.cloudfront.net/photos/pets/26604581/1/?bust=1432242274&width=100', 'medium': 'https://dl5zpyw5k3jeb.cloudfront.net/photos/pets/26604581/1/?bust=1432242274&width=300', 'large': 'https://dl5zpyw5k3jeb.cloudfront.net/photos/pets/26604581/1/?bust=1432242274&width=600', 'full': 'https://dl5zpyw5k3jeb.cloudfront.net/photos/pets/26604581/1/?bust=1432242274'}, {'small': 'https://dl5zpyw5k3jeb.cloudfront.net/photos/pets/26604581/2/?bust=1432242274&width=100', 'medium': 'https://dl5zpyw5k3jeb.cloudfront.net/photos/pets/26604581/2/?bust=1432242274&width=300', 'large': 'https://dl5zpyw5k3jeb.cloudfront.net/photos/pets/26604581/2/?bust=1432242274&width=600', 'full': 'https://dl5zpyw5k3jeb.cloudfront.net/photos/pets/26604581/2/?bust=1432242274'}, {'small': 'https://dl5zpyw5k3jeb.cloudfront.net/photos/pets/26604581/3/?bust=1432242274&width=100', 'medium': 'https://dl5zpyw5k3jeb.cloudfront.net/photos/pets/26604581/3/?bust=1432242274&width=300', 'large': 'https://dl5zpyw5k3jeb.cloudfront.net/photos/pets/26604581/3/?bust=1432242274&width=600', 'full': 'https://dl5zpyw5k3jeb.cloudfront.net/photos/pets/26604581/3/?bust=1432242274'}]","['https://dl5zpyw5k3jeb.cloudfront.net/photos/pets/26604581/1/?bust=1432242274&width=300', 'https://dl5zpyw5k3jeb.cloudfront.net/photos/pets/26604581/2/?bust=1432242274&width=300', 'https://dl5zpyw5k3jeb.cloudfront.net/photos/pets/26604581/3/?bust=1432242274&width=300']"
48134,26602309,https://www.petfinder.com/cat/penelope-26602309/tx/league-city/second-chance-pets-tx258/?referrer_id=3830981a-ad4c-4f85-872c-ca9edc50a67e,Cat,Adult,Female,Small,,Persian,"[{'small': 'https://dl5zpyw5k3jeb.cloudfront.net/photos/pets/26602309/1/?bust=1373142472&width=100', 'medium': 'https://dl5zpyw5k3jeb.cloudfront.net/photos/pets/26602309/1/?bust=1373142472&width=300', 'large': 'https://dl5zpyw5k3jeb.cloudfront.net/photos/pets/26602309/1/?bust=1373142472&width=600', 'full': 'https://dl5zpyw5k3jeb.cloudfront.net/photos/pets/26602309/1/?bust=1373142472'}, {'small': 'https://dl5zpyw5k3jeb.cloudfront.net/photos/pets/26602309/2/?bust=1373142473&width=100', 'medium': 'https://dl5zpyw5k3jeb.cloudfront.net/photos/pets/26602309/2/?bust=1373142473&width=300', 'large': 'https://dl5zpyw5k3jeb.cloudfront.net/photos/pets/26602309/2/?bust=1373142473&width=600', 'full': 'https://dl5zpyw5k3jeb.cloudfront.net/photos/pets/26602309/2/?bust=1373142473'}, {'small': 'https://dl5zpyw5k3jeb.cloudfront.net/photos/pets/26602309/3/?bust=1373142474&width=100', 'medium': 'https://dl5zpyw5k3jeb.cloudfront.net/photos/pets/26602309/3/?bust=1373142474&width=300', 'large': 'https://dl5zpyw5k3jeb.cloudfront.net/photos/pets/26602309/3/?bust=1373142474&width=600', 'full': 'https://dl5zpyw5k3jeb.cloudfront.net/photos/pets/26602309/3/?bust=1373142474'}]","['https://dl5zpyw5k3jeb.cloudfront.net/photos/pets/26602309/1/?bust=1373142472&width=300', 'https://dl5zpyw5k3jeb.cloudfront.net/photos/pets/26602309/2/?bust=1373142473&width=300', 'https://dl5zpyw5k3jeb.cloudfront.net/photos/pets/26602309/3/?bust=1373142474&width=300']"
48135,26598435,https://www.petfinder.com/cat/romeo-26598435/ny/harrison/pet-rescue-ny187/?referrer_id=3830981a-ad4c-4f85-872c-ca9edc50a67e,Cat,Senior,Male,Large,Long,Persian,"[{'small': 'https://dl5zpyw5k3jeb.cloudfront.net/photos/pets/26598435/1/?bust=1373118643&width=100', 'medium': 'https://dl5zpyw5k3jeb.cloudfront.net/photos/pets/26598435/1/?bust=1373118643&width=300', 'large': 'https://dl5zpyw5k3jeb.cloudfront.net/photos/pets/26598435/1/?bust=1373118643&width=600', 'full': 'https://dl5zpyw5k3jeb.cloudfront.net/photos/pets/26598435/1/?bust=1373118643'}, {'small': 'https://dl5zpyw5k3jeb.cloudfront.net/photos/pets/26598435/2/?bust=1373118644&width=100', 'medium': 'https://dl5zpyw5k3jeb.cloudfront.net/photos/pets/26598435/2/?bust=1373118644&width=300', 'large': 'https://dl5zpyw5k3jeb.cloudfront.net/photos/pets/26598435/2/?bust=1373118644&width=600', 'full': 'https://dl5zpyw5k3jeb.cloudfront.net/photos/pets/26598435/2/?bust=1373118644'}, {'small': 'https://dl5zpyw5k3jeb.cloudfront.net/photos/pets/26598435/3/?bust=1373118729&width=100', 'medium': 'https://dl5zpyw5k3jeb.cloudfront.net/photos/pets/26598435/3/?bust=1373118729&width=300', 'large': 'https://dl5zpyw5k3jeb.cloudfront.net/photos/pets/26598435/3/?bust=1373118729&width=600', 'full': 'https://dl5zpyw5k3jeb.cloudfront.net/photos/pets/26598435/3/?bust=1373118729'}]","['https://dl5zpyw5k3jeb.cloudfront.net/photos/pets/26598435/1/?bust=1373118643&width=300', 'https://dl5zpyw5k3jeb.cloudfront.net/photos/pets/26598435/2/?bust=1373118644&width=300', 'https://dl5zpyw5k3jeb.cloudfront.net/photos/pets/26598435/3/?bust=1373118729&width=300']"
48136,26585984,https://www.petfinder.com/cat/snowy-26585984/tx/converse/south-texas-persian-rescue-tx512/?referrer_id=3830981a-ad4c-4f85-872c-ca9edc50a67e,Cat,Adult,Male,Medium,Long,Persian,"[{'small': 'https://dl5zpyw5k3jeb.cloudfront.net/photos/pets/26585984/1/?bust=1372966330&width=100', 'medium': 'https://dl5zpyw5k3jeb.cloudfront.net/photos/pets/26585984/1/?bust=1372966330&width=300', 'large': 'https://dl5zpyw5k3jeb.cloudfront.net/photos/pets/26585984/1/?bust=1372966330&width=600', 'full': 'https://dl5zpyw5k3jeb.cloudfront.net/photos/pets/26585984/1/?bust=1372966330'}, {'small': 'https://dl5zpyw5k3jeb.cloudfront.net/photos/pets/26585984/2/?bust=1372966332&width=100', 'medium': 'https://dl5zpyw5k3jeb.cloudfront.net/photos/pets/26585984/2/?bust=1372966332&width=300', 'large': 'https://dl5zpyw5k3jeb.cloudfront.net/photos/pets/26585984/2/?bust=1372966332&width=600', 'full': 'https://dl5zpyw5k3jeb.cloudfront.net/photos/pets/26585984/2/?bust=1372966332'}, {'small': 'https://dl5zpyw5k3jeb.cloudfront.net/photos/pets/26585984/3/?bust=1372966334&width=100', 'medium': 'https://dl5zpyw5k3jeb.cloudfront.net/photos/pets/26585984/3/?bust=1372966334&width=300', 'large': 'https://dl5zpyw5k3jeb.cloudfront.net/photos/pets/26585984/3/?bust=1372966334&width=600', 'full': 'https://dl5zpyw5k3jeb.cloudfront.net/photos/pets/26585984/3/?bust=1372966334'}]","['https://dl5zpyw5k3jeb.cloudfront.net/photos/pets/26585984/1/?bust=1372966330&width=300', 'https://dl5zpyw5k3jeb.cloudfront.net/photos/pets/26585984/2/?bust=1372966332&width=300', 'https://dl5zpyw5k3jeb.cloudfront.net/photos/pets/26585984/3/?bust=1372966334&width=300']"
48137,26585928,https://www.petfinder.com/cat/gypsy-26585928/tx/converse/south-texas-persian-rescue-tx512/?referrer_id=3830981a-ad4c-4f85-872c-ca9edc50a67e,Cat,Young,Female,Medium,Long,Persian,"[{'small': 'https://dl5zpyw5k3jeb.cloudfront.net/photos/pets/26585928/1/?bust=1372965728&width=100', 'medium': 'https://dl5zpyw5k3jeb.cloudfront.net/photos/pets/26585928/1/?bust=1372965728&width=300', 'large': 'https://dl5zpyw5k3jeb.cloudfront.net/photos/pets/26585928/1/?bust=1372965728&width=600', 'full': 'https://dl5zpyw5k3jeb.cloudfront.net/photos/pets/26585928/1/?bust=1372965728'}, {'small': 'https://dl5zpyw5k3jeb.cloudfront.net/photos/pets/26585928/2/?bust=1372965732&width=100', 'medium': 'https://dl5zpyw5k3jeb.cloudfront.net/photos/pets/26585928/2/?bust=1372965732&width=300', 'large': 'https://dl5zpyw5k3jeb.cloudfront.net/photos/pets/26585928/2/?bust=1372965732&width=600', 'full': 'https://dl5zpyw5k3jeb.cloudfront.net/photos/pets/26585928/2/?bust=1372965732'}, {'small': 'https://dl5zpyw5k3jeb.cloudfront.net/photos/pets/26585928/3/?bust=1372965734&width=100', 'medium': 'https://dl5zpyw5k3jeb.cloudfront.net/photos/pets/26585928/3/?bust=1372965734&width=300', 'large': 'https://dl5zpyw5k3jeb.cloudfront.net/photos/pets/26585928/3/?bust=1372965734&width=600', 'full': 'https://dl5zpyw5k3jeb.cloudfront.net/photos/pets/26585928/3/?bust=1372965734'}]","['https://dl5zpyw5k3jeb.cloudfront.net/photos/pets/26585928/1/?bust=1372965728&width=300', 'https://dl5zpyw5k3jeb.cloudfront.net/photos/pets/26585928/2/?bust=1372965732&width=300', 'https://dl5zpyw5k3jeb.cloudfront.net/photos/pets/26585928/3/?bust=1372965734&width=300']"
48138,26584428,https://www.petfinder.com/cat/czarina-26584428/fl/new-port-richey/the-little-cats-rescue-inc-fl416/?referrer_id=3830981a-ad4c-4f85-872c-ca9edc50a67e,Cat,Adult,Female,Small,Long,Persian,"[{'small': 'https://dl5zpyw5k3jeb.cloudfront.net/photos/pets/26584428/1/?bust=1496678457&width=100', 'medium': 'https://dl5zpyw5k3jeb.cloudfront.net/photos/pets/26584428/1/?bust=1496678457&width=300', 'large': 'https://dl5zpyw5k3jeb.cloudfront.net/photos/pets/26584428/1/?bust=1496678457&width=600', 'full': 'https://dl5zpyw5k3jeb.cloudfront.net/photos/pets/26584428/1/?bust=1496678457'}]",['https://dl5zpyw5k3jeb.cloudfront.net/photos/pets/26584428/1/?bust=1496678457&width=300']
48139,26571571,https://www.petfinder.com/cat/persian-boysadopted-26571571/ca/imperial-beach/wee-companions-small-animal-adoption-inc-ca971/?referrer_id=3830981a-ad4c-4f85-872c-ca9edc50a67e,Cat,Senior,Male,Medium,,Persian,"[{'small': 'https://dl5zpyw5k3jeb.cloudfront.net/photos/pets/26571571/1/?bust=1372820033&width=100', 'medium': 'https://dl5zpyw5k3jeb.cloudfront.net/photos/pets/26571571/1/?bust=1372820033&width=300', 'large': 'https://dl5zpyw5k3jeb.cloudfront.net/photos/pets/26571571/1/?bust=1372820033&width=600', 'full': 'https://dl5zpyw5k3jeb.cloudfront.net/photos/pets/26571571/1/?bust=1372820033'}, {'small': 'https://dl5zpyw5k3jeb.cloudfront.net/photos/pets/26571571/2/?bust=1372820034&width=100', 'medium': 'https://dl5zpyw5k3jeb.cloudfront.net/photos/pets/26571571/2/?bust=1372820034&width=300', 'large': 'https://dl5zpyw5k3jeb.cloudfront.net/photos/pets/26571571/2/?bust=1372820034&width=600', 'full': 'https://dl5zpyw5k3jeb.cloudfront.net/photos/pets/26571571/2/?bust=1372820034'}]","['https://dl5zpyw5k3jeb.cloudfront.net/photos/pets/26571571/1/?bust=1372820033&width=300', 'https://dl5zpyw5k3jeb.cloudfront.net/photos/pets/26571571/2/?bust=1372820034&width=300']"
48140,26558769,https://www.petfinder.com/cat/snow-26558769/az/benson/benson-animal-shelter-az238/?referrer_id=3830981a-ad4c-4f85-872c-ca9edc50a67e,Cat,Adult,Male,Medium,Long,Persian,"[{'small': 'https://dl5zpyw5k3jeb.cloudfront.net/photos/pets/26558769/1/?bust=1372722223&width=100', 'medium': 'https://dl5zpyw5k3jeb.cloudfront.net/photos/pets/26558769/1/?bust=1372722223&width=300', 'large': 'https://dl5zpyw5k3jeb.cloudfront.net/photos/pets/26558769/1/?bust=1372722223&width=600', 'full': 'https://dl5zpyw5k3jeb.cloudfront.net/photos/pets/26558769/1/?bust=1372722223'}, {'small': 'https://dl5zpyw5k3jeb.cloudfront.net/photos/pets/26558769/2/?bust=1372722224&width=100', 'medium': 'https://dl5zpyw5k3jeb.cloudfront.net/photos/pets/26558769/2/?bust=1372722224&width=300', 'large': 'https://dl5zpyw5k3jeb.cloudfront.net/photos/pets/26558769/2/?bust=1372722224&width=600', 'full': 'https://dl5zpyw5k3jeb.cloudfront.net/photos/pets/26558769/2/?bust=1372722224'}, {'small': 'https://dl5zpyw5k3jeb.cloudfront.net/photos/pets/26558769/3/?bust=1372722225&width=100', 'medium': 'https://dl5zpyw5k3jeb.cloudfront.net/photos/pets/26558769/3/?bust=1372722225&width=300', 'large': 'https://dl5zpyw5k3jeb.cloudfront.net/photos/pets/26558769/3/?bust=1372722225&width=600', 'full': 'https://dl5zpyw5k3jeb.cloudfront.net/photos/pets/26558769/3/?bust=1372722225'}]","['https://dl5zpyw5k3jeb.cloudfront.net/photos/pets/26558769/1/?bust=1372722223&width=300', 'https://dl5zpyw5k3jeb.cloudfront.net/photos/pets/26558769/2/?bust=1372722224&width=300', 'https://dl5zpyw5k3jeb.cloudfront.net/photos/pets/26558769/3/?bust=1372722225&width=300']"
48141,26551893,https://www.petfinder.com/cat/meowers-26551893/fl/melbourne/bbtlcs-dba-the-last-chance-sanctuary-fl919/?referrer_id=3830981a-ad4c-4f85-872c-ca9edc50a67e,Cat,Adult,Male,Medium,,Persian,"[{'small': 'https://dl5zpyw5k3jeb.cloudfront.net/photos/pets/26551893/1/?bust=1372766473&width=100', 'medium': 'https://dl5zpyw5k3jeb.cloudfront.net/photos/pets/26551893/1/?bust=1372766473&width=300', 'large': 'https://dl5zpyw5k3jeb.cloudfront.net/photos/pets/26551893/1/?bust=1372766473&width=600', 'full': 'https://dl5zpyw5k3jeb.cloudfront.net/photos/pets/26551893/1/?bust=1372766473'}]",['https://dl5zpyw5k3jeb.cloudfront.net/photos/pets/26551893/1/?bust=1372766473&width=300']
48142,26550356,https://www.petfinder.com/cat/smokey-26550356/md/annapolis/patuxent-animal-welfare-society-inc-paws-md69/?referrer_id=3830981a-ad4c-4f85-872c-ca9edc50a67e,Cat,Adult,Male,Medium,Long,Persian,"[{'small': 'https://dl5zpyw5k3jeb.cloudfront.net/photos/pets/26550356/2/?bust=1373403853&width=100', 'medium': 'https://dl5zpyw5k3jeb.cloudfront.net/photos/pets/26550356/2/?bust=1373403853&width=300', 'large': 'https://dl5zpyw5k3jeb.cloudfront.net/photos/pets/26550356/2/?bust=1373403853&width=600', 'full': 'https://dl5zpyw5k3jeb.cloudfront.net/photos/pets/26550356/2/?bust=1373403853'}, {'small': 'https://dl5zpyw5k3jeb.cloudfront.net/photos/pets/26550356/1/?bust=1373403853&width=100', 'medium': 'https://dl5zpyw5k3jeb.cloudfront.net/photos/pets/26550356/1/?bust=1373403853&width=300', 'large': 'https://dl5zpyw5k3jeb.cloudfront.net/photos/pets/26550356/1/?bust=1373403853&width=600', 'full': 'https://dl5zpyw5k3jeb.cloudfront.net/photos/pets/26550356/1/?bust=1373403853'}]","['https://dl5zpyw5k3jeb.cloudfront.net/photos/pets/26550356/2/?bust=1373403853&width=300', 'https://dl5zpyw5k3jeb.cloudfront.net/photos/pets/26550356/1/?bust=1373403853&width=300']"
48143,26548126,https://www.petfinder.com/cat/oscar-26548126/ca/malibu/spunkys-rescue-ranch-ca1324/?referrer_id=3830981a-ad4c-4f85-872c-ca9edc50a67e,Cat,Adult,Male,Large,Long,Persian,"[{'small': 'https://dl5zpyw5k3jeb.cloudfront.net/photos/pets/26548126/1/?bust=1389390219&width=100', 'medium': 'https://dl5zpyw5k3jeb.cloudfront.net/photos/pets/26548126/1/?bust=1389390219&width=300', 'large': 'https://dl5zpyw5k3jeb.cloudfront.net/photos/pets/26548126/1/?bust=1389390219&width=600', 'full': 'https://dl5zpyw5k3jeb.cloudfront.net/photos/pets/26548126/1/?bust=1389390219'}, {'small': 'https://dl5zpyw5k3jeb.cloudfront.net/photos/pets/26548126/2/?bust=1389390220&width=100', 'medium': 'https://dl5zpyw5k3jeb.cloudfront.net/photos/pets/26548126/2/?bust=1389390220&width=300', 'large': 'https://dl5zpyw5k3jeb.cloudfront.net/photos/pets/26548126/2/?bust=1389390220&width=600', 'full': 'https://dl5zpyw5k3jeb.cloudfront.net/photos/pets/26548126/2/?bust=1389390220'}]","['https://dl5zpyw5k3jeb.cloudfront.net/photos/pets/26548126/1/?bust=1389390219&width=300', 'https://dl5zpyw5k3jeb.cloudfront.net/photos/pets/26548126/2/?bust=1389390220&width=300']"
48144,26548102,https://www.petfinder.com/cat/axel-rose-26548102/ca/malibu/spunkys-rescue-ranch-ca1324/?referrer_id=3830981a-ad4c-4f85-872c-ca9edc50a67e,Cat,Adult,Male,Medium,Long,Persian,"[{'small': 'https://dl5zpyw5k3jeb.cloudfront.net/photos/pets/26548102/1/?bust=1374796371&width=100', 'medium': 'https://dl5zpyw5k3jeb.cloudfront.net/photos/pets/26548102/1/?bust=1374796371&width=300', 'large': 'https://dl5zpyw5k3jeb.cloudfront.net/photos/pets/26548102/1/?bust=1374796371&width=600', 'full': 'https://dl5zpyw5k3jeb.cloudfront.net/photos/pets/26548102/1/?bust=1374796371'}]",['https://dl5zpyw5k3jeb.cloudfront.net/photos/pets/26548102/1/?bust=1374796371&width=300']
48145,26548064,https://www.petfinder.com/cat/belushi-26548064/ca/malibu/spunkys-rescue-ranch-ca1324/?referrer_id=3830981a-ad4c-4f85-872c-ca9edc50a67e,Cat,Adult,Female,Large,Long,Persian,"[{'small': 'https://dl5zpyw5k3jeb.cloudfront.net/photos/pets/26548064/1/?bust=1374796179&width=100', 'medium': 'https://dl5zpyw5k3jeb.cloudfront.net/photos/pets/26548064/1/?bust=1374796179&width=300', 'large': 'https://dl5zpyw5k3jeb.cloudfront.net/photos/pets/26548064/1/?bust=1374796179&width=600', 'full': 'https://dl5zpyw5k3jeb.cloudfront.net/photos/pets/26548064/1/?bust=1374796179'}]",['https://dl5zpyw5k3jeb.cloudfront.net/photos/pets/26548064/1/?bust=1374796179&width=300']
48146,26546376,https://www.petfinder.com/cat/felicity-26546376/ga/atlanta/best-friends-pet-adoption-center-ga63/?referrer_id=3830981a-ad4c-4f85-872c-ca9edc50a67e,Cat,Adult,Male,Small,,Persian,"[{'small': 'https://dl5zpyw5k3jeb.cloudfront.net/photos/pets/26546376/1/?bust=1372608653&width=100', 'medium': 'https://dl5zpyw5k3jeb.cloudfront.net/photos/pets/26546376/1/?bust=1372608653&width=300', 'large': 'https://dl5zpyw5k3jeb.cloudfront.net/photos/pets/26546376/1/?bust=1372608653&width=600', 'full': 'https://dl5zpyw5k3jeb.cloudfront.net/photos/pets/26546376/1/?bust=1372608653'}]",['https://dl5zpyw5k3jeb.cloudfront.net/photos/pets/26546376/1/?bust=1372608653&width=300']
48147,26537709,https://www.petfinder.com/cat/persia-26537709/on/mississauga/city-of-mississauga-animal-services-on180/?referrer_id=3830981a-ad4c-4f85-872c-ca9edc50a67e,Cat,Adult,Male,Medium,,Persian,"[{'small': 'https://dl5zpyw5k3jeb.cloudfront.net/photos/pets/26537709/1/?bust=1372953117&width=100', 'medium': 'https://dl5zpyw5k3jeb.cloudfront.net/photos/pets/26537709/1/?bust=1372953117&width=300', 'large': 'https://dl5zpyw5k3jeb.cloudfront.net/photos/pets/26537709/1/?bust=1372953117&width=600', 'full': 'https://dl5zpyw5k3jeb.cloudfront.net/photos/pets/26537709/1/?bust=1372953117'}]",['https://dl5zpyw5k3jeb.cloudfront.net/photos/pets/26537709/1/?bust=1372953117&width=300']
48148,26536537,https://www.petfinder.com/cat/hadiyen-26536537/fl/naples/brookes-legacy-animal-rescue-inc-fl605/?referrer_id=3830981a-ad4c-4f85-872c-ca9edc50a67e,Cat,Adult,Female,Small,,Persian,"[{'small': 'https://dl5zpyw5k3jeb.cloudfront.net/photos/pets/26536537/1/?bust=1372489659&width=100', 'medium': 'https://dl5zpyw5k3jeb.cloudfront.net/photos/pets/26536537/1/?bust=1372489659&width=300', 'large': 'https://dl5zpyw5k3jeb.cloudfront.net/photos/pets/26536537/1/?bust=1372489659&width=600', 'full': 'https://dl5zpyw5k3jeb.cloudfront.net/photos/pets/26536537/1/?bust=1372489659'}]",['https://dl5zpyw5k3jeb.cloudfront.net/photos/pets/26536537/1/?bust=1372489659&width=300']
48149,26528230,https://www.petfinder.com/cat/p-kiddy-26528230/md/fallston/humane-society-of-harford-county-md61/?referrer_id=3830981a-ad4c-4f85-872c-ca9edc50a67e,Cat,Senior,Male,Small,Long,Persian,"[{'small': 'https://dl5zpyw5k3jeb.cloudfront.net/photos/pets/26528230/1/?bust=1436451256&width=100', 'medium': 'https://dl5zpyw5k3jeb.cloudfront.net/photos/pets/26528230/1/?bust=1436451256&width=300', 'large': 'https://dl5zpyw5k3jeb.cloudfront.net/photos/pets/26528230/1/?bust=1436451256&width=600', 'full': 'https://dl5zpyw5k3jeb.cloudfront.net/photos/pets/26528230/1/?bust=1436451256'}]",['https://dl5zpyw5k3jeb.cloudfront.net/photos/pets/26528230/1/?bust=1436451256&width=300']
48150,26527557,https://www.petfinder.com/cat/groupie-26527557/on/scarborough/for-the-animals-on174/?referrer_id=3830981a-ad4c-4f85-872c-ca9edc50a67e,Cat,Adult,Female,Medium,Medium,Persian,"[{'small': 'https://dl5zpyw5k3jeb.cloudfront.net/photos/pets/26527557/1/?bust=1437433900&width=100', 'medium': 'https://dl5zpyw5k3jeb.cloudfront.net/photos/pets/26527557/1/?bust=1437433900&width=300', 'large': 'https://dl5zpyw5k3jeb.cloudfront.net/photos/pets/26527557/1/?bust=1437433900&width=600', 'full': 'https://dl5zpyw5k3jeb.cloudfront.net/photos/pets/26527557/1/?bust=1437433900'}]",['https://dl5zpyw5k3jeb.cloudfront.net/photos/pets/26527557/1/?bust=1437433900&width=300']
48151,26523629,https://www.petfinder.com/cat/popcorn-26523629/qc/montreal/chatopia-formerly-animal-adoption-montreal-qc35/?referrer_id=3830981a-ad4c-4f85-872c-ca9edc50a67e,Cat,Adult,Male,Medium,,Persian,"[{'small': 'https://dl5zpyw5k3jeb.cloudfront.net/photos/pets/26523629/1/?bust=1372361245&width=100', 'medium': 'https://dl5zpyw5k3jeb.cloudfront.net/photos/pets/26523629/1/?bust=1372361245&width=300', 'large': 'https://dl5zpyw5k3jeb.cloudfront.net/photos/pets/26523629/1/?bust=1372361245&width=600', 'full': 'https://dl5zpyw5k3jeb.cloudfront.net/photos/pets/26523629/1/?bust=1372361245'}, {'small': 'https://dl5zpyw5k3jeb.cloudfront.net/photos/pets/26523629/2/?bust=1372361250&width=100', 'medium': 'https://dl5zpyw5k3jeb.cloudfront.net/photos/pets/26523629/2/?bust=1372361250&width=300', 'large': 'https://dl5zpyw5k3jeb.cloudfront.net/photos/pets/26523629/2/?bust=1372361250&width=600', 'full': 'https://dl5zpyw5k3jeb.cloudfront.net/photos/pets/26523629/2/?bust=1372361250'}, {'small': 'https://dl5zpyw5k3jeb.cloudfront.net/photos/pets/26523629/3/?bust=1372361255&width=100', 'medium': 'https://dl5zpyw5k3jeb.cloudfront.net/photos/pets/26523629/3/?bust=1372361255&width=300', 'large': 'https://dl5zpyw5k3jeb.cloudfront.net/photos/pets/26523629/3/?bust=1372361255&width=600', 'full': 'https://dl5zpyw5k3jeb.cloudfront.net/photos/pets/26523629/3/?bust=1372361255'}]","['https://dl5zpyw5k3jeb.cloudfront.net/photos/pets/26523629/1/?bust=1372361245&width=300', 'https://dl5zpyw5k3jeb.cloudfront.net/photos/pets/26523629/2/?bust=1372361250&width=300', 'https://dl5zpyw5k3jeb.cloudfront.net/photos/pets/26523629/3/?bust=1372361255&width=300']"
48152,26519351,https://www.petfinder.com/cat/priscilla-in-peach-26519351/mo/lees-summit/kansas-city-siamese-rescue-mo76/?referrer_id=3830981a-ad4c-4f85-872c-ca9edc50a67e,Cat,Adult,Female,Medium,Long,Persian,"[{'small': 'https://dl5zpyw5k3jeb.cloudfront.net/photos/pets/26519351/1/?bust=1372341010&width=100', 'medium': 'https://dl5zpyw5k3jeb.cloudfront.net/photos/pets/26519351/1/?bust=1372341010&width=300', 'large': 'https://dl5zpyw5k3jeb.cloudfront.net/photos/pets/26519351/1/?bust=1372341010&width=600', 'full': 'https://dl5zpyw5k3jeb.cloudfront.net/photos/pets/26519351/1/?bust=1372341010'}]",['https://dl5zpyw5k3jeb.cloudfront.net/photos/pets/26519351/1/?bust=1372341010&width=300']
48153,26508902,https://www.petfinder.com/cat/stevie-front-paw-de-claw-26508902/ca/beverly-hills/helping-persian-cats-ca827/?referrer_id=3830981a-ad4c-4f85-872c-ca9edc50a67e,Cat,Adult,Female,Medium,Long,Persian,"[{'small': 'https://dl5zpyw5k3jeb.cloudfront.net/photos/pets/26508902/1/?bust=1432242274&width=100', 'medium': 'https://dl5zpyw5k3jeb.cloudfront.net/photos/pets/26508902/1/?bust=1432242274&width=300', 'large': 'https://dl5zpyw5k3jeb.cloudfront.net/photos/pets/26508902/1/?bust=1432242274&width=600', 'full': 'https://dl5zpyw5k3jeb.cloudfront.net/photos/pets/26508902/1/?bust=1432242274'}, {'small': 'https://dl5zpyw5k3jeb.cloudfront.net/photos/pets/26508902/2/?bust=1432242274&width=100', 'medium': 'https://dl5zpyw5k3jeb.cloudfront.net/photos/pets/26508902/2/?bust=1432242274&width=300', 'large': 'https://dl5zpyw5k3jeb.cloudfront.net/photos/pets/26508902/2/?bust=1432242274&width=600', 'full': 'https://dl5zpyw5k3jeb.cloudfront.net/photos/pets/26508902/2/?bust=1432242274'}, {'small': 'https://dl5zpyw5k3jeb.cloudfront.net/photos/pets/26508902/3/?bust=1432242274&width=100', 'medium': 'https://dl5zpyw5k3jeb.cloudfront.net/photos/pets/26508902/3/?bust=1432242274&width=300', 'large': 'https://dl5zpyw5k3jeb.cloudfront.net/photos/pets/26508902/3/?bust=1432242274&width=600', 'full': 'https://dl5zpyw5k3jeb.cloudfront.net/photos/pets/26508902/3/?bust=1432242274'}]","['https://dl5zpyw5k3jeb.cloudfront.net/photos/pets/26508902/1/?bust=1432242274&width=300', 'https://dl5zpyw5k3jeb.cloudfront.net/photos/pets/26508902/2/?bust=1432242274&width=300', 'https://dl5zpyw5k3jeb.cloudfront.net/photos/pets/26508902/3/?bust=1432242274&width=300']"
48154,26506023,https://www.petfinder.com/cat/kisya-26506023/ca/beverly-hills/helping-persian-cats-ca827/?referrer_id=3830981a-ad4c-4f85-872c-ca9edc50a67e,Cat,Adult,Female,Medium,Long,Persian,"[{'small': 'https://dl5zpyw5k3jeb.cloudfront.net/photos/pets/26506023/1/?bust=1432242274&width=100', 'medium': 'https://dl5zpyw5k3jeb.cloudfront.net/photos/pets/26506023/1/?bust=1432242274&width=300', 'large': 'https://dl5zpyw5k3jeb.cloudfront.net/photos/pets/26506023/1/?bust=1432242274&width=600', 'full': 'https://dl5zpyw5k3jeb.cloudfront.net/photos/pets/26506023/1/?bust=1432242274'}, {'small': 'https://dl5zpyw5k3jeb.cloudfront.net/photos/pets/26506023/2/?bust=1432242274&width=100', 'medium': 'https://dl5zpyw5k3jeb.cloudfront.net/photos/pets/26506023/2/?bust=1432242274&width=300', 'large': 'https://dl5zpyw5k3jeb.cloudfront.net/photos/pets/26506023/2/?bust=1432242274&width=600', 'full': 'https://dl5zpyw5k3jeb.cloudfront.net/photos/pets/26506023/2/?bust=1432242274'}]","['https://dl5zpyw5k3jeb.cloudfront.net/photos/pets/26506023/1/?bust=1432242274&width=300', 'https://dl5zpyw5k3jeb.cloudfront.net/photos/pets/26506023/2/?bust=1432242274&width=300']"
48155,26505925,https://www.petfinder.com/cat/biscuit-and-kahlua-bonded-pair-26505925/ca/beverly-hills/helping-persian-cats-ca827/?referrer_id=3830981a-ad4c-4f85-872c-ca9edc50a67e,Cat,Adult,Male,Large,Long,Persian,"[{'small': 'https://dl5zpyw5k3jeb.cloudfront.net/photos/pets/26505925/2/?bust=1432242274&width=100', 'medium': 'https://dl5zpyw5k3jeb.cloudfront.net/photos/pets/26505925/2/?bust=1432242274&width=300', 'large': 'https://dl5zpyw5k3jeb.cloudfront.net/photos/pets/26505925/2/?bust=1432242274&width=600', 'full': 'https://dl5zpyw5k3jeb.cloudfront.net/photos/pets/26505925/2/?bust=1432242274'}, {'small': 'https://dl5zpyw5k3jeb.cloudfront.net/photos/pets/26505925/1/?bust=1432242274&width=100', 'medium': 'https://dl5zpyw5k3jeb.cloudfront.net/photos/pets/26505925/1/?bust=1432242274&width=300', 'large': 'https://dl5zpyw5k3jeb.cloudfront.net/photos/pets/26505925/1/?bust=1432242274&width=600', 'full': 'https://dl5zpyw5k3jeb.cloudfront.net/photos/pets/26505925/1/?bust=1432242274'}, {'small': 'https://dl5zpyw5k3jeb.cloudfront.net/photos/pets/26505925/3/?bust=1432242274&width=100', 'medium': 'https://dl5zpyw5k3jeb.cloudfront.net/photos/pets/26505925/3/?bust=1432242274&width=300', 'large': 'https://dl5zpyw5k3jeb.cloudfront.net/photos/pets/26505925/3/?bust=1432242274&width=600', 'full': 'https://dl5zpyw5k3jeb.cloudfront.net/photos/pets/26505925/3/?bust=1432242274'}]","['https://dl5zpyw5k3jeb.cloudfront.net/photos/pets/26505925/2/?bust=1432242274&width=300', 'https://dl5zpyw5k3jeb.cloudfront.net/photos/pets/26505925/1/?bust=1432242274&width=300', 'https://dl5zpyw5k3jeb.cloudfront.net/photos/pets/26505925/3/?bust=1432242274&width=300']"
48156,26504966,https://www.petfinder.com/cat/celestial-26504966/bc/maple-ridge/katies-place-bc136/?referrer_id=3830981a-ad4c-4f85-872c-ca9edc50a67e,Cat,Adult,Female,Small,,Persian,"[{'small': 'https://dl5zpyw5k3jeb.cloudfront.net/photos/pets/26504966/1/?bust=1434240103&width=100', 'medium': 'https://dl5zpyw5k3jeb.cloudfront.net/photos/pets/26504966/1/?bust=1434240103&width=300', 'large': 'https://dl5zpyw5k3jeb.cloudfront.net/photos/pets/26504966/1/?bust=1434240103&width=600', 'full': 'https://dl5zpyw5k3jeb.cloudfront.net/photos/pets/26504966/1/?bust=1434240103'}]",['https://dl5zpyw5k3jeb.cloudfront.net/photos/pets/26504966/1/?bust=1434240103&width=300']
48157,26498916,https://www.petfinder.com/cat/lucy-26498916/nj/flemington/friends-of-animal-control-solutions-nj704/?referrer_id=3830981a-ad4c-4f85-872c-ca9edc50a67e,Cat,Adult,Female,Medium,,Persian,"[{'small': 'https://dl5zpyw5k3jeb.cloudfront.net/photos/pets/26498916/1/?bust=1372178516&width=100', 'medium': 'https://dl5zpyw5k3jeb.cloudfront.net/photos/pets/26498916/1/?bust=1372178516&width=300', 'large': 'https://dl5zpyw5k3jeb.cloudfront.net/photos/pets/26498916/1/?bust=1372178516&width=600', 'full': 'https://dl5zpyw5k3jeb.cloudfront.net/photos/pets/26498916/1/?bust=1372178516'}, {'small': 'https://dl5zpyw5k3jeb.cloudfront.net/photos/pets/26498916/2/?bust=1372178520&width=100', 'medium': 'https://dl5zpyw5k3jeb.cloudfront.net/photos/pets/26498916/2/?bust=1372178520&width=300', 'large': 'https://dl5zpyw5k3jeb.cloudfront.net/photos/pets/26498916/2/?bust=1372178520&width=600', 'full': 'https://dl5zpyw5k3jeb.cloudfront.net/photos/pets/26498916/2/?bust=1372178520'}]","['https://dl5zpyw5k3jeb.cloudfront.net/photos/pets/26498916/1/?bust=1372178516&width=300', 'https://dl5zpyw5k3jeb.cloudfront.net/photos/pets/26498916/2/?bust=1372178520&width=300']"
48158,26489074,https://www.petfinder.com/cat/mr-fluffy-pants-26489074/ca/north-hollywood/kumos-proud-tails-and-whiskers-inc-ca2149/?referrer_id=3830981a-ad4c-4f85-872c-ca9edc50a67e,Cat,Baby,Male,Large,Medium,Persian,"[{'small': 'https://dl5zpyw5k3jeb.cloudfront.net/photos/pets/26489074/1/?bust=1372099681&width=100', 'medium': 'https://dl5zpyw5k3jeb.cloudfront.net/photos/pets/26489074/1/?bust=1372099681&width=300', 'large': 'https://dl5zpyw5k3jeb.cloudfront.net/photos/pets/26489074/1/?bust=1372099681&width=600', 'full': 'https://dl5zpyw5k3jeb.cloudfront.net/photos/pets/26489074/1/?bust=1372099681'}]",['https://dl5zpyw5k3jeb.cloudfront.net/photos/pets/26489074/1/?bust=1372099681&width=300']
48159,26488926,https://www.petfinder.com/cat/a20208290-rachelle-26488926/qc/montreal/spca-montreal-qc06/?referrer_id=3830981a-ad4c-4f85-872c-ca9edc50a67e,Cat,Senior,Female,Small,,Persian,"[{'small': 'https://dl5zpyw5k3jeb.cloudfront.net/photos/pets/26488926/1/?bust=1372247283&width=100', 'medium': 'https://dl5zpyw5k3jeb.cloudfront.net/photos/pets/26488926/1/?bust=1372247283&width=300', 'large': 'https://dl5zpyw5k3jeb.cloudfront.net/photos/pets/26488926/1/?bust=1372247283&width=600', 'full': 'https://dl5zpyw5k3jeb.cloudfront.net/photos/pets/26488926/1/?bust=1372247283'}, {'small': 'https://dl5zpyw5k3jeb.cloudfront.net/photos/pets/26488926/2/?bust=1372247284&width=100', 'medium': 'https://dl5zpyw5k3jeb.cloudfront.net/photos/pets/26488926/2/?bust=1372247284&width=300', 'large': 'https://dl5zpyw5k3jeb.cloudfront.net/photos/pets/26488926/2/?bust=1372247284&width=600', 'full': 'https://dl5zpyw5k3jeb.cloudfront.net/photos/pets/26488926/2/?bust=1372247284'}, {'small': 'https://dl5zpyw5k3jeb.cloudfront.net/photos/pets/26488926/3/?bust=1372247284&width=100', 'medium': 'https://dl5zpyw5k3jeb.cloudfront.net/photos/pets/26488926/3/?bust=1372247284&width=300', 'large': 'https://dl5zpyw5k3jeb.cloudfront.net/photos/pets/26488926/3/?bust=1372247284&width=600', 'full': 'https://dl5zpyw5k3jeb.cloudfront.net/photos/pets/26488926/3/?bust=1372247284'}]","['https://dl5zpyw5k3jeb.cloudfront.net/photos/pets/26488926/1/?bust=1372247283&width=300', 'https://dl5zpyw5k3jeb.cloudfront.net/photos/pets/26488926/2/?bust=1372247284&width=300', 'https://dl5zpyw5k3jeb.cloudfront.net/photos/pets/26488926/3/?bust=1372247284&width=300']"
48160,26482999,https://www.petfinder.com/cat/toby-fostered-in-lodi-ca-26482999/ca/davis/purebreds-plus-cat-rescue-ca652/?referrer_id=3830981a-ad4c-4f85-872c-ca9edc50a67e,Cat,Adult,Male,Medium,,Persian,"[{'small': 'https://dl5zpyw5k3jeb.cloudfront.net/photos/pets/26482999/1/?bust=1372037084&width=100', 'medium': 'https://dl5zpyw5k3jeb.cloudfront.net/photos/pets/26482999/1/?bust=1372037084&width=300', 'large': 'https://dl5zpyw5k3jeb.cloudfront.net/photos/pets/26482999/1/?bust=1372037084&width=600', 'full': 'https://dl5zpyw5k3jeb.cloudfront.net/photos/pets/26482999/1/?bust=1372037084'}, {'small': 'https://dl5zpyw5k3jeb.cloudfront.net/photos/pets/26482999/2/?bust=1372037085&width=100', 'medium': 'https://dl5zpyw5k3jeb.cloudfront.net/photos/pets/26482999/2/?bust=1372037085&width=300', 'large': 'https://dl5zpyw5k3jeb.cloudfront.net/photos/pets/26482999/2/?bust=1372037085&width=600', 'full': 'https://dl5zpyw5k3jeb.cloudfront.net/photos/pets/26482999/2/?bust=1372037085'}, {'small': 'https://dl5zpyw5k3jeb.cloudfront.net/photos/pets/26482999/3/?bust=1372037086&width=100', 'medium': 'https://dl5zpyw5k3jeb.cloudfront.net/photos/pets/26482999/3/?bust=1372037086&width=300', 'large': 'https://dl5zpyw5k3jeb.cloudfront.net/photos/pets/26482999/3/?bust=1372037086&width=600', 'full': 'https://dl5zpyw5k3jeb.cloudfront.net/photos/pets/26482999/3/?bust=1372037086'}]","['https://dl5zpyw5k3jeb.cloudfront.net/photos/pets/26482999/1/?bust=1372037084&width=300', 'https://dl5zpyw5k3jeb.cloudfront.net/photos/pets/26482999/2/?bust=1372037085&width=300', 'https://dl5zpyw5k3jeb.cloudfront.net/photos/pets/26482999/3/?bust=1372037086&width=300']"
48161,26479051,https://www.petfinder.com/cat/princess-26479051/il/troy/spencer-pet-rescue-il48/?referrer_id=3830981a-ad4c-4f85-872c-ca9edc50a67e,Cat,Adult,Female,Small,Medium,Persian,"[{'small': 'https://dl5zpyw5k3jeb.cloudfront.net/photos/pets/26479051/1/?bust=1372000540&width=100', 'medium': 'https://dl5zpyw5k3jeb.cloudfront.net/photos/pets/26479051/1/?bust=1372000540&width=300', 'large': 'https://dl5zpyw5k3jeb.cloudfront.net/photos/pets/26479051/1/?bust=1372000540&width=600', 'full': 'https://dl5zpyw5k3jeb.cloudfront.net/photos/pets/26479051/1/?bust=1372000540'}, {'small': 'https://dl5zpyw5k3jeb.cloudfront.net/photos/pets/26479051/2/?bust=1372000542&width=100', 'medium': 'https://dl5zpyw5k3jeb.cloudfront.net/photos/pets/26479051/2/?bust=1372000542&width=300', 'large': 'https://dl5zpyw5k3jeb.cloudfront.net/photos/pets/26479051/2/?bust=1372000542&width=600', 'full': 'https://dl5zpyw5k3jeb.cloudfront.net/photos/pets/26479051/2/?bust=1372000542'}]","['https://dl5zpyw5k3jeb.cloudfront.net/photos/pets/26479051/1/?bust=1372000540&width=300', 'https://dl5zpyw5k3jeb.cloudfront.net/photos/pets/26479051/2/?bust=1372000542&width=300']"
48162,26478785,https://www.petfinder.com/cat/reggie-26478785/nj/montclair/cameron-animal-hospital-not-a-shelter-nj150/?referrer_id=3830981a-ad4c-4f85-872c-ca9edc50a67e,Cat,Adult,Male,Medium,,Persian,"[{'small': 'https://dl5zpyw5k3jeb.cloudfront.net/photos/pets/26478785/1/?bust=1422130618&width=100', 'medium': 'https://dl5zpyw5k3jeb.cloudfront.net/photos/pets/26478785/1/?bust=1422130618&width=300', 'large': 'https://dl5zpyw5k3jeb.cloudfront.net/photos/pets/26478785/1/?bust=1422130618&width=600', 'full': 'https://dl5zpyw5k3jeb.cloudfront.net/photos/pets/26478785/1/?bust=1422130618'}, {'small': 'https://dl5zpyw5k3jeb.cloudfront.net/photos/pets/26478785/2/?bust=1422130618&width=100', 'medium': 'https://dl5zpyw5k3jeb.cloudfront.net/photos/pets/26478785/2/?bust=1422130618&width=300', 'large': 'https://dl5zpyw5k3jeb.cloudfront.net/photos/pets/26478785/2/?bust=1422130618&width=600', 'full': 'https://dl5zpyw5k3jeb.cloudfront.net/photos/pets/26478785/2/?bust=1422130618'}]","['https://dl5zpyw5k3jeb.cloudfront.net/photos/pets/26478785/1/?bust=1422130618&width=300', 'https://dl5zpyw5k3jeb.cloudfront.net/photos/pets/26478785/2/?bust=1422130618&width=300']"
48163,26478610,https://www.petfinder.com/cat/princess-leia-26478610/ks/overland-park/purrfect-pets-inc-ks99/?referrer_id=3830981a-ad4c-4f85-872c-ca9edc50a67e,Cat,Young,Female,Medium,Long,Persian,"[{'small': 'https://dl5zpyw5k3jeb.cloudfront.net/photos/pets/26478610/1/?bust=1371996943&width=100', 'medium': 'https://dl5zpyw5k3jeb.cloudfront.net/photos/pets/26478610/1/?bust=1371996943&width=300', 'large': 'https://dl5zpyw5k3jeb.cloudfront.net/photos/pets/26478610/1/?bust=1371996943&width=600', 'full': 'https://dl5zpyw5k3jeb.cloudfront.net/photos/pets/26478610/1/?bust=1371996943'}, {'small': 'https://dl5zpyw5k3jeb.cloudfront.net/photos/pets/26478610/2/?bust=1371996944&width=100', 'medium': 'https://dl5zpyw5k3jeb.cloudfront.net/photos/pets/26478610/2/?bust=1371996944&width=300', 'large': 'https://dl5zpyw5k3jeb.cloudfront.net/photos/pets/26478610/2/?bust=1371996944&width=600', 'full': 'https://dl5zpyw5k3jeb.cloudfront.net/photos/pets/26478610/2/?bust=1371996944'}]","['https://dl5zpyw5k3jeb.cloudfront.net/photos/pets/26478610/1/?bust=1371996943&width=300', 'https://dl5zpyw5k3jeb.cloudfront.net/photos/pets/26478610/2/?bust=1371996944&width=300']"
48164,26478507,https://www.petfinder.com/cat/suki-26478507/az/green-valley/animal-league-of-green-valley-az143/?referrer_id=3830981a-ad4c-4f85-872c-ca9edc50a67e,Cat,Adult,Female,Medium,,Persian,"[{'small': 'https://dl5zpyw5k3jeb.cloudfront.net/photos/pets/26478507/2/?bust=1371995956&width=100', 'medium': 'https://dl5zpyw5k3jeb.cloudfront.net/photos/pets/26478507/2/?bust=1371995956&width=300', 'large': 'https://dl5zpyw5k3jeb.cloudfront.net/photos/pets/26478507/2/?bust=1371995956&width=600', 'full': 'https://dl5zpyw5k3jeb.cloudfront.net/photos/pets/26478507/2/?bust=1371995956'}, {'small': 'https://dl5zpyw5k3jeb.cloudfront.net/photos/pets/26478507/1/?bust=1372342813&width=100', 'medium': 'https://dl5zpyw5k3jeb.cloudfront.net/photos/pets/26478507/1/?bust=1372342813&width=300', 'large': 'https://dl5zpyw5k3jeb.cloudfront.net/photos/pets/26478507/1/?bust=1372342813&width=600', 'full': 'https://dl5zpyw5k3jeb.cloudfront.net/photos/pets/26478507/1/?bust=1372342813'}, {'small': 'https://dl5zpyw5k3jeb.cloudfront.net/photos/pets/26478507/3/?bust=1372342814&width=100', 'medium': 'https://dl5zpyw5k3jeb.cloudfront.net/photos/pets/26478507/3/?bust=1372342814&width=300', 'large': 'https://dl5zpyw5k3jeb.cloudfront.net/photos/pets/26478507/3/?bust=1372342814&width=600', 'full': 'https://dl5zpyw5k3jeb.cloudfront.net/photos/pets/26478507/3/?bust=1372342814'}]","['https://dl5zpyw5k3jeb.cloudfront.net/photos/pets/26478507/2/?bust=1371995956&width=300', 'https://dl5zpyw5k3jeb.cloudfront.net/photos/pets/26478507/1/?bust=1372342813&width=300', 'https://dl5zpyw5k3jeb.cloudfront.net/photos/pets/26478507/3/?bust=1372342814&width=300']"
48165,26466406,https://www.petfinder.com/cat/nico-26466406/nc/winston-salem/animal-adoption-and-rescue-foundation-nc171/?referrer_id=3830981a-ad4c-4f85-872c-ca9edc50a67e,Cat,Adult,Male,Large,Long,Persian,"[{'small': 'https://dl5zpyw5k3jeb.cloudfront.net/photos/pets/26466406/1/?bust=1371847445&width=100', 'medium': 'https://dl5zpyw5k3jeb.cloudfront.net/photos/pets/26466406/1/?bust=1371847445&width=300', 'large': 'https://dl5zpyw5k3jeb.cloudfront.net/photos/pets/26466406/1/?bust=1371847445&width=600', 'full': 'https://dl5zpyw5k3jeb.cloudfront.net/photos/pets/26466406/1/?bust=1371847445'}, {'small': 'https://dl5zpyw5k3jeb.cloudfront.net/photos/pets/26466406/2/?bust=1371847449&width=100', 'medium': 'https://dl5zpyw5k3jeb.cloudfront.net/photos/pets/26466406/2/?bust=1371847449&width=300', 'large': 'https://dl5zpyw5k3jeb.cloudfront.net/photos/pets/26466406/2/?bust=1371847449&width=600', 'full': 'https://dl5zpyw5k3jeb.cloudfront.net/photos/pets/26466406/2/?bust=1371847449'}]","['https://dl5zpyw5k3jeb.cloudfront.net/photos/pets/26466406/1/?bust=1371847445&width=300', 'https://dl5zpyw5k3jeb.cloudfront.net/photos/pets/26466406/2/?bust=1371847449&width=300']"
48166,26461094,https://www.petfinder.com/cat/atticus-26461094/az/sierra-vista/border-animal-rescue-az36/?referrer_id=3830981a-ad4c-4f85-872c-ca9edc50a67e,Cat,Adult,Male,Medium,Long,Persian,"[{'small': 'https://dl5zpyw5k3jeb.cloudfront.net/photos/pets/26461094/1/?bust=1371818325&width=100', 'medium': 'https://dl5zpyw5k3jeb.cloudfront.net/photos/pets/26461094/1/?bust=1371818325&width=300', 'large': 'https://dl5zpyw5k3jeb.cloudfront.net/photos/pets/26461094/1/?bust=1371818325&width=600', 'full': 'https://dl5zpyw5k3jeb.cloudfront.net/photos/pets/26461094/1/?bust=1371818325'}]",['https://dl5zpyw5k3jeb.cloudfront.net/photos/pets/26461094/1/?bust=1371818325&width=300']
48167,26459267,https://www.petfinder.com/cat/abu-poo-26459267/il/schaumburg/staar-second-time-around-animal-rescue-il388/?referrer_id=3830981a-ad4c-4f85-872c-ca9edc50a67e,Cat,Adult,Male,Medium,Long,Persian,"[{'small': 'https://dl5zpyw5k3jeb.cloudfront.net/photos/pets/26459267/1/?bust=1453836904&width=100', 'medium': 'https://dl5zpyw5k3jeb.cloudfront.net/photos/pets/26459267/1/?bust=1453836904&width=300', 'large': 'https://dl5zpyw5k3jeb.cloudfront.net/photos/pets/26459267/1/?bust=1453836904&width=600', 'full': 'https://dl5zpyw5k3jeb.cloudfront.net/photos/pets/26459267/1/?bust=1453836904'}]",['https://dl5zpyw5k3jeb.cloudfront.net/photos/pets/26459267/1/?bust=1453836904&width=300']
48168,26452023,https://www.petfinder.com/cat/persia-and-victor-going-to-rescue-in-wi-jamie-sandy-26452023/il/troy/partners-for-pets-il158/?referrer_id=3830981a-ad4c-4f85-872c-ca9edc50a67e,Cat,Young,Female,Medium,,Persian,"[{'small': 'https://dl5zpyw5k3jeb.cloudfront.net/photos/pets/26452023/1/?bust=1371739134&width=100', 'medium': 'https://dl5zpyw5k3jeb.cloudfront.net/photos/pets/26452023/1/?bust=1371739134&width=300', 'large': 'https://dl5zpyw5k3jeb.cloudfront.net/photos/pets/26452023/1/?bust=1371739134&width=600', 'full': 'https://dl5zpyw5k3jeb.cloudfront.net/photos/pets/26452023/1/?bust=1371739134'}, {'small': 'https://dl5zpyw5k3jeb.cloudfront.net/photos/pets/26452023/2/?bust=1371739135&width=100', 'medium': 'https://dl5zpyw5k3jeb.cloudfront.net/photos/pets/26452023/2/?bust=1371739135&width=300', 'large': 'https://dl5zpyw5k3jeb.cloudfront.net/photos/pets/26452023/2/?bust=1371739135&width=600', 'full': 'https://dl5zpyw5k3jeb.cloudfront.net/photos/pets/26452023/2/?bust=1371739135'}]","['https://dl5zpyw5k3jeb.cloudfront.net/photos/pets/26452023/1/?bust=1371739134&width=300', 'https://dl5zpyw5k3jeb.cloudfront.net/photos/pets/26452023/2/?bust=1371739135&width=300']"
48169,26441409,https://www.petfinder.com/cat/sonja-26441409/ia/mason-city/humane-society-of-north-iowa-ia53/?referrer_id=3830981a-ad4c-4f85-872c-ca9edc50a67e,Cat,Adult,Female,Medium,,Persian,"[{'small': 'https://dl5zpyw5k3jeb.cloudfront.net/photos/pets/26441409/1/?bust=1371654598&width=100', 'medium': 'https://dl5zpyw5k3jeb.cloudfront.net/photos/pets/26441409/1/?bust=1371654598&width=300', 'large': 'https://dl5zpyw5k3jeb.cloudfront.net/photos/pets/26441409/1/?bust=1371654598&width=600', 'full': 'https://dl5zpyw5k3jeb.cloudfront.net/photos/pets/26441409/1/?bust=1371654598'}]",['https://dl5zpyw5k3jeb.cloudfront.net/photos/pets/26441409/1/?bust=1371654598&width=300']
48170,26439152,https://www.petfinder.com/cat/maddie-sacramento-ca-26439152/ca/davis/purebreds-plus-cat-rescue-ca652/?referrer_id=3830981a-ad4c-4f85-872c-ca9edc50a67e,Cat,Adult,Female,Medium,,Persian,"[{'small': 'https://dl5zpyw5k3jeb.cloudfront.net/photos/pets/26439152/1/?bust=1371642381&width=100', 'medium': 'https://dl5zpyw5k3jeb.cloudfront.net/photos/pets/26439152/1/?bust=1371642381&width=300', 'large': 'https://dl5zpyw5k3jeb.cloudfront.net/photos/pets/26439152/1/?bust=1371642381&width=600', 'full': 'https://dl5zpyw5k3jeb.cloudfront.net/photos/pets/26439152/1/?bust=1371642381'}, {'small': 'https://dl5zpyw5k3jeb.cloudfront.net/photos/pets/26439152/2/?bust=1371642383&width=100', 'medium': 'https://dl5zpyw5k3jeb.cloudfront.net/photos/pets/26439152/2/?bust=1371642383&width=300', 'large': 'https://dl5zpyw5k3jeb.cloudfront.net/photos/pets/26439152/2/?bust=1371642383&width=600', 'full': 'https://dl5zpyw5k3jeb.cloudfront.net/photos/pets/26439152/2/?bust=1371642383'}]","['https://dl5zpyw5k3jeb.cloudfront.net/photos/pets/26439152/1/?bust=1371642381&width=300', 'https://dl5zpyw5k3jeb.cloudfront.net/photos/pets/26439152/2/?bust=1371642383&width=300']"
48171,26434083,https://www.petfinder.com/cat/muffin-26434083/la/new-orleans/advocate-and-rescue-sues-mews-and-operation-save-the-whodatt-fur-babies-la305/?referrer_id=3830981a-ad4c-4f85-872c-ca9edc50a67e,Cat,Adult,Male,Medium,Long,Persian,"[{'small': 'https://dl5zpyw5k3jeb.cloudfront.net/photos/pets/26434083/1/?bust=1371596265&width=100', 'medium': 'https://dl5zpyw5k3jeb.cloudfront.net/photos/pets/26434083/1/?bust=1371596265&width=300', 'large': 'https://dl5zpyw5k3jeb.cloudfront.net/photos/pets/26434083/1/?bust=1371596265&width=600', 'full': 'https://dl5zpyw5k3jeb.cloudfront.net/photos/pets/26434083/1/?bust=1371596265'}]",['https://dl5zpyw5k3jeb.cloudfront.net/photos/pets/26434083/1/?bust=1371596265&width=300']
48172,26431475,https://www.petfinder.com/cat/coal-26431475/nj/hamilton/pet-rescue-of-mercer-nj83/?referrer_id=3830981a-ad4c-4f85-872c-ca9edc50a67e,Cat,Adult,Male,Medium,,Persian,"[{'small': 'https://dl5zpyw5k3jeb.cloudfront.net/photos/pets/26431475/1/?bust=1373289524&width=100', 'medium': 'https://dl5zpyw5k3jeb.cloudfront.net/photos/pets/26431475/1/?bust=1373289524&width=300', 'large': 'https://dl5zpyw5k3jeb.cloudfront.net/photos/pets/26431475/1/?bust=1373289524&width=600', 'full': 'https://dl5zpyw5k3jeb.cloudfront.net/photos/pets/26431475/1/?bust=1373289524'}, {'small': 'https://dl5zpyw5k3jeb.cloudfront.net/photos/pets/26431475/2/?bust=1371568708&width=100', 'medium': 'https://dl5zpyw5k3jeb.cloudfront.net/photos/pets/26431475/2/?bust=1371568708&width=300', 'large': 'https://dl5zpyw5k3jeb.cloudfront.net/photos/pets/26431475/2/?bust=1371568708&width=600', 'full': 'https://dl5zpyw5k3jeb.cloudfront.net/photos/pets/26431475/2/?bust=1371568708'}, {'small': 'https://dl5zpyw5k3jeb.cloudfront.net/photos/pets/26431475/3/?bust=1371568709&width=100', 'medium': 'https://dl5zpyw5k3jeb.cloudfront.net/photos/pets/26431475/3/?bust=1371568709&width=300', 'large': 'https://dl5zpyw5k3jeb.cloudfront.net/photos/pets/26431475/3/?bust=1371568709&width=600', 'full': 'https://dl5zpyw5k3jeb.cloudfront.net/photos/pets/26431475/3/?bust=1371568709'}]","['https://dl5zpyw5k3jeb.cloudfront.net/photos/pets/26431475/1/?bust=1373289524&width=300', 'https://dl5zpyw5k3jeb.cloudfront.net/photos/pets/26431475/2/?bust=1371568708&width=300', 'https://dl5zpyw5k3jeb.cloudfront.net/photos/pets/26431475/3/?bust=1371568709&width=300']"
48173,26427541,https://www.petfinder.com/cat/suri-26427541/fl/naples/brookes-legacy-animal-rescue-inc-fl605/?referrer_id=3830981a-ad4c-4f85-872c-ca9edc50a67e,Cat,Adult,Female,Small,,Persian,"[{'small': 'https://dl5zpyw5k3jeb.cloudfront.net/photos/pets/26427541/1/?bust=1371542088&width=100', 'medium': 'https://dl5zpyw5k3jeb.cloudfront.net/photos/pets/26427541/1/?bust=1371542088&width=300', 'large': 'https://dl5zpyw5k3jeb.cloudfront.net/photos/pets/26427541/1/?bust=1371542088&width=600', 'full': 'https://dl5zpyw5k3jeb.cloudfront.net/photos/pets/26427541/1/?bust=1371542088'}]",['https://dl5zpyw5k3jeb.cloudfront.net/photos/pets/26427541/1/?bust=1371542088&width=300']
48174,26426539,https://www.petfinder.com/cat/cinnia-26426539/tx/converse/south-texas-persian-rescue-tx512/?referrer_id=3830981a-ad4c-4f85-872c-ca9edc50a67e,Cat,Young,Female,Medium,Long,Persian,"[{'small': 'https://dl5zpyw5k3jeb.cloudfront.net/photos/pets/26426539/1/?bust=1371516969&width=100', 'medium': 'https://dl5zpyw5k3jeb.cloudfront.net/photos/pets/26426539/1/?bust=1371516969&width=300', 'large': 'https://dl5zpyw5k3jeb.cloudfront.net/photos/pets/26426539/1/?bust=1371516969&width=600', 'full': 'https://dl5zpyw5k3jeb.cloudfront.net/photos/pets/26426539/1/?bust=1371516969'}, {'small': 'https://dl5zpyw5k3jeb.cloudfront.net/photos/pets/26426539/2/?bust=1371516972&width=100', 'medium': 'https://dl5zpyw5k3jeb.cloudfront.net/photos/pets/26426539/2/?bust=1371516972&width=300', 'large': 'https://dl5zpyw5k3jeb.cloudfront.net/photos/pets/26426539/2/?bust=1371516972&width=600', 'full': 'https://dl5zpyw5k3jeb.cloudfront.net/photos/pets/26426539/2/?bust=1371516972'}, {'small': 'https://dl5zpyw5k3jeb.cloudfront.net/photos/pets/26426539/3/?bust=1371516974&width=100', 'medium': 'https://dl5zpyw5k3jeb.cloudfront.net/photos/pets/26426539/3/?bust=1371516974&width=300', 'large': 'https://dl5zpyw5k3jeb.cloudfront.net/photos/pets/26426539/3/?bust=1371516974&width=600', 'full': 'https://dl5zpyw5k3jeb.cloudfront.net/photos/pets/26426539/3/?bust=1371516974'}]","['https://dl5zpyw5k3jeb.cloudfront.net/photos/pets/26426539/1/?bust=1371516969&width=300', 'https://dl5zpyw5k3jeb.cloudfront.net/photos/pets/26426539/2/?bust=1371516972&width=300', 'https://dl5zpyw5k3jeb.cloudfront.net/photos/pets/26426539/3/?bust=1371516974&width=300']"
48175,26415922,https://www.petfinder.com/cat/mia-26415922/pa/edinburg/judges-park-pa366/?referrer_id=3830981a-ad4c-4f85-872c-ca9edc50a67e,Cat,Adult,Female,Small,Long,Persian,"[{'small': 'https://dl5zpyw5k3jeb.cloudfront.net/photos/pets/26415922/1/?bust=1371416358&width=100', 'medium': 'https://dl5zpyw5k3jeb.cloudfront.net/photos/pets/26415922/1/?bust=1371416358&width=300', 'large': 'https://dl5zpyw5k3jeb.cloudfront.net/photos/pets/26415922/1/?bust=1371416358&width=600', 'full': 'https://dl5zpyw5k3jeb.cloudfront.net/photos/pets/26415922/1/?bust=1371416358'}, {'small': 'https://dl5zpyw5k3jeb.cloudfront.net/photos/pets/26415922/2/?bust=1371416359&width=100', 'medium': 'https://dl5zpyw5k3jeb.cloudfront.net/photos/pets/26415922/2/?bust=1371416359&width=300', 'large': 'https://dl5zpyw5k3jeb.cloudfront.net/photos/pets/26415922/2/?bust=1371416359&width=600', 'full': 'https://dl5zpyw5k3jeb.cloudfront.net/photos/pets/26415922/2/?bust=1371416359'}]","['https://dl5zpyw5k3jeb.cloudfront.net/photos/pets/26415922/1/?bust=1371416358&width=300', 'https://dl5zpyw5k3jeb.cloudfront.net/photos/pets/26415922/2/?bust=1371416359&width=300']"
48176,26415508,https://www.petfinder.com/cat/fuzz-26415508/il/naperville/a-dot-do-dot-pt-pet-shelter-il171/?referrer_id=3830981a-ad4c-4f85-872c-ca9edc50a67e,Cat,Adult,Male,Medium,,Persian,"[{'small': 'https://dl5zpyw5k3jeb.cloudfront.net/photos/pets/26415508/1/?bust=1371412550&width=100', 'medium': 'https://dl5zpyw5k3jeb.cloudfront.net/photos/pets/26415508/1/?bust=1371412550&width=300', 'large': 'https://dl5zpyw5k3jeb.cloudfront.net/photos/pets/26415508/1/?bust=1371412550&width=600', 'full': 'https://dl5zpyw5k3jeb.cloudfront.net/photos/pets/26415508/1/?bust=1371412550'}, {'small': 'https://dl5zpyw5k3jeb.cloudfront.net/photos/pets/26415508/2/?bust=1371412551&width=100', 'medium': 'https://dl5zpyw5k3jeb.cloudfront.net/photos/pets/26415508/2/?bust=1371412551&width=300', 'large': 'https://dl5zpyw5k3jeb.cloudfront.net/photos/pets/26415508/2/?bust=1371412551&width=600', 'full': 'https://dl5zpyw5k3jeb.cloudfront.net/photos/pets/26415508/2/?bust=1371412551'}, {'small': 'https://dl5zpyw5k3jeb.cloudfront.net/photos/pets/26415508/3/?bust=1371412552&width=100', 'medium': 'https://dl5zpyw5k3jeb.cloudfront.net/photos/pets/26415508/3/?bust=1371412552&width=300', 'large': 'https://dl5zpyw5k3jeb.cloudfront.net/photos/pets/26415508/3/?bust=1371412552&width=600', 'full': 'https://dl5zpyw5k3jeb.cloudfront.net/photos/pets/26415508/3/?bust=1371412552'}]","['https://dl5zpyw5k3jeb.cloudfront.net/photos/pets/26415508/1/?bust=1371412550&width=300', 'https://dl5zpyw5k3jeb.cloudfront.net/photos/pets/26415508/2/?bust=1371412551&width=300', 'https://dl5zpyw5k3jeb.cloudfront.net/photos/pets/26415508/3/?bust=1371412552&width=300']"
48177,26401725,https://www.petfinder.com/cat/cp-tinkerbell-26401725/ca/fair-oaks/fluff-buddies-ca721/?referrer_id=3830981a-ad4c-4f85-872c-ca9edc50a67e,Cat,Adult,Female,Medium,Long,Persian,"[{'small': 'https://dl5zpyw5k3jeb.cloudfront.net/photos/pets/26401725/1/?bust=1371254489&width=100', 'medium': 'https://dl5zpyw5k3jeb.cloudfront.net/photos/pets/26401725/1/?bust=1371254489&width=300', 'large': 'https://dl5zpyw5k3jeb.cloudfront.net/photos/pets/26401725/1/?bust=1371254489&width=600', 'full': 'https://dl5zpyw5k3jeb.cloudfront.net/photos/pets/26401725/1/?bust=1371254489'}]",['https://dl5zpyw5k3jeb.cloudfront.net/photos/pets/26401725/1/?bust=1371254489&width=300']
48178,26398044,https://www.petfinder.com/cat/polo-cp-26398044/ca/oakland/maine-coon-adoptions-mca-ca935/?referrer_id=3830981a-ad4c-4f85-872c-ca9edc50a67e,Cat,Senior,Male,Medium,Long,Persian,"[{'small': 'https://dl5zpyw5k3jeb.cloudfront.net/photos/pets/26398044/1/?bust=1371230644&width=100', 'medium': 'https://dl5zpyw5k3jeb.cloudfront.net/photos/pets/26398044/1/?bust=1371230644&width=300', 'large': 'https://dl5zpyw5k3jeb.cloudfront.net/photos/pets/26398044/1/?bust=1371230644&width=600', 'full': 'https://dl5zpyw5k3jeb.cloudfront.net/photos/pets/26398044/1/?bust=1371230644'}, {'small': 'https://dl5zpyw5k3jeb.cloudfront.net/photos/pets/26398044/2/?bust=1371230646&width=100', 'medium': 'https://dl5zpyw5k3jeb.cloudfront.net/photos/pets/26398044/2/?bust=1371230646&width=300', 'large': 'https://dl5zpyw5k3jeb.cloudfront.net/photos/pets/26398044/2/?bust=1371230646&width=600', 'full': 'https://dl5zpyw5k3jeb.cloudfront.net/photos/pets/26398044/2/?bust=1371230646'}, {'small': 'https://dl5zpyw5k3jeb.cloudfront.net/photos/pets/26398044/3/?bust=1371230647&width=100', 'medium': 'https://dl5zpyw5k3jeb.cloudfront.net/photos/pets/26398044/3/?bust=1371230647&width=300', 'large': 'https://dl5zpyw5k3jeb.cloudfront.net/photos/pets/26398044/3/?bust=1371230647&width=600', 'full': 'https://dl5zpyw5k3jeb.cloudfront.net/photos/pets/26398044/3/?bust=1371230647'}]","['https://dl5zpyw5k3jeb.cloudfront.net/photos/pets/26398044/1/?bust=1371230644&width=300', 'https://dl5zpyw5k3jeb.cloudfront.net/photos/pets/26398044/2/?bust=1371230646&width=300', 'https://dl5zpyw5k3jeb.cloudfront.net/photos/pets/26398044/3/?bust=1371230647&width=300']"
48179,26394650,https://www.petfinder.com/cat/rain-26394650/or/hillsboro/bonnie-l-hays-small-animal-shelter-of-washington-county-or31/?referrer_id=3830981a-ad4c-4f85-872c-ca9edc50a67e,Cat,Adult,Female,Medium,,Persian,"[{'small': 'https://dl5zpyw5k3jeb.cloudfront.net/photos/pets/26394650/1/?bust=1371214305&width=100', 'medium': 'https://dl5zpyw5k3jeb.cloudfront.net/photos/pets/26394650/1/?bust=1371214305&width=300', 'large': 'https://dl5zpyw5k3jeb.cloudfront.net/photos/pets/26394650/1/?bust=1371214305&width=600', 'full': 'https://dl5zpyw5k3jeb.cloudfront.net/photos/pets/26394650/1/?bust=1371214305'}, {'small': 'https://dl5zpyw5k3jeb.cloudfront.net/photos/pets/26394650/2/?bust=1371214307&width=100', 'medium': 'https://dl5zpyw5k3jeb.cloudfront.net/photos/pets/26394650/2/?bust=1371214307&width=300', 'large': 'https://dl5zpyw5k3jeb.cloudfront.net/photos/pets/26394650/2/?bust=1371214307&width=600', 'full': 'https://dl5zpyw5k3jeb.cloudfront.net/photos/pets/26394650/2/?bust=1371214307'}]","['https://dl5zpyw5k3jeb.cloudfront.net/photos/pets/26394650/1/?bust=1371214305&width=300', 'https://dl5zpyw5k3jeb.cloudfront.net/photos/pets/26394650/2/?bust=1371214307&width=300']"
48180,26389786,https://www.petfinder.com/cat/diablo-26389786/ut/ogden/weber-county-animal-services-ut27/?referrer_id=3830981a-ad4c-4f85-872c-ca9edc50a67e,Cat,Adult,Male,Large,,Persian,"[{'small': 'https://dl5zpyw5k3jeb.cloudfront.net/photos/pets/26389786/1/?bust=1371160446&width=100', 'medium': 'https://dl5zpyw5k3jeb.cloudfront.net/photos/pets/26389786/1/?bust=1371160446&width=300', 'large': 'https://dl5zpyw5k3jeb.cloudfront.net/photos/pets/26389786/1/?bust=1371160446&width=600', 'full': 'https://dl5zpyw5k3jeb.cloudfront.net/photos/pets/26389786/1/?bust=1371160446'}]",['https://dl5zpyw5k3jeb.cloudfront.net/photos/pets/26389786/1/?bust=1371160446&width=300']
48181,26380129,https://www.petfinder.com/cat/zoe-26380129/ca/beverly-hills/helping-persian-cats-ca827/?referrer_id=3830981a-ad4c-4f85-872c-ca9edc50a67e,Cat,Adult,Female,Medium,Long,Persian,"[{'small': 'https://dl5zpyw5k3jeb.cloudfront.net/photos/pets/26380129/3/?bust=1432242274&width=100', 'medium': 'https://dl5zpyw5k3jeb.cloudfront.net/photos/pets/26380129/3/?bust=1432242274&width=300', 'large': 'https://dl5zpyw5k3jeb.cloudfront.net/photos/pets/26380129/3/?bust=1432242274&width=600', 'full': 'https://dl5zpyw5k3jeb.cloudfront.net/photos/pets/26380129/3/?bust=1432242274'}, {'small': 'https://dl5zpyw5k3jeb.cloudfront.net/photos/pets/26380129/1/?bust=1432242274&width=100', 'medium': 'https://dl5zpyw5k3jeb.cloudfront.net/photos/pets/26380129/1/?bust=1432242274&width=300', 'large': 'https://dl5zpyw5k3jeb.cloudfront.net/photos/pets/26380129/1/?bust=1432242274&width=600', 'full': 'https://dl5zpyw5k3jeb.cloudfront.net/photos/pets/26380129/1/?bust=1432242274'}, {'small': 'https://dl5zpyw5k3jeb.cloudfront.net/photos/pets/26380129/2/?bust=1432242274&width=100', 'medium': 'https://dl5zpyw5k3jeb.cloudfront.net/photos/pets/26380129/2/?bust=1432242274&width=300', 'large': 'https://dl5zpyw5k3jeb.cloudfront.net/photos/pets/26380129/2/?bust=1432242274&width=600', 'full': 'https://dl5zpyw5k3jeb.cloudfront.net/photos/pets/26380129/2/?bust=1432242274'}]","['https://dl5zpyw5k3jeb.cloudfront.net/photos/pets/26380129/3/?bust=1432242274&width=300', 'https://dl5zpyw5k3jeb.cloudfront.net/photos/pets/26380129/1/?bust=1432242274&width=300', 'https://dl5zpyw5k3jeb.cloudfront.net/photos/pets/26380129/2/?bust=1432242274&width=300']"
48182,26375357,https://www.petfinder.com/cat/disco-26375357/ok/tulsa/animal-rescue-foundation-ok61/?referrer_id=3830981a-ad4c-4f85-872c-ca9edc50a67e,Cat,Adult,Female,Small,Long,Persian,"[{'small': 'https://dl5zpyw5k3jeb.cloudfront.net/photos/pets/26375357/1/?bust=1371056281&width=100', 'medium': 'https://dl5zpyw5k3jeb.cloudfront.net/photos/pets/26375357/1/?bust=1371056281&width=300', 'large': 'https://dl5zpyw5k3jeb.cloudfront.net/photos/pets/26375357/1/?bust=1371056281&width=600', 'full': 'https://dl5zpyw5k3jeb.cloudfront.net/photos/pets/26375357/1/?bust=1371056281'}]",['https://dl5zpyw5k3jeb.cloudfront.net/photos/pets/26375357/1/?bust=1371056281&width=300']
48183,26370780,https://www.petfinder.com/cat/guizmo-26370780/vt/east-montpelier/central-vermont-humane-society-vt08/?referrer_id=3830981a-ad4c-4f85-872c-ca9edc50a67e,Cat,Adult,Male,Medium,Long,Persian,"[{'small': 'https://dl5zpyw5k3jeb.cloudfront.net/photos/pets/26370780/1/?bust=1371114879&width=100', 'medium': 'https://dl5zpyw5k3jeb.cloudfront.net/photos/pets/26370780/1/?bust=1371114879&width=300', 'large': 'https://dl5zpyw5k3jeb.cloudfront.net/photos/pets/26370780/1/?bust=1371114879&width=600', 'full': 'https://dl5zpyw5k3jeb.cloudfront.net/photos/pets/26370780/1/?bust=1371114879'}]",['https://dl5zpyw5k3jeb.cloudfront.net/photos/pets/26370780/1/?bust=1371114879&width=300']
48184,26360548,https://www.petfinder.com/cat/lucille-26360548/ca/san-francisco/persian-and-himalayan-cat-rescue-ca1063/?referrer_id=3830981a-ad4c-4f85-872c-ca9edc50a67e,Cat,Young,Female,Medium,Long,Persian,"[{'small': 'https://dl5zpyw5k3jeb.cloudfront.net/photos/pets/26360548/1/?bust=1370948960&width=100', 'medium': 'https://dl5zpyw5k3jeb.cloudfront.net/photos/pets/26360548/1/?bust=1370948960&width=300', 'large': 'https://dl5zpyw5k3jeb.cloudfront.net/photos/pets/26360548/1/?bust=1370948960&width=600', 'full': 'https://dl5zpyw5k3jeb.cloudfront.net/photos/pets/26360548/1/?bust=1370948960'}, {'small': 'https://dl5zpyw5k3jeb.cloudfront.net/photos/pets/26360548/2/?bust=1370949326&width=100', 'medium': 'https://dl5zpyw5k3jeb.cloudfront.net/photos/pets/26360548/2/?bust=1370949326&width=300', 'large': 'https://dl5zpyw5k3jeb.cloudfront.net/photos/pets/26360548/2/?bust=1370949326&width=600', 'full': 'https://dl5zpyw5k3jeb.cloudfront.net/photos/pets/26360548/2/?bust=1370949326'}, {'small': 'https://dl5zpyw5k3jeb.cloudfront.net/photos/pets/26360548/3/?bust=1370949327&width=100', 'medium': 'https://dl5zpyw5k3jeb.cloudfront.net/photos/pets/26360548/3/?bust=1370949327&width=300', 'large': 'https://dl5zpyw5k3jeb.cloudfront.net/photos/pets/26360548/3/?bust=1370949327&width=600', 'full': 'https://dl5zpyw5k3jeb.cloudfront.net/photos/pets/26360548/3/?bust=1370949327'}]","['https://dl5zpyw5k3jeb.cloudfront.net/photos/pets/26360548/1/?bust=1370948960&width=300', 'https://dl5zpyw5k3jeb.cloudfront.net/photos/pets/26360548/2/?bust=1370949326&width=300', 'https://dl5zpyw5k3jeb.cloudfront.net/photos/pets/26360548/3/?bust=1370949327&width=300']"
48185,26354203,https://www.petfinder.com/cat/sebastian-26354203/tx/dallas/east-lake-pet-orphanage-tx406/?referrer_id=3830981a-ad4c-4f85-872c-ca9edc50a67e,Cat,Senior,Male,Medium,Long,Persian,"[{'small': 'https://dl5zpyw5k3jeb.cloudfront.net/photos/pets/26354203/1/?bust=1370879916&width=100', 'medium': 'https://dl5zpyw5k3jeb.cloudfront.net/photos/pets/26354203/1/?bust=1370879916&width=300', 'large': 'https://dl5zpyw5k3jeb.cloudfront.net/photos/pets/26354203/1/?bust=1370879916&width=600', 'full': 'https://dl5zpyw5k3jeb.cloudfront.net/photos/pets/26354203/1/?bust=1370879916'}, {'small': 'https://dl5zpyw5k3jeb.cloudfront.net/photos/pets/26354203/2/?bust=1370879919&width=100', 'medium': 'https://dl5zpyw5k3jeb.cloudfront.net/photos/pets/26354203/2/?bust=1370879919&width=300', 'large': 'https://dl5zpyw5k3jeb.cloudfront.net/photos/pets/26354203/2/?bust=1370879919&width=600', 'full': 'https://dl5zpyw5k3jeb.cloudfront.net/photos/pets/26354203/2/?bust=1370879919'}]","['https://dl5zpyw5k3jeb.cloudfront.net/photos/pets/26354203/1/?bust=1370879916&width=300', 'https://dl5zpyw5k3jeb.cloudfront.net/photos/pets/26354203/2/?bust=1370879919&width=300']"
48186,26350405,https://www.petfinder.com/cat/a20055869-suki-26350405/qc/montreal/spca-montreal-qc06/?referrer_id=3830981a-ad4c-4f85-872c-ca9edc50a67e,Cat,Adult,Female,Medium,Medium,Persian,"[{'small': 'https://dl5zpyw5k3jeb.cloudfront.net/photos/pets/26350405/1/?bust=1370853397&width=100', 'medium': 'https://dl5zpyw5k3jeb.cloudfront.net/photos/pets/26350405/1/?bust=1370853397&width=300', 'large': 'https://dl5zpyw5k3jeb.cloudfront.net/photos/pets/26350405/1/?bust=1370853397&width=600', 'full': 'https://dl5zpyw5k3jeb.cloudfront.net/photos/pets/26350405/1/?bust=1370853397'}, {'small': 'https://dl5zpyw5k3jeb.cloudfront.net/photos/pets/26350405/2/?bust=1370853399&width=100', 'medium': 'https://dl5zpyw5k3jeb.cloudfront.net/photos/pets/26350405/2/?bust=1370853399&width=300', 'large': 'https://dl5zpyw5k3jeb.cloudfront.net/photos/pets/26350405/2/?bust=1370853399&width=600', 'full': 'https://dl5zpyw5k3jeb.cloudfront.net/photos/pets/26350405/2/?bust=1370853399'}, {'small': 'https://dl5zpyw5k3jeb.cloudfront.net/photos/pets/26350405/3/?bust=1370853401&width=100', 'medium': 'https://dl5zpyw5k3jeb.cloudfront.net/photos/pets/26350405/3/?bust=1370853401&width=300', 'large': 'https://dl5zpyw5k3jeb.cloudfront.net/photos/pets/26350405/3/?bust=1370853401&width=600', 'full': 'https://dl5zpyw5k3jeb.cloudfront.net/photos/pets/26350405/3/?bust=1370853401'}]","['https://dl5zpyw5k3jeb.cloudfront.net/photos/pets/26350405/1/?bust=1370853397&width=300', 'https://dl5zpyw5k3jeb.cloudfront.net/photos/pets/26350405/2/?bust=1370853399&width=300', 'https://dl5zpyw5k3jeb.cloudfront.net/photos/pets/26350405/3/?bust=1370853401&width=300']"
48187,26341999,https://www.petfinder.com/cat/persia-and-jasmine-26341999/co/fort-collins/fort-collins-cat-rescue-and-spay-neuter-clinic-co214/?referrer_id=3830981a-ad4c-4f85-872c-ca9edc50a67e,Cat,Adult,Female,Medium,,Persian,"[{'small': 'https://dl5zpyw5k3jeb.cloudfront.net/photos/pets/26341999/3/?bust=1389116016&width=100', 'medium': 'https://dl5zpyw5k3jeb.cloudfront.net/photos/pets/26341999/3/?bust=1389116016&width=300', 'large': 'https://dl5zpyw5k3jeb.cloudfront.net/photos/pets/26341999/3/?bust=1389116016&width=600', 'full': 'https://dl5zpyw5k3jeb.cloudfront.net/photos/pets/26341999/3/?bust=1389116016'}, {'small': 'https://dl5zpyw5k3jeb.cloudfront.net/photos/pets/26341999/1/?bust=1377823104&width=100', 'medium': 'https://dl5zpyw5k3jeb.cloudfront.net/photos/pets/26341999/1/?bust=1377823104&width=300', 'large': 'https://dl5zpyw5k3jeb.cloudfront.net/photos/pets/26341999/1/?bust=1377823104&width=600', 'full': 'https://dl5zpyw5k3jeb.cloudfront.net/photos/pets/26341999/1/?bust=1377823104'}, {'small': 'https://dl5zpyw5k3jeb.cloudfront.net/photos/pets/26341999/2/?bust=1370791461&width=100', 'medium': 'https://dl5zpyw5k3jeb.cloudfront.net/photos/pets/26341999/2/?bust=1370791461&width=300', 'large': 'https://dl5zpyw5k3jeb.cloudfront.net/photos/pets/26341999/2/?bust=1370791461&width=600', 'full': 'https://dl5zpyw5k3jeb.cloudfront.net/photos/pets/26341999/2/?bust=1370791461'}]","['https://dl5zpyw5k3jeb.cloudfront.net/photos/pets/26341999/3/?bust=1389116016&width=300', 'https://dl5zpyw5k3jeb.cloudfront.net/photos/pets/26341999/1/?bust=1377823104&width=300', 'https://dl5zpyw5k3jeb.cloudfront.net/photos/pets/26341999/2/?bust=1370791461&width=300']"
48188,26341982,https://www.petfinder.com/cat/shasha-26341982/bc/surrey/sara-society-save-animals-through-rescue-and-adoption-bc132/?referrer_id=3830981a-ad4c-4f85-872c-ca9edc50a67e,Cat,Adult,Female,Extra Large,Long,Persian,"[{'small': 'https://dl5zpyw5k3jeb.cloudfront.net/photos/pets/26341982/1/?bust=1461239879&width=100', 'medium': 'https://dl5zpyw5k3jeb.cloudfront.net/photos/pets/26341982/1/?bust=1461239879&width=300', 'large': 'https://dl5zpyw5k3jeb.cloudfront.net/photos/pets/26341982/1/?bust=1461239879&width=600', 'full': 'https://dl5zpyw5k3jeb.cloudfront.net/photos/pets/26341982/1/?bust=1461239879'}, {'small': 'https://dl5zpyw5k3jeb.cloudfront.net/photos/pets/26341982/2/?bust=1461239879&width=100', 'medium': 'https://dl5zpyw5k3jeb.cloudfront.net/photos/pets/26341982/2/?bust=1461239879&width=300', 'large': 'https://dl5zpyw5k3jeb.cloudfront.net/photos/pets/26341982/2/?bust=1461239879&width=600', 'full': 'https://dl5zpyw5k3jeb.cloudfront.net/photos/pets/26341982/2/?bust=1461239879'}]","['https://dl5zpyw5k3jeb.cloudfront.net/photos/pets/26341982/1/?bust=1461239879&width=300', 'https://dl5zpyw5k3jeb.cloudfront.net/photos/pets/26341982/2/?bust=1461239879&width=300']"
48189,26336403,https://www.petfinder.com/cat/teddy-26336403/wa/spokane-valley/partners-for-pets-wa178/?referrer_id=3830981a-ad4c-4f85-872c-ca9edc50a67e,Cat,Adult,Male,Medium,Long,Persian,"[{'small': 'https://dl5zpyw5k3jeb.cloudfront.net/photos/pets/26336403/1/?bust=1370689901&width=100', 'medium': 'https://dl5zpyw5k3jeb.cloudfront.net/photos/pets/26336403/1/?bust=1370689901&width=300', 'large': 'https://dl5zpyw5k3jeb.cloudfront.net/photos/pets/26336403/1/?bust=1370689901&width=600', 'full': 'https://dl5zpyw5k3jeb.cloudfront.net/photos/pets/26336403/1/?bust=1370689901'}, {'small': 'https://dl5zpyw5k3jeb.cloudfront.net/photos/pets/26336403/2/?bust=1373119646&width=100', 'medium': 'https://dl5zpyw5k3jeb.cloudfront.net/photos/pets/26336403/2/?bust=1373119646&width=300', 'large': 'https://dl5zpyw5k3jeb.cloudfront.net/photos/pets/26336403/2/?bust=1373119646&width=600', 'full': 'https://dl5zpyw5k3jeb.cloudfront.net/photos/pets/26336403/2/?bust=1373119646'}, {'small': 'https://dl5zpyw5k3jeb.cloudfront.net/photos/pets/26336403/3/?bust=1373119647&width=100', 'medium': 'https://dl5zpyw5k3jeb.cloudfront.net/photos/pets/26336403/3/?bust=1373119647&width=300', 'large': 'https://dl5zpyw5k3jeb.cloudfront.net/photos/pets/26336403/3/?bust=1373119647&width=600', 'full': 'https://dl5zpyw5k3jeb.cloudfront.net/photos/pets/26336403/3/?bust=1373119647'}]","['https://dl5zpyw5k3jeb.cloudfront.net/photos/pets/26336403/1/?bust=1370689901&width=300', 'https://dl5zpyw5k3jeb.cloudfront.net/photos/pets/26336403/2/?bust=1373119646&width=300', 'https://dl5zpyw5k3jeb.cloudfront.net/photos/pets/26336403/3/?bust=1373119647&width=300']"
48190,26335591,https://www.petfinder.com/cat/ambrosia-26335591/ks/merriam/divapets-cat-rescue-ks195/?referrer_id=3830981a-ad4c-4f85-872c-ca9edc50a67e,Cat,Adult,Female,Small,Long,Persian,"[{'small': 'https://dl5zpyw5k3jeb.cloudfront.net/photos/pets/26335591/1/?bust=1370683016&width=100', 'medium': 'https://dl5zpyw5k3jeb.cloudfront.net/photos/pets/26335591/1/?bust=1370683016&width=300', 'large': 'https://dl5zpyw5k3jeb.cloudfront.net/photos/pets/26335591/1/?bust=1370683016&width=600', 'full': 'https://dl5zpyw5k3jeb.cloudfront.net/photos/pets/26335591/1/?bust=1370683016'}, {'small': 'https://dl5zpyw5k3jeb.cloudfront.net/photos/pets/26335591/2/?bust=1370686928&width=100', 'medium': 'https://dl5zpyw5k3jeb.cloudfront.net/photos/pets/26335591/2/?bust=1370686928&width=300', 'large': 'https://dl5zpyw5k3jeb.cloudfront.net/photos/pets/26335591/2/?bust=1370686928&width=600', 'full': 'https://dl5zpyw5k3jeb.cloudfront.net/photos/pets/26335591/2/?bust=1370686928'}, {'small': 'https://dl5zpyw5k3jeb.cloudfront.net/photos/pets/26335591/3/?bust=1370686931&width=100', 'medium': 'https://dl5zpyw5k3jeb.cloudfront.net/photos/pets/26335591/3/?bust=1370686931&width=300', 'large': 'https://dl5zpyw5k3jeb.cloudfront.net/photos/pets/26335591/3/?bust=1370686931&width=600', 'full': 'https://dl5zpyw5k3jeb.cloudfront.net/photos/pets/26335591/3/?bust=1370686931'}]","['https://dl5zpyw5k3jeb.cloudfront.net/photos/pets/26335591/1/?bust=1370683016&width=300', 'https://dl5zpyw5k3jeb.cloudfront.net/photos/pets/26335591/2/?bust=1370686928&width=300', 'https://dl5zpyw5k3jeb.cloudfront.net/photos/pets/26335591/3/?bust=1370686931&width=300']"
48191,26335307,https://www.petfinder.com/cat/ivy-26335307/mn/rochester/camp-companion-mn245/?referrer_id=3830981a-ad4c-4f85-872c-ca9edc50a67e,Cat,Senior,Female,Medium,Long,Persian,"[{'small': 'https://dl5zpyw5k3jeb.cloudfront.net/photos/pets/26335307/1/?bust=1370677553&width=100', 'medium': 'https://dl5zpyw5k3jeb.cloudfront.net/photos/pets/26335307/1/?bust=1370677553&width=300', 'large': 'https://dl5zpyw5k3jeb.cloudfront.net/photos/pets/26335307/1/?bust=1370677553&width=600', 'full': 'https://dl5zpyw5k3jeb.cloudfront.net/photos/pets/26335307/1/?bust=1370677553'}, {'small': 'https://dl5zpyw5k3jeb.cloudfront.net/photos/pets/26335307/2/?bust=1370677553&width=100', 'medium': 'https://dl5zpyw5k3jeb.cloudfront.net/photos/pets/26335307/2/?bust=1370677553&width=300', 'large': 'https://dl5zpyw5k3jeb.cloudfront.net/photos/pets/26335307/2/?bust=1370677553&width=600', 'full': 'https://dl5zpyw5k3jeb.cloudfront.net/photos/pets/26335307/2/?bust=1370677553'}]","['https://dl5zpyw5k3jeb.cloudfront.net/photos/pets/26335307/1/?bust=1370677553&width=300', 'https://dl5zpyw5k3jeb.cloudfront.net/photos/pets/26335307/2/?bust=1370677553&width=300']"
48192,26324496,https://www.petfinder.com/cat/kendra-26324496/il/plainfield/starfish-animal-rescue-il599/?referrer_id=3830981a-ad4c-4f85-872c-ca9edc50a67e,Cat,Adult,Female,Medium,Long,Persian,"[{'small': 'https://dl5zpyw5k3jeb.cloudfront.net/photos/pets/26324496/1/?bust=1370559485&width=100', 'medium': 'https://dl5zpyw5k3jeb.cloudfront.net/photos/pets/26324496/1/?bust=1370559485&width=300', 'large': 'https://dl5zpyw5k3jeb.cloudfront.net/photos/pets/26324496/1/?bust=1370559485&width=600', 'full': 'https://dl5zpyw5k3jeb.cloudfront.net/photos/pets/26324496/1/?bust=1370559485'}, {'small': 'https://dl5zpyw5k3jeb.cloudfront.net/photos/pets/26324496/2/?bust=1370559498&width=100', 'medium': 'https://dl5zpyw5k3jeb.cloudfront.net/photos/pets/26324496/2/?bust=1370559498&width=300', 'large': 'https://dl5zpyw5k3jeb.cloudfront.net/photos/pets/26324496/2/?bust=1370559498&width=600', 'full': 'https://dl5zpyw5k3jeb.cloudfront.net/photos/pets/26324496/2/?bust=1370559498'}, {'small': 'https://dl5zpyw5k3jeb.cloudfront.net/photos/pets/26324496/3/?bust=1371579375&width=100', 'medium': 'https://dl5zpyw5k3jeb.cloudfront.net/photos/pets/26324496/3/?bust=1371579375&width=300', 'large': 'https://dl5zpyw5k3jeb.cloudfront.net/photos/pets/26324496/3/?bust=1371579375&width=600', 'full': 'https://dl5zpyw5k3jeb.cloudfront.net/photos/pets/26324496/3/?bust=1371579375'}]","['https://dl5zpyw5k3jeb.cloudfront.net/photos/pets/26324496/1/?bust=1370559485&width=300', 'https://dl5zpyw5k3jeb.cloudfront.net/photos/pets/26324496/2/?bust=1370559498&width=300', 'https://dl5zpyw5k3jeb.cloudfront.net/photos/pets/26324496/3/?bust=1371579375&width=300']"
48193,26324420,https://www.petfinder.com/cat/keely-26324420/il/plainfield/starfish-animal-rescue-il599/?referrer_id=3830981a-ad4c-4f85-872c-ca9edc50a67e,Cat,Adult,Female,Medium,Long,Persian,"[{'small': 'https://dl5zpyw5k3jeb.cloudfront.net/photos/pets/26324420/3/?bust=1371579331&width=100', 'medium': 'https://dl5zpyw5k3jeb.cloudfront.net/photos/pets/26324420/3/?bust=1371579331&width=300', 'large': 'https://dl5zpyw5k3jeb.cloudfront.net/photos/pets/26324420/3/?bust=1371579331&width=600', 'full': 'https://dl5zpyw5k3jeb.cloudfront.net/photos/pets/26324420/3/?bust=1371579331'}, {'small': 'https://dl5zpyw5k3jeb.cloudfront.net/photos/pets/26324420/1/?bust=1370558675&width=100', 'medium': 'https://dl5zpyw5k3jeb.cloudfront.net/photos/pets/26324420/1/?bust=1370558675&width=300', 'large': 'https://dl5zpyw5k3jeb.cloudfront.net/photos/pets/26324420/1/?bust=1370558675&width=600', 'full': 'https://dl5zpyw5k3jeb.cloudfront.net/photos/pets/26324420/1/?bust=1370558675'}, {'small': 'https://dl5zpyw5k3jeb.cloudfront.net/photos/pets/26324420/2/?bust=1370558679&width=100', 'medium': 'https://dl5zpyw5k3jeb.cloudfront.net/photos/pets/26324420/2/?bust=1370558679&width=300', 'large': 'https://dl5zpyw5k3jeb.cloudfront.net/photos/pets/26324420/2/?bust=1370558679&width=600', 'full': 'https://dl5zpyw5k3jeb.cloudfront.net/photos/pets/26324420/2/?bust=1370558679'}]","['https://dl5zpyw5k3jeb.cloudfront.net/photos/pets/26324420/3/?bust=1371579331&width=300', 'https://dl5zpyw5k3jeb.cloudfront.net/photos/pets/26324420/1/?bust=1370558675&width=300', 'https://dl5zpyw5k3jeb.cloudfront.net/photos/pets/26324420/2/?bust=1370558679&width=300']"
48194,26322853,https://www.petfinder.com/cat/liner-26322853/nc/marion/mercy-fund-animal-rescue-inc-nc461/?referrer_id=3830981a-ad4c-4f85-872c-ca9edc50a67e,Cat,Young,Male,Medium,Long,Persian,"[{'small': 'https://dl5zpyw5k3jeb.cloudfront.net/photos/pets/26322853/3/?bust=1371192554&width=100', 'medium': 'https://dl5zpyw5k3jeb.cloudfront.net/photos/pets/26322853/3/?bust=1371192554&width=300', 'large': 'https://dl5zpyw5k3jeb.cloudfront.net/photos/pets/26322853/3/?bust=1371192554&width=600', 'full': 'https://dl5zpyw5k3jeb.cloudfront.net/photos/pets/26322853/3/?bust=1371192554'}, {'small': 'https://dl5zpyw5k3jeb.cloudfront.net/photos/pets/26322853/1/?bust=1370549449&width=100', 'medium': 'https://dl5zpyw5k3jeb.cloudfront.net/photos/pets/26322853/1/?bust=1370549449&width=300', 'large': 'https://dl5zpyw5k3jeb.cloudfront.net/photos/pets/26322853/1/?bust=1370549449&width=600', 'full': 'https://dl5zpyw5k3jeb.cloudfront.net/photos/pets/26322853/1/?bust=1370549449'}, {'small': 'https://dl5zpyw5k3jeb.cloudfront.net/photos/pets/26322853/2/?bust=1370549451&width=100', 'medium': 'https://dl5zpyw5k3jeb.cloudfront.net/photos/pets/26322853/2/?bust=1370549451&width=300', 'large': 'https://dl5zpyw5k3jeb.cloudfront.net/photos/pets/26322853/2/?bust=1370549451&width=600', 'full': 'https://dl5zpyw5k3jeb.cloudfront.net/photos/pets/26322853/2/?bust=1370549451'}]","['https://dl5zpyw5k3jeb.cloudfront.net/photos/pets/26322853/3/?bust=1371192554&width=300', 'https://dl5zpyw5k3jeb.cloudfront.net/photos/pets/26322853/1/?bust=1370549449&width=300', 'https://dl5zpyw5k3jeb.cloudfront.net/photos/pets/26322853/2/?bust=1370549451&width=300']"
48195,26320285,https://www.petfinder.com/cat/googoosh-26320285/ca/beverly-hills/helping-persian-cats-ca827/?referrer_id=3830981a-ad4c-4f85-872c-ca9edc50a67e,Cat,Adult,Female,Small,Long,Persian,"[{'small': 'https://dl5zpyw5k3jeb.cloudfront.net/photos/pets/26320285/1/?bust=1432242274&width=100', 'medium': 'https://dl5zpyw5k3jeb.cloudfront.net/photos/pets/26320285/1/?bust=1432242274&width=300', 'large': 'https://dl5zpyw5k3jeb.cloudfront.net/photos/pets/26320285/1/?bust=1432242274&width=600', 'full': 'https://dl5zpyw5k3jeb.cloudfront.net/photos/pets/26320285/1/?bust=1432242274'}]",['https://dl5zpyw5k3jeb.cloudfront.net/photos/pets/26320285/1/?bust=1432242274&width=300']
48196,26314537,https://www.petfinder.com/cat/misha-adopted-26314537/az/gilbert/ajs-best-friends-persian-and-himalayan-rescue-az88/?referrer_id=3830981a-ad4c-4f85-872c-ca9edc50a67e,Cat,Adult,Female,Medium,Long,Persian,"[{'small': 'https://dl5zpyw5k3jeb.cloudfront.net/photos/pets/26314537/1/?bust=1439719683&width=100', 'medium': 'https://dl5zpyw5k3jeb.cloudfront.net/photos/pets/26314537/1/?bust=1439719683&width=300', 'large': 'https://dl5zpyw5k3jeb.cloudfront.net/photos/pets/26314537/1/?bust=1439719683&width=600', 'full': 'https://dl5zpyw5k3jeb.cloudfront.net/photos/pets/26314537/1/?bust=1439719683'}, {'small': 'https://dl5zpyw5k3jeb.cloudfront.net/photos/pets/26314537/2/?bust=1439719683&width=100', 'medium': 'https://dl5zpyw5k3jeb.cloudfront.net/photos/pets/26314537/2/?bust=1439719683&width=300', 'large': 'https://dl5zpyw5k3jeb.cloudfront.net/photos/pets/26314537/2/?bust=1439719683&width=600', 'full': 'https://dl5zpyw5k3jeb.cloudfront.net/photos/pets/26314537/2/?bust=1439719683'}, {'small': 'https://dl5zpyw5k3jeb.cloudfront.net/photos/pets/26314537/3/?bust=1439719683&width=100', 'medium': 'https://dl5zpyw5k3jeb.cloudfront.net/photos/pets/26314537/3/?bust=1439719683&width=300', 'large': 'https://dl5zpyw5k3jeb.cloudfront.net/photos/pets/26314537/3/?bust=1439719683&width=600', 'full': 'https://dl5zpyw5k3jeb.cloudfront.net/photos/pets/26314537/3/?bust=1439719683'}]","['https://dl5zpyw5k3jeb.cloudfront.net/photos/pets/26314537/1/?bust=1439719683&width=300', 'https://dl5zpyw5k3jeb.cloudfront.net/photos/pets/26314537/2/?bust=1439719683&width=300', 'https://dl5zpyw5k3jeb.cloudfront.net/photos/pets/26314537/3/?bust=1439719683&width=300']"
48197,26307256,https://www.petfinder.com/cat/wicket-26307256/mi/albion/mid-michigan-cat-rescue-inc-mi364/?referrer_id=3830981a-ad4c-4f85-872c-ca9edc50a67e,Cat,Senior,Female,Small,Long,Persian,"[{'small': 'https://dl5zpyw5k3jeb.cloudfront.net/photos/pets/26307256/1/?bust=1370434396&width=100', 'medium': 'https://dl5zpyw5k3jeb.cloudfront.net/photos/pets/26307256/1/?bust=1370434396&width=300', 'large': 'https://dl5zpyw5k3jeb.cloudfront.net/photos/pets/26307256/1/?bust=1370434396&width=600', 'full': 'https://dl5zpyw5k3jeb.cloudfront.net/photos/pets/26307256/1/?bust=1370434396'}, {'small': 'https://dl5zpyw5k3jeb.cloudfront.net/photos/pets/26307256/2/?bust=1370434397&width=100', 'medium': 'https://dl5zpyw5k3jeb.cloudfront.net/photos/pets/26307256/2/?bust=1370434397&width=300', 'large': 'https://dl5zpyw5k3jeb.cloudfront.net/photos/pets/26307256/2/?bust=1370434397&width=600', 'full': 'https://dl5zpyw5k3jeb.cloudfront.net/photos/pets/26307256/2/?bust=1370434397'}]","['https://dl5zpyw5k3jeb.cloudfront.net/photos/pets/26307256/1/?bust=1370434396&width=300', 'https://dl5zpyw5k3jeb.cloudfront.net/photos/pets/26307256/2/?bust=1370434397&width=300']"
48198,26306996,https://www.petfinder.com/cat/sinbad-26306996/az/sierra-vista/sierra-vista-animal-control-az75/?referrer_id=3830981a-ad4c-4f85-872c-ca9edc50a67e,Cat,Senior,Male,Medium,,Persian,"[{'small': 'https://dl5zpyw5k3jeb.cloudfront.net/photos/pets/26306996/1/?bust=1371065350&width=100', 'medium': 'https://dl5zpyw5k3jeb.cloudfront.net/photos/pets/26306996/1/?bust=1371065350&width=300', 'large': 'https://dl5zpyw5k3jeb.cloudfront.net/photos/pets/26306996/1/?bust=1371065350&width=600', 'full': 'https://dl5zpyw5k3jeb.cloudfront.net/photos/pets/26306996/1/?bust=1371065350'}, {'small': 'https://dl5zpyw5k3jeb.cloudfront.net/photos/pets/26306996/2/?bust=1371065353&width=100', 'medium': 'https://dl5zpyw5k3jeb.cloudfront.net/photos/pets/26306996/2/?bust=1371065353&width=300', 'large': 'https://dl5zpyw5k3jeb.cloudfront.net/photos/pets/26306996/2/?bust=1371065353&width=600', 'full': 'https://dl5zpyw5k3jeb.cloudfront.net/photos/pets/26306996/2/?bust=1371065353'}, {'small': 'https://dl5zpyw5k3jeb.cloudfront.net/photos/pets/26306996/3/?bust=1371065356&width=100', 'medium': 'https://dl5zpyw5k3jeb.cloudfront.net/photos/pets/26306996/3/?bust=1371065356&width=300', 'large': 'https://dl5zpyw5k3jeb.cloudfront.net/photos/pets/26306996/3/?bust=1371065356&width=600', 'full': 'https://dl5zpyw5k3jeb.cloudfront.net/photos/pets/26306996/3/?bust=1371065356'}]","['https://dl5zpyw5k3jeb.cloudfront.net/photos/pets/26306996/1/?bust=1371065350&width=300', 'https://dl5zpyw5k3jeb.cloudfront.net/photos/pets/26306996/2/?bust=1371065353&width=300', 'https://dl5zpyw5k3jeb.cloudfront.net/photos/pets/26306996/3/?bust=1371065356&width=300']"
48199,26305383,https://www.petfinder.com/cat/banshee-adopted-26305383/pa/temple/one-by-one-inc-pa02/?referrer_id=3830981a-ad4c-4f85-872c-ca9edc50a67e,Cat,Baby,Male,Small,,Persian,"[{'small': 'https://dl5zpyw5k3jeb.cloudfront.net/photos/pets/26305383/1/?bust=1370421805&width=100', 'medium': 'https://dl5zpyw5k3jeb.cloudfront.net/photos/pets/26305383/1/?bust=1370421805&width=300', 'large': 'https://dl5zpyw5k3jeb.cloudfront.net/photos/pets/26305383/1/?bust=1370421805&width=600', 'full': 'https://dl5zpyw5k3jeb.cloudfront.net/photos/pets/26305383/1/?bust=1370421805'}]",['https://dl5zpyw5k3jeb.cloudfront.net/photos/pets/26305383/1/?bust=1370421805&width=300']
48200,26305277,https://www.petfinder.com/cat/banshee-adopted-26305277/pa/temple/simplydivinekatz-pa291/?referrer_id=3830981a-ad4c-4f85-872c-ca9edc50a67e,Cat,Baby,Male,Small,,Persian,"[{'small': 'https://dl5zpyw5k3jeb.cloudfront.net/photos/pets/26305277/1/?bust=1496833411&width=100', 'medium': 'https://dl5zpyw5k3jeb.cloudfront.net/photos/pets/26305277/1/?bust=1496833411&width=300', 'large': 'https://dl5zpyw5k3jeb.cloudfront.net/photos/pets/26305277/1/?bust=1496833411&width=600', 'full': 'https://dl5zpyw5k3jeb.cloudfront.net/photos/pets/26305277/1/?bust=1496833411'}]",['https://dl5zpyw5k3jeb.cloudfront.net/photos/pets/26305277/1/?bust=1496833411&width=300']
48201,26299598,https://www.petfinder.com/cat/waino-26299598/il/maryville/metroeast-lab-rescue-il583/?referrer_id=3830981a-ad4c-4f85-872c-ca9edc50a67e,Cat,Young,Male,Small,,Persian,"[{'small': 'https://dl5zpyw5k3jeb.cloudfront.net/photos/pets/26299598/1/?bust=1370369163&width=100', 'medium': 'https://dl5zpyw5k3jeb.cloudfront.net/photos/pets/26299598/1/?bust=1370369163&width=300', 'large': 'https://dl5zpyw5k3jeb.cloudfront.net/photos/pets/26299598/1/?bust=1370369163&width=600', 'full': 'https://dl5zpyw5k3jeb.cloudfront.net/photos/pets/26299598/1/?bust=1370369163'}, {'small': 'https://dl5zpyw5k3jeb.cloudfront.net/photos/pets/26299598/2/?bust=1385042114&width=100', 'medium': 'https://dl5zpyw5k3jeb.cloudfront.net/photos/pets/26299598/2/?bust=1385042114&width=300', 'large': 'https://dl5zpyw5k3jeb.cloudfront.net/photos/pets/26299598/2/?bust=1385042114&width=600', 'full': 'https://dl5zpyw5k3jeb.cloudfront.net/photos/pets/26299598/2/?bust=1385042114'}, {'small': 'https://dl5zpyw5k3jeb.cloudfront.net/photos/pets/26299598/3/?bust=1385042114&width=100', 'medium': 'https://dl5zpyw5k3jeb.cloudfront.net/photos/pets/26299598/3/?bust=1385042114&width=300', 'large': 'https://dl5zpyw5k3jeb.cloudfront.net/photos/pets/26299598/3/?bust=1385042114&width=600', 'full': 'https://dl5zpyw5k3jeb.cloudfront.net/photos/pets/26299598/3/?bust=1385042114'}]","['https://dl5zpyw5k3jeb.cloudfront.net/photos/pets/26299598/1/?bust=1370369163&width=300', 'https://dl5zpyw5k3jeb.cloudfront.net/photos/pets/26299598/2/?bust=1385042114&width=300', 'https://dl5zpyw5k3jeb.cloudfront.net/photos/pets/26299598/3/?bust=1385042114&width=300']"
48202,26297305,https://www.petfinder.com/cat/thelma-26297305/co/buena-vista/ark-valley-humane-society-co34/?referrer_id=3830981a-ad4c-4f85-872c-ca9edc50a67e,Cat,Senior,Female,Medium,Medium,Persian,"[{'small': 'https://dl5zpyw5k3jeb.cloudfront.net/photos/pets/26297305/1/?bust=1370358719&width=100', 'medium': 'https://dl5zpyw5k3jeb.cloudfront.net/photos/pets/26297305/1/?bust=1370358719&width=300', 'large': 'https://dl5zpyw5k3jeb.cloudfront.net/photos/pets/26297305/1/?bust=1370358719&width=600', 'full': 'https://dl5zpyw5k3jeb.cloudfront.net/photos/pets/26297305/1/?bust=1370358719'}, {'small': 'https://dl5zpyw5k3jeb.cloudfront.net/photos/pets/26297305/2/?bust=1370358720&width=100', 'medium': 'https://dl5zpyw5k3jeb.cloudfront.net/photos/pets/26297305/2/?bust=1370358720&width=300', 'large': 'https://dl5zpyw5k3jeb.cloudfront.net/photos/pets/26297305/2/?bust=1370358720&width=600', 'full': 'https://dl5zpyw5k3jeb.cloudfront.net/photos/pets/26297305/2/?bust=1370358720'}]","['https://dl5zpyw5k3jeb.cloudfront.net/photos/pets/26297305/1/?bust=1370358719&width=300', 'https://dl5zpyw5k3jeb.cloudfront.net/photos/pets/26297305/2/?bust=1370358720&width=300']"
48203,26291154,https://www.petfinder.com/cat/samantha-26291154/nj/toms-river/calling-all-cats-rescues-nj709/?referrer_id=3830981a-ad4c-4f85-872c-ca9edc50a67e,Cat,Adult,Female,Medium,,Persian,"[{'small': 'https://dl5zpyw5k3jeb.cloudfront.net/photos/pets/26291154/1/?bust=1370291721&width=100', 'medium': 'https://dl5zpyw5k3jeb.cloudfront.net/photos/pets/26291154/1/?bust=1370291721&width=300', 'large': 'https://dl5zpyw5k3jeb.cloudfront.net/photos/pets/26291154/1/?bust=1370291721&width=600', 'full': 'https://dl5zpyw5k3jeb.cloudfront.net/photos/pets/26291154/1/?bust=1370291721'}]",['https://dl5zpyw5k3jeb.cloudfront.net/photos/pets/26291154/1/?bust=1370291721&width=300']
48204,26290385,https://www.petfinder.com/cat/luke-26290385/wv/hedgesville/furever-love-rescue-wv151/?referrer_id=3830981a-ad4c-4f85-872c-ca9edc50a67e,Cat,Adult,Male,Small,Long,Persian,"[{'small': 'https://dl5zpyw5k3jeb.cloudfront.net/photos/pets/26290385/1/?bust=1370717974&width=100', 'medium': 'https://dl5zpyw5k3jeb.cloudfront.net/photos/pets/26290385/1/?bust=1370717974&width=300', 'large': 'https://dl5zpyw5k3jeb.cloudfront.net/photos/pets/26290385/1/?bust=1370717974&width=600', 'full': 'https://dl5zpyw5k3jeb.cloudfront.net/photos/pets/26290385/1/?bust=1370717974'}, {'small': 'https://dl5zpyw5k3jeb.cloudfront.net/photos/pets/26290385/2/?bust=1370717977&width=100', 'medium': 'https://dl5zpyw5k3jeb.cloudfront.net/photos/pets/26290385/2/?bust=1370717977&width=300', 'large': 'https://dl5zpyw5k3jeb.cloudfront.net/photos/pets/26290385/2/?bust=1370717977&width=600', 'full': 'https://dl5zpyw5k3jeb.cloudfront.net/photos/pets/26290385/2/?bust=1370717977'}, {'small': 'https://dl5zpyw5k3jeb.cloudfront.net/photos/pets/26290385/3/?bust=1370717978&width=100', 'medium': 'https://dl5zpyw5k3jeb.cloudfront.net/photos/pets/26290385/3/?bust=1370717978&width=300', 'large': 'https://dl5zpyw5k3jeb.cloudfront.net/photos/pets/26290385/3/?bust=1370717978&width=600', 'full': 'https://dl5zpyw5k3jeb.cloudfront.net/photos/pets/26290385/3/?bust=1370717978'}]","['https://dl5zpyw5k3jeb.cloudfront.net/photos/pets/26290385/1/?bust=1370717974&width=300', 'https://dl5zpyw5k3jeb.cloudfront.net/photos/pets/26290385/2/?bust=1370717977&width=300', 'https://dl5zpyw5k3jeb.cloudfront.net/photos/pets/26290385/3/?bust=1370717978&width=300']"
48205,26281338,https://www.petfinder.com/cat/eli-fh-26281338/ny/staten-island/staten-island-council-for-animal-welfare-ny34/?referrer_id=3830981a-ad4c-4f85-872c-ca9edc50a67e,Cat,Young,Male,Small,,Persian,"[{'small': 'https://dl5zpyw5k3jeb.cloudfront.net/photos/pets/26281338/1/?bust=1370196672&width=100', 'medium': 'https://dl5zpyw5k3jeb.cloudfront.net/photos/pets/26281338/1/?bust=1370196672&width=300', 'large': 'https://dl5zpyw5k3jeb.cloudfront.net/photos/pets/26281338/1/?bust=1370196672&width=600', 'full': 'https://dl5zpyw5k3jeb.cloudfront.net/photos/pets/26281338/1/?bust=1370196672'}, {'small': 'https://dl5zpyw5k3jeb.cloudfront.net/photos/pets/26281338/2/?bust=1370196673&width=100', 'medium': 'https://dl5zpyw5k3jeb.cloudfront.net/photos/pets/26281338/2/?bust=1370196673&width=300', 'large': 'https://dl5zpyw5k3jeb.cloudfront.net/photos/pets/26281338/2/?bust=1370196673&width=600', 'full': 'https://dl5zpyw5k3jeb.cloudfront.net/photos/pets/26281338/2/?bust=1370196673'}]","['https://dl5zpyw5k3jeb.cloudfront.net/photos/pets/26281338/1/?bust=1370196672&width=300', 'https://dl5zpyw5k3jeb.cloudfront.net/photos/pets/26281338/2/?bust=1370196673&width=300']"
48206,26276877,https://www.petfinder.com/cat/zeus-26276877/sc/easley/kitsnkats-rescue-501-c3-sc256/?referrer_id=3830981a-ad4c-4f85-872c-ca9edc50a67e,Cat,Adult,Male,Medium,,Persian,"[{'small': 'https://dl5zpyw5k3jeb.cloudfront.net/photos/pets/26276877/2/?bust=1373814963&width=100', 'medium': 'https://dl5zpyw5k3jeb.cloudfront.net/photos/pets/26276877/2/?bust=1373814963&width=300', 'large': 'https://dl5zpyw5k3jeb.cloudfront.net/photos/pets/26276877/2/?bust=1373814963&width=600', 'full': 'https://dl5zpyw5k3jeb.cloudfront.net/photos/pets/26276877/2/?bust=1373814963'}, {'small': 'https://dl5zpyw5k3jeb.cloudfront.net/photos/pets/26276877/1/?bust=1370134984&width=100', 'medium': 'https://dl5zpyw5k3jeb.cloudfront.net/photos/pets/26276877/1/?bust=1370134984&width=300', 'large': 'https://dl5zpyw5k3jeb.cloudfront.net/photos/pets/26276877/1/?bust=1370134984&width=600', 'full': 'https://dl5zpyw5k3jeb.cloudfront.net/photos/pets/26276877/1/?bust=1370134984'}]","['https://dl5zpyw5k3jeb.cloudfront.net/photos/pets/26276877/2/?bust=1373814963&width=300', 'https://dl5zpyw5k3jeb.cloudfront.net/photos/pets/26276877/1/?bust=1370134984&width=300']"
48207,26274065,https://www.petfinder.com/cat/gigi-26274065/ma/lowell/lowell-humane-society-ma106/?referrer_id=3830981a-ad4c-4f85-872c-ca9edc50a67e,Cat,Senior,Female,Medium,Long,Persian,"[{'small': 'https://dl5zpyw5k3jeb.cloudfront.net/photos/pets/26274065/1/?bust=1370107033&width=100', 'medium': 'https://dl5zpyw5k3jeb.cloudfront.net/photos/pets/26274065/1/?bust=1370107033&width=300', 'large': 'https://dl5zpyw5k3jeb.cloudfront.net/photos/pets/26274065/1/?bust=1370107033&width=600', 'full': 'https://dl5zpyw5k3jeb.cloudfront.net/photos/pets/26274065/1/?bust=1370107033'}, {'small': 'https://dl5zpyw5k3jeb.cloudfront.net/photos/pets/26274065/2/?bust=1370107034&width=100', 'medium': 'https://dl5zpyw5k3jeb.cloudfront.net/photos/pets/26274065/2/?bust=1370107034&width=300', 'large': 'https://dl5zpyw5k3jeb.cloudfront.net/photos/pets/26274065/2/?bust=1370107034&width=600', 'full': 'https://dl5zpyw5k3jeb.cloudfront.net/photos/pets/26274065/2/?bust=1370107034'}, {'small': 'https://dl5zpyw5k3jeb.cloudfront.net/photos/pets/26274065/3/?bust=1370107035&width=100', 'medium': 'https://dl5zpyw5k3jeb.cloudfront.net/photos/pets/26274065/3/?bust=1370107035&width=300', 'large': 'https://dl5zpyw5k3jeb.cloudfront.net/photos/pets/26274065/3/?bust=1370107035&width=600', 'full': 'https://dl5zpyw5k3jeb.cloudfront.net/photos/pets/26274065/3/?bust=1370107035'}]","['https://dl5zpyw5k3jeb.cloudfront.net/photos/pets/26274065/1/?bust=1370107033&width=300', 'https://dl5zpyw5k3jeb.cloudfront.net/photos/pets/26274065/2/?bust=1370107034&width=300', 'https://dl5zpyw5k3jeb.cloudfront.net/photos/pets/26274065/3/?bust=1370107035&width=300']"
48208,26265837,https://www.petfinder.com/cat/miss-fancy-26265837/in/jasper/dubois-county-humane-society-in85/?referrer_id=3830981a-ad4c-4f85-872c-ca9edc50a67e,Cat,Young,Female,Small,,Persian,"[{'small': 'https://dl5zpyw5k3jeb.cloudfront.net/photos/pets/26265837/2/?bust=1370788403&width=100', 'medium': 'https://dl5zpyw5k3jeb.cloudfront.net/photos/pets/26265837/2/?bust=1370788403&width=300', 'large': 'https://dl5zpyw5k3jeb.cloudfront.net/photos/pets/26265837/2/?bust=1370788403&width=600', 'full': 'https://dl5zpyw5k3jeb.cloudfront.net/photos/pets/26265837/2/?bust=1370788403'}, {'small': 'https://dl5zpyw5k3jeb.cloudfront.net/photos/pets/26265837/1/?bust=1370026629&width=100', 'medium': 'https://dl5zpyw5k3jeb.cloudfront.net/photos/pets/26265837/1/?bust=1370026629&width=300', 'large': 'https://dl5zpyw5k3jeb.cloudfront.net/photos/pets/26265837/1/?bust=1370026629&width=600', 'full': 'https://dl5zpyw5k3jeb.cloudfront.net/photos/pets/26265837/1/?bust=1370026629'}]","['https://dl5zpyw5k3jeb.cloudfront.net/photos/pets/26265837/2/?bust=1370788403&width=300', 'https://dl5zpyw5k3jeb.cloudfront.net/photos/pets/26265837/1/?bust=1370026629&width=300']"
48209,26246391,https://www.petfinder.com/cat/sergio-adopted-26246391/ks/kansas-city/the-humane-society-of-greater-kansas-city-ks10/?referrer_id=3830981a-ad4c-4f85-872c-ca9edc50a67e,Cat,Adult,Male,Medium,,Persian,"[{'small': 'https://dl5zpyw5k3jeb.cloudfront.net/photos/pets/26246391/1/?bust=1369878651&width=100', 'medium': 'https://dl5zpyw5k3jeb.cloudfront.net/photos/pets/26246391/1/?bust=1369878651&width=300', 'large': 'https://dl5zpyw5k3jeb.cloudfront.net/photos/pets/26246391/1/?bust=1369878651&width=600', 'full': 'https://dl5zpyw5k3jeb.cloudfront.net/photos/pets/26246391/1/?bust=1369878651'}, {'small': 'https://dl5zpyw5k3jeb.cloudfront.net/photos/pets/26246391/2/?bust=1369878653&width=100', 'medium': 'https://dl5zpyw5k3jeb.cloudfront.net/photos/pets/26246391/2/?bust=1369878653&width=300', 'large': 'https://dl5zpyw5k3jeb.cloudfront.net/photos/pets/26246391/2/?bust=1369878653&width=600', 'full': 'https://dl5zpyw5k3jeb.cloudfront.net/photos/pets/26246391/2/?bust=1369878653'}, {'small': 'https://dl5zpyw5k3jeb.cloudfront.net/photos/pets/26246391/3/?bust=1369878654&width=100', 'medium': 'https://dl5zpyw5k3jeb.cloudfront.net/photos/pets/26246391/3/?bust=1369878654&width=300', 'large': 'https://dl5zpyw5k3jeb.cloudfront.net/photos/pets/26246391/3/?bust=1369878654&width=600', 'full': 'https://dl5zpyw5k3jeb.cloudfront.net/photos/pets/26246391/3/?bust=1369878654'}]","['https://dl5zpyw5k3jeb.cloudfront.net/photos/pets/26246391/1/?bust=1369878651&width=300', 'https://dl5zpyw5k3jeb.cloudfront.net/photos/pets/26246391/2/?bust=1369878653&width=300', 'https://dl5zpyw5k3jeb.cloudfront.net/photos/pets/26246391/3/?bust=1369878654&width=300']"
48210,26244277,https://www.petfinder.com/cat/koala-adopted-26244277/md/germantown/shingilana-rescued-felines-md184/?referrer_id=3830981a-ad4c-4f85-872c-ca9edc50a67e,Cat,Senior,Female,Small,,Persian,"[{'small': 'https://dl5zpyw5k3jeb.cloudfront.net/photos/pets/26244277/1/?bust=1369861913&width=100', 'medium': 'https://dl5zpyw5k3jeb.cloudfront.net/photos/pets/26244277/1/?bust=1369861913&width=300', 'large': 'https://dl5zpyw5k3jeb.cloudfront.net/photos/pets/26244277/1/?bust=1369861913&width=600', 'full': 'https://dl5zpyw5k3jeb.cloudfront.net/photos/pets/26244277/1/?bust=1369861913'}]",['https://dl5zpyw5k3jeb.cloudfront.net/photos/pets/26244277/1/?bust=1369861913&width=300']
48211,26242183,https://www.petfinder.com/cat/boomer-26242183/tx/el-paso/pet-guardian-angel-welfare-association-tx362/?referrer_id=3830981a-ad4c-4f85-872c-ca9edc50a67e,Cat,Adult,Male,Medium,,Persian,"[{'small': 'https://dl5zpyw5k3jeb.cloudfront.net/photos/pets/26242183/1/?bust=1395232624&width=100', 'medium': 'https://dl5zpyw5k3jeb.cloudfront.net/photos/pets/26242183/1/?bust=1395232624&width=300', 'large': 'https://dl5zpyw5k3jeb.cloudfront.net/photos/pets/26242183/1/?bust=1395232624&width=600', 'full': 'https://dl5zpyw5k3jeb.cloudfront.net/photos/pets/26242183/1/?bust=1395232624'}]",['https://dl5zpyw5k3jeb.cloudfront.net/photos/pets/26242183/1/?bust=1395232624&width=300']
48212,26239599,https://www.petfinder.com/cat/skooch-26239599/or/prineville/the-humane-society-of-the-ochocos-or23/?referrer_id=3830981a-ad4c-4f85-872c-ca9edc50a67e,Cat,Adult,Female,Small,Medium,Persian,"[{'small': 'https://dl5zpyw5k3jeb.cloudfront.net/photos/pets/26239599/1/?bust=1369838994&width=100', 'medium': 'https://dl5zpyw5k3jeb.cloudfront.net/photos/pets/26239599/1/?bust=1369838994&width=300', 'large': 'https://dl5zpyw5k3jeb.cloudfront.net/photos/pets/26239599/1/?bust=1369838994&width=600', 'full': 'https://dl5zpyw5k3jeb.cloudfront.net/photos/pets/26239599/1/?bust=1369838994'}]",['https://dl5zpyw5k3jeb.cloudfront.net/photos/pets/26239599/1/?bust=1369838994&width=300']
48213,26237252,https://www.petfinder.com/cat/jester-26237252/mo/hollister/taney-county-animal-care-and-control-mo324/?referrer_id=3830981a-ad4c-4f85-872c-ca9edc50a67e,Cat,Young,Male,Medium,,Persian,"[{'small': 'https://dl5zpyw5k3jeb.cloudfront.net/photos/pets/26237252/1/?bust=1369824876&width=100', 'medium': 'https://dl5zpyw5k3jeb.cloudfront.net/photos/pets/26237252/1/?bust=1369824876&width=300', 'large': 'https://dl5zpyw5k3jeb.cloudfront.net/photos/pets/26237252/1/?bust=1369824876&width=600', 'full': 'https://dl5zpyw5k3jeb.cloudfront.net/photos/pets/26237252/1/?bust=1369824876'}, {'small': 'https://dl5zpyw5k3jeb.cloudfront.net/photos/pets/26237252/2/?bust=1369824877&width=100', 'medium': 'https://dl5zpyw5k3jeb.cloudfront.net/photos/pets/26237252/2/?bust=1369824877&width=300', 'large': 'https://dl5zpyw5k3jeb.cloudfront.net/photos/pets/26237252/2/?bust=1369824877&width=600', 'full': 'https://dl5zpyw5k3jeb.cloudfront.net/photos/pets/26237252/2/?bust=1369824877'}, {'small': 'https://dl5zpyw5k3jeb.cloudfront.net/photos/pets/26237252/3/?bust=1369824878&width=100', 'medium': 'https://dl5zpyw5k3jeb.cloudfront.net/photos/pets/26237252/3/?bust=1369824878&width=300', 'large': 'https://dl5zpyw5k3jeb.cloudfront.net/photos/pets/26237252/3/?bust=1369824878&width=600', 'full': 'https://dl5zpyw5k3jeb.cloudfront.net/photos/pets/26237252/3/?bust=1369824878'}]","['https://dl5zpyw5k3jeb.cloudfront.net/photos/pets/26237252/1/?bust=1369824876&width=300', 'https://dl5zpyw5k3jeb.cloudfront.net/photos/pets/26237252/2/?bust=1369824877&width=300', 'https://dl5zpyw5k3jeb.cloudfront.net/photos/pets/26237252/3/?bust=1369824878&width=300']"
48214,26232666,https://www.petfinder.com/cat/perla-26232666/va/merrifield/4paws-rescue-team-va260/?referrer_id=3830981a-ad4c-4f85-872c-ca9edc50a67e,Cat,Adult,Female,Medium,Long,Persian,"[{'small': 'https://dl5zpyw5k3jeb.cloudfront.net/photos/pets/26232666/1/?bust=1369767915&width=100', 'medium': 'https://dl5zpyw5k3jeb.cloudfront.net/photos/pets/26232666/1/?bust=1369767915&width=300', 'large': 'https://dl5zpyw5k3jeb.cloudfront.net/photos/pets/26232666/1/?bust=1369767915&width=600', 'full': 'https://dl5zpyw5k3jeb.cloudfront.net/photos/pets/26232666/1/?bust=1369767915'}]",['https://dl5zpyw5k3jeb.cloudfront.net/photos/pets/26232666/1/?bust=1369767915&width=300']
48215,26230396,https://www.petfinder.com/cat/captain-26230396/pa/pottstown/oar-sanctuary-pa460/?referrer_id=3830981a-ad4c-4f85-872c-ca9edc50a67e,Cat,Young,Male,Small,,Persian,"[{'small': 'https://dl5zpyw5k3jeb.cloudfront.net/photos/pets/26230396/1/?bust=1369756273&width=100', 'medium': 'https://dl5zpyw5k3jeb.cloudfront.net/photos/pets/26230396/1/?bust=1369756273&width=300', 'large': 'https://dl5zpyw5k3jeb.cloudfront.net/photos/pets/26230396/1/?bust=1369756273&width=600', 'full': 'https://dl5zpyw5k3jeb.cloudfront.net/photos/pets/26230396/1/?bust=1369756273'}, {'small': 'https://dl5zpyw5k3jeb.cloudfront.net/photos/pets/26230396/2/?bust=1369756276&width=100', 'medium': 'https://dl5zpyw5k3jeb.cloudfront.net/photos/pets/26230396/2/?bust=1369756276&width=300', 'large': 'https://dl5zpyw5k3jeb.cloudfront.net/photos/pets/26230396/2/?bust=1369756276&width=600', 'full': 'https://dl5zpyw5k3jeb.cloudfront.net/photos/pets/26230396/2/?bust=1369756276'}]","['https://dl5zpyw5k3jeb.cloudfront.net/photos/pets/26230396/1/?bust=1369756273&width=300', 'https://dl5zpyw5k3jeb.cloudfront.net/photos/pets/26230396/2/?bust=1369756276&width=300']"
48216,26226758,https://www.petfinder.com/cat/charlene-26226758/fl/sanford/seminole-county-animal-services-fl306/?referrer_id=3830981a-ad4c-4f85-872c-ca9edc50a67e,Cat,Young,Female,Small,,Persian,"[{'small': 'https://dl5zpyw5k3jeb.cloudfront.net/photos/pets/26226758/1/?bust=1369731222&width=100', 'medium': 'https://dl5zpyw5k3jeb.cloudfront.net/photos/pets/26226758/1/?bust=1369731222&width=300', 'large': 'https://dl5zpyw5k3jeb.cloudfront.net/photos/pets/26226758/1/?bust=1369731222&width=600', 'full': 'https://dl5zpyw5k3jeb.cloudfront.net/photos/pets/26226758/1/?bust=1369731222'}, {'small': 'https://dl5zpyw5k3jeb.cloudfront.net/photos/pets/26226758/2/?bust=1369731222&width=100', 'medium': 'https://dl5zpyw5k3jeb.cloudfront.net/photos/pets/26226758/2/?bust=1369731222&width=300', 'large': 'https://dl5zpyw5k3jeb.cloudfront.net/photos/pets/26226758/2/?bust=1369731222&width=600', 'full': 'https://dl5zpyw5k3jeb.cloudfront.net/photos/pets/26226758/2/?bust=1369731222'}]","['https://dl5zpyw5k3jeb.cloudfront.net/photos/pets/26226758/1/?bust=1369731222&width=300', 'https://dl5zpyw5k3jeb.cloudfront.net/photos/pets/26226758/2/?bust=1369731222&width=300']"
48217,26224652,https://www.petfinder.com/cat/mouse-26224652/tx/converse/south-texas-persian-rescue-tx512/?referrer_id=3830981a-ad4c-4f85-872c-ca9edc50a67e,Cat,Young,Female,Medium,Long,Persian,"[{'small': 'https://dl5zpyw5k3jeb.cloudfront.net/photos/pets/26224652/1/?bust=1369693102&width=100', 'medium': 'https://dl5zpyw5k3jeb.cloudfront.net/photos/pets/26224652/1/?bust=1369693102&width=300', 'large': 'https://dl5zpyw5k3jeb.cloudfront.net/photos/pets/26224652/1/?bust=1369693102&width=600', 'full': 'https://dl5zpyw5k3jeb.cloudfront.net/photos/pets/26224652/1/?bust=1369693102'}, {'small': 'https://dl5zpyw5k3jeb.cloudfront.net/photos/pets/26224652/2/?bust=1369693105&width=100', 'medium': 'https://dl5zpyw5k3jeb.cloudfront.net/photos/pets/26224652/2/?bust=1369693105&width=300', 'large': 'https://dl5zpyw5k3jeb.cloudfront.net/photos/pets/26224652/2/?bust=1369693105&width=600', 'full': 'https://dl5zpyw5k3jeb.cloudfront.net/photos/pets/26224652/2/?bust=1369693105'}, {'small': 'https://dl5zpyw5k3jeb.cloudfront.net/photos/pets/26224652/3/?bust=1369693110&width=100', 'medium': 'https://dl5zpyw5k3jeb.cloudfront.net/photos/pets/26224652/3/?bust=1369693110&width=300', 'large': 'https://dl5zpyw5k3jeb.cloudfront.net/photos/pets/26224652/3/?bust=1369693110&width=600', 'full': 'https://dl5zpyw5k3jeb.cloudfront.net/photos/pets/26224652/3/?bust=1369693110'}]","['https://dl5zpyw5k3jeb.cloudfront.net/photos/pets/26224652/1/?bust=1369693102&width=300', 'https://dl5zpyw5k3jeb.cloudfront.net/photos/pets/26224652/2/?bust=1369693105&width=300', 'https://dl5zpyw5k3jeb.cloudfront.net/photos/pets/26224652/3/?bust=1369693110&width=300']"
48218,26223730,https://www.petfinder.com/cat/lily-26223730/tx/converse/south-texas-persian-rescue-tx512/?referrer_id=3830981a-ad4c-4f85-872c-ca9edc50a67e,Cat,Adult,Female,Medium,Long,Persian,"[{'small': 'https://dl5zpyw5k3jeb.cloudfront.net/photos/pets/26223730/1/?bust=1369684075&width=100', 'medium': 'https://dl5zpyw5k3jeb.cloudfront.net/photos/pets/26223730/1/?bust=1369684075&width=300', 'large': 'https://dl5zpyw5k3jeb.cloudfront.net/photos/pets/26223730/1/?bust=1369684075&width=600', 'full': 'https://dl5zpyw5k3jeb.cloudfront.net/photos/pets/26223730/1/?bust=1369684075'}, {'small': 'https://dl5zpyw5k3jeb.cloudfront.net/photos/pets/26223730/2/?bust=1369684077&width=100', 'medium': 'https://dl5zpyw5k3jeb.cloudfront.net/photos/pets/26223730/2/?bust=1369684077&width=300', 'large': 'https://dl5zpyw5k3jeb.cloudfront.net/photos/pets/26223730/2/?bust=1369684077&width=600', 'full': 'https://dl5zpyw5k3jeb.cloudfront.net/photos/pets/26223730/2/?bust=1369684077'}, {'small': 'https://dl5zpyw5k3jeb.cloudfront.net/photos/pets/26223730/3/?bust=1369684080&width=100', 'medium': 'https://dl5zpyw5k3jeb.cloudfront.net/photos/pets/26223730/3/?bust=1369684080&width=300', 'large': 'https://dl5zpyw5k3jeb.cloudfront.net/photos/pets/26223730/3/?bust=1369684080&width=600', 'full': 'https://dl5zpyw5k3jeb.cloudfront.net/photos/pets/26223730/3/?bust=1369684080'}]","['https://dl5zpyw5k3jeb.cloudfront.net/photos/pets/26223730/1/?bust=1369684075&width=300', 'https://dl5zpyw5k3jeb.cloudfront.net/photos/pets/26223730/2/?bust=1369684077&width=300', 'https://dl5zpyw5k3jeb.cloudfront.net/photos/pets/26223730/3/?bust=1369684080&width=300']"
48219,26214932,https://www.petfinder.com/cat/pumpkin-26214932/co/crawford/black-canyon-animal-sanctuary-co323/?referrer_id=3830981a-ad4c-4f85-872c-ca9edc50a67e,Cat,Adult,Female,Small,Long,Persian,"[{'small': 'https://dl5zpyw5k3jeb.cloudfront.net/photos/pets/26214932/1/?bust=1369576020&width=100', 'medium': 'https://dl5zpyw5k3jeb.cloudfront.net/photos/pets/26214932/1/?bust=1369576020&width=300', 'large': 'https://dl5zpyw5k3jeb.cloudfront.net/photos/pets/26214932/1/?bust=1369576020&width=600', 'full': 'https://dl5zpyw5k3jeb.cloudfront.net/photos/pets/26214932/1/?bust=1369576020'}]",['https://dl5zpyw5k3jeb.cloudfront.net/photos/pets/26214932/1/?bust=1369576020&width=300']
48220,26214826,https://www.petfinder.com/cat/jasper-26214826/ca/huntington-beach/o-dot-c-animal-league-inc-ca1401/?referrer_id=3830981a-ad4c-4f85-872c-ca9edc50a67e,Cat,Adult,Male,Large,Long,Persian,"[{'small': 'https://dl5zpyw5k3jeb.cloudfront.net/photos/pets/26214826/3/?bust=1373995264&width=100', 'medium': 'https://dl5zpyw5k3jeb.cloudfront.net/photos/pets/26214826/3/?bust=1373995264&width=300', 'large': 'https://dl5zpyw5k3jeb.cloudfront.net/photos/pets/26214826/3/?bust=1373995264&width=600', 'full': 'https://dl5zpyw5k3jeb.cloudfront.net/photos/pets/26214826/3/?bust=1373995264'}, {'small': 'https://dl5zpyw5k3jeb.cloudfront.net/photos/pets/26214826/1/?bust=1369740729&width=100', 'medium': 'https://dl5zpyw5k3jeb.cloudfront.net/photos/pets/26214826/1/?bust=1369740729&width=300', 'large': 'https://dl5zpyw5k3jeb.cloudfront.net/photos/pets/26214826/1/?bust=1369740729&width=600', 'full': 'https://dl5zpyw5k3jeb.cloudfront.net/photos/pets/26214826/1/?bust=1369740729'}, {'small': 'https://dl5zpyw5k3jeb.cloudfront.net/photos/pets/26214826/2/?bust=1373748137&width=100', 'medium': 'https://dl5zpyw5k3jeb.cloudfront.net/photos/pets/26214826/2/?bust=1373748137&width=300', 'large': 'https://dl5zpyw5k3jeb.cloudfront.net/photos/pets/26214826/2/?bust=1373748137&width=600', 'full': 'https://dl5zpyw5k3jeb.cloudfront.net/photos/pets/26214826/2/?bust=1373748137'}]","['https://dl5zpyw5k3jeb.cloudfront.net/photos/pets/26214826/3/?bust=1373995264&width=300', 'https://dl5zpyw5k3jeb.cloudfront.net/photos/pets/26214826/1/?bust=1369740729&width=300', 'https://dl5zpyw5k3jeb.cloudfront.net/photos/pets/26214826/2/?bust=1373748137&width=300']"
48221,26209284,https://www.petfinder.com/cat/ava-26209284/sc/hilton-head-island/humane-association-hilton-head-bluffton-sc19/?referrer_id=3830981a-ad4c-4f85-872c-ca9edc50a67e,Cat,Adult,Female,Medium,Long,Persian,"[{'small': 'https://dl5zpyw5k3jeb.cloudfront.net/photos/pets/26209284/1/?bust=1369495209&width=100', 'medium': 'https://dl5zpyw5k3jeb.cloudfront.net/photos/pets/26209284/1/?bust=1369495209&width=300', 'large': 'https://dl5zpyw5k3jeb.cloudfront.net/photos/pets/26209284/1/?bust=1369495209&width=600', 'full': 'https://dl5zpyw5k3jeb.cloudfront.net/photos/pets/26209284/1/?bust=1369495209'}]",['https://dl5zpyw5k3jeb.cloudfront.net/photos/pets/26209284/1/?bust=1369495209&width=300']
48222,26203444,https://www.petfinder.com/cat/jean-luc-26203444/tn/chattanooga/mckamey-animal-center-tn478/?referrer_id=3830981a-ad4c-4f85-872c-ca9edc50a67e,Cat,Adult,Male,Large,Long,Persian,"[{'small': 'https://dl5zpyw5k3jeb.cloudfront.net/photos/pets/26203444/1/?bust=1369426798&width=100', 'medium': 'https://dl5zpyw5k3jeb.cloudfront.net/photos/pets/26203444/1/?bust=1369426798&width=300', 'large': 'https://dl5zpyw5k3jeb.cloudfront.net/photos/pets/26203444/1/?bust=1369426798&width=600', 'full': 'https://dl5zpyw5k3jeb.cloudfront.net/photos/pets/26203444/1/?bust=1369426798'}, {'small': 'https://dl5zpyw5k3jeb.cloudfront.net/photos/pets/26203444/2/?bust=1369426798&width=100', 'medium': 'https://dl5zpyw5k3jeb.cloudfront.net/photos/pets/26203444/2/?bust=1369426798&width=300', 'large': 'https://dl5zpyw5k3jeb.cloudfront.net/photos/pets/26203444/2/?bust=1369426798&width=600', 'full': 'https://dl5zpyw5k3jeb.cloudfront.net/photos/pets/26203444/2/?bust=1369426798'}, {'small': 'https://dl5zpyw5k3jeb.cloudfront.net/photos/pets/26203444/3/?bust=1369426799&width=100', 'medium': 'https://dl5zpyw5k3jeb.cloudfront.net/photos/pets/26203444/3/?bust=1369426799&width=300', 'large': 'https://dl5zpyw5k3jeb.cloudfront.net/photos/pets/26203444/3/?bust=1369426799&width=600', 'full': 'https://dl5zpyw5k3jeb.cloudfront.net/photos/pets/26203444/3/?bust=1369426799'}]","['https://dl5zpyw5k3jeb.cloudfront.net/photos/pets/26203444/1/?bust=1369426798&width=300', 'https://dl5zpyw5k3jeb.cloudfront.net/photos/pets/26203444/2/?bust=1369426798&width=300', 'https://dl5zpyw5k3jeb.cloudfront.net/photos/pets/26203444/3/?bust=1369426799&width=300']"
48223,26191790,https://www.petfinder.com/cat/chris-26191790/tx/plano/plano-animal-shelter-tx01/?referrer_id=3830981a-ad4c-4f85-872c-ca9edc50a67e,Cat,Adult,Male,Medium,,Persian,"[{'small': 'https://dl5zpyw5k3jeb.cloudfront.net/photos/pets/26191790/1/?bust=1369334493&width=100', 'medium': 'https://dl5zpyw5k3jeb.cloudfront.net/photos/pets/26191790/1/?bust=1369334493&width=300', 'large': 'https://dl5zpyw5k3jeb.cloudfront.net/photos/pets/26191790/1/?bust=1369334493&width=600', 'full': 'https://dl5zpyw5k3jeb.cloudfront.net/photos/pets/26191790/1/?bust=1369334493'}, {'small': 'https://dl5zpyw5k3jeb.cloudfront.net/photos/pets/26191790/2/?bust=1369334498&width=100', 'medium': 'https://dl5zpyw5k3jeb.cloudfront.net/photos/pets/26191790/2/?bust=1369334498&width=300', 'large': 'https://dl5zpyw5k3jeb.cloudfront.net/photos/pets/26191790/2/?bust=1369334498&width=600', 'full': 'https://dl5zpyw5k3jeb.cloudfront.net/photos/pets/26191790/2/?bust=1369334498'}, {'small': 'https://dl5zpyw5k3jeb.cloudfront.net/photos/pets/26191790/3/?bust=1369334502&width=100', 'medium': 'https://dl5zpyw5k3jeb.cloudfront.net/photos/pets/26191790/3/?bust=1369334502&width=300', 'large': 'https://dl5zpyw5k3jeb.cloudfront.net/photos/pets/26191790/3/?bust=1369334502&width=600', 'full': 'https://dl5zpyw5k3jeb.cloudfront.net/photos/pets/26191790/3/?bust=1369334502'}]","['https://dl5zpyw5k3jeb.cloudfront.net/photos/pets/26191790/1/?bust=1369334493&width=300', 'https://dl5zpyw5k3jeb.cloudfront.net/photos/pets/26191790/2/?bust=1369334498&width=300', 'https://dl5zpyw5k3jeb.cloudfront.net/photos/pets/26191790/3/?bust=1369334502&width=300']"
48224,26191235,https://www.petfinder.com/cat/sophie-26191235/ia/fairfield/noahs-ark-animal-foundation-ia31/?referrer_id=3830981a-ad4c-4f85-872c-ca9edc50a67e,Cat,Adult,Female,Medium,Long,Persian,"[{'small': 'https://dl5zpyw5k3jeb.cloudfront.net/photos/pets/26191235/1/?bust=1369421941&width=100', 'medium': 'https://dl5zpyw5k3jeb.cloudfront.net/photos/pets/26191235/1/?bust=1369421941&width=300', 'large': 'https://dl5zpyw5k3jeb.cloudfront.net/photos/pets/26191235/1/?bust=1369421941&width=600', 'full': 'https://dl5zpyw5k3jeb.cloudfront.net/photos/pets/26191235/1/?bust=1369421941'}, {'small': 'https://dl5zpyw5k3jeb.cloudfront.net/photos/pets/26191235/2/?bust=1369421943&width=100', 'medium': 'https://dl5zpyw5k3jeb.cloudfront.net/photos/pets/26191235/2/?bust=1369421943&width=300', 'large': 'https://dl5zpyw5k3jeb.cloudfront.net/photos/pets/26191235/2/?bust=1369421943&width=600', 'full': 'https://dl5zpyw5k3jeb.cloudfront.net/photos/pets/26191235/2/?bust=1369421943'}]","['https://dl5zpyw5k3jeb.cloudfront.net/photos/pets/26191235/1/?bust=1369421941&width=300', 'https://dl5zpyw5k3jeb.cloudfront.net/photos/pets/26191235/2/?bust=1369421943&width=300']"
48225,46616732,https://www.petfinder.com/cat/bayou-46616732/al/huntsville/friends-of-rescue-for-al309/?referrer_id=3830981a-ad4c-4f85-872c-ca9edc50a67e,Cat,Baby,Male,Medium,Long,Pixiebob,"[{'small': 'https://dl5zpyw5k3jeb.cloudfront.net/photos/pets/46616732/1/?bust=1574125718&width=100', 'medium': 'https://dl5zpyw5k3jeb.cloudfront.net/photos/pets/46616732/1/?bust=1574125718&width=300', 'large': 'https://dl5zpyw5k3jeb.cloudfront.net/photos/pets/46616732/1/?bust=1574125718&width=600', 'full': 'https://dl5zpyw5k3jeb.cloudfront.net/photos/pets/46616732/1/?bust=1574125718'}, {'small': 'https://dl5zpyw5k3jeb.cloudfront.net/photos/pets/46616732/2/?bust=1574125745&width=100', 'medium': 'https://dl5zpyw5k3jeb.cloudfront.net/photos/pets/46616732/2/?bust=1574125745&width=300', 'large': 'https://dl5zpyw5k3jeb.cloudfront.net/photos/pets/46616732/2/?bust=1574125745&width=600', 'full': 'https://dl5zpyw5k3jeb.cloudfront.net/photos/pets/46616732/2/?bust=1574125745'}, {'small': 'https://dl5zpyw5k3jeb.cloudfront.net/photos/pets/46616732/3/?bust=1574125770&width=100', 'medium': 'https://dl5zpyw5k3jeb.cloudfront.net/photos/pets/46616732/3/?bust=1574125770&width=300', 'large': 'https://dl5zpyw5k3jeb.cloudfront.net/photos/pets/46616732/3/?bust=1574125770&width=600', 'full': 'https://dl5zpyw5k3jeb.cloudfront.net/photos/pets/46616732/3/?bust=1574125770'}, {'small': 'https://dl5zpyw5k3jeb.cloudfront.net/photos/pets/46616732/4/?bust=1574125820&width=100', 'medium': 'https://dl5zpyw5k3jeb.cloudfront.net/photos/pets/46616732/4/?bust=1574125820&width=300', 'large': 'https://dl5zpyw5k3jeb.cloudfront.net/photos/pets/46616732/4/?bust=1574125820&width=600', 'full': 'https://dl5zpyw5k3jeb.cloudfront.net/photos/pets/46616732/4/?bust=1574125820'}, {'small': 'https://dl5zpyw5k3jeb.cloudfront.net/photos/pets/46616732/5/?bust=1574125846&width=100', 'medium': 'https://dl5zpyw5k3jeb.cloudfront.net/photos/pets/46616732/5/?bust=1574125846&width=300', 'large': 'https://dl5zpyw5k3jeb.cloudfront.net/photos/pets/46616732/5/?bust=1574125846&width=600', 'full': 'https://dl5zpyw5k3jeb.cloudfront.net/photos/pets/46616732/5/?bust=1574125846'}]","['https://dl5zpyw5k3jeb.cloudfront.net/photos/pets/46616732/1/?bust=1574125718&width=300', 'https://dl5zpyw5k3jeb.cloudfront.net/photos/pets/46616732/2/?bust=1574125745&width=300', 'https://dl5zpyw5k3jeb.cloudfront.net/photos/pets/46616732/3/?bust=1574125770&width=300', 'https://dl5zpyw5k3jeb.cloudfront.net/photos/pets/46616732/4/?bust=1574125820&width=300', 'https://dl5zpyw5k3jeb.cloudfront.net/photos/pets/46616732/5/?bust=1574125846&width=300']"
48226,45991612,https://www.petfinder.com/cat/sheba-45991612/wa/redmond/feral-care-wa208/?referrer_id=3830981a-ad4c-4f85-872c-ca9edc50a67e,Cat,Senior,Female,Medium,Short,Pixiebob,"[{'small': 'https://dl5zpyw5k3jeb.cloudfront.net/photos/pets/45991612/1/?bust=1568675193&width=100', 'medium': 'https://dl5zpyw5k3jeb.cloudfront.net/photos/pets/45991612/1/?bust=1568675193&width=300', 'large': 'https://dl5zpyw5k3jeb.cloudfront.net/photos/pets/45991612/1/?bust=1568675193&width=600', 'full': 'https://dl5zpyw5k3jeb.cloudfront.net/photos/pets/45991612/1/?bust=1568675193'}]",['https://dl5zpyw5k3jeb.cloudfront.net/photos/pets/45991612/1/?bust=1568675193&width=300']
48227,45096405,https://www.petfinder.com/cat/millie-courtesy-post-45096405/az/scottsdale/four-peaks-animal-rescue-az397/?referrer_id=3830981a-ad4c-4f85-872c-ca9edc50a67e,Cat,Young,Female,Small,,Pixiebob,"[{'small': 'https://dl5zpyw5k3jeb.cloudfront.net/photos/pets/45096405/1/?bust=1561642825&width=100', 'medium': 'https://dl5zpyw5k3jeb.cloudfront.net/photos/pets/45096405/1/?bust=1561642825&width=300', 'large': 'https://dl5zpyw5k3jeb.cloudfront.net/photos/pets/45096405/1/?bust=1561642825&width=600', 'full': 'https://dl5zpyw5k3jeb.cloudfront.net/photos/pets/45096405/1/?bust=1561642825'}]",['https://dl5zpyw5k3jeb.cloudfront.net/photos/pets/45096405/1/?bust=1561642825&width=300']
48228,44932655,https://www.petfinder.com/cat/koda-and-missie-44932655/wa/seattle/nw-pixie-bob-rescue-wa215/?referrer_id=3830981a-ad4c-4f85-872c-ca9edc50a67e,Cat,Adult,Male,Large,Medium,Pixiebob,"[{'small': 'https://dl5zpyw5k3jeb.cloudfront.net/photos/pets/44932655/1/?bust=1560195329&width=100', 'medium': 'https://dl5zpyw5k3jeb.cloudfront.net/photos/pets/44932655/1/?bust=1560195329&width=300', 'large': 'https://dl5zpyw5k3jeb.cloudfront.net/photos/pets/44932655/1/?bust=1560195329&width=600', 'full': 'https://dl5zpyw5k3jeb.cloudfront.net/photos/pets/44932655/1/?bust=1560195329'}, {'small': 'https://dl5zpyw5k3jeb.cloudfront.net/photos/pets/44932655/2/?bust=1560195331&width=100', 'medium': 'https://dl5zpyw5k3jeb.cloudfront.net/photos/pets/44932655/2/?bust=1560195331&width=300', 'large': 'https://dl5zpyw5k3jeb.cloudfront.net/photos/pets/44932655/2/?bust=1560195331&width=600', 'full': 'https://dl5zpyw5k3jeb.cloudfront.net/photos/pets/44932655/2/?bust=1560195331'}, {'small': 'https://dl5zpyw5k3jeb.cloudfront.net/photos/pets/44932655/3/?bust=1560195333&width=100', 'medium': 'https://dl5zpyw5k3jeb.cloudfront.net/photos/pets/44932655/3/?bust=1560195333&width=300', 'large': 'https://dl5zpyw5k3jeb.cloudfront.net/photos/pets/44932655/3/?bust=1560195333&width=600', 'full': 'https://dl5zpyw5k3jeb.cloudfront.net/photos/pets/44932655/3/?bust=1560195333'}, {'small': 'https://dl5zpyw5k3jeb.cloudfront.net/photos/pets/44932655/4/?bust=1560195335&width=100', 'medium': 'https://dl5zpyw5k3jeb.cloudfront.net/photos/pets/44932655/4/?bust=1560195335&width=300', 'large': 'https://dl5zpyw5k3jeb.cloudfront.net/photos/pets/44932655/4/?bust=1560195335&width=600', 'full': 'https://dl5zpyw5k3jeb.cloudfront.net/photos/pets/44932655/4/?bust=1560195335'}]","['https://dl5zpyw5k3jeb.cloudfront.net/photos/pets/44932655/1/?bust=1560195329&width=300', 'https://dl5zpyw5k3jeb.cloudfront.net/photos/pets/44932655/2/?bust=1560195331&width=300', 'https://dl5zpyw5k3jeb.cloudfront.net/photos/pets/44932655/3/?bust=1560195333&width=300', 'https://dl5zpyw5k3jeb.cloudfront.net/photos/pets/44932655/4/?bust=1560195335&width=300']"
48229,44828330,https://www.petfinder.com/cat/koda-and-missy-44828330/wa/seattle/pacific-northwest-kuvasz-rescue-wa90/?referrer_id=3830981a-ad4c-4f85-872c-ca9edc50a67e,Cat,Adult,Male,Large,Long,Pixiebob,"[{'small': 'https://dl5zpyw5k3jeb.cloudfront.net/photos/pets/44828330/1/?bust=1559192943&width=100', 'medium': 'https://dl5zpyw5k3jeb.cloudfront.net/photos/pets/44828330/1/?bust=1559192943&width=300', 'large': 'https://dl5zpyw5k3jeb.cloudfront.net/photos/pets/44828330/1/?bust=1559192943&width=600', 'full': 'https://dl5zpyw5k3jeb.cloudfront.net/photos/pets/44828330/1/?bust=1559192943'}, {'small': 'https://dl5zpyw5k3jeb.cloudfront.net/photos/pets/44828330/2/?bust=1559193909&width=100', 'medium': 'https://dl5zpyw5k3jeb.cloudfront.net/photos/pets/44828330/2/?bust=1559193909&width=300', 'large': 'https://dl5zpyw5k3jeb.cloudfront.net/photos/pets/44828330/2/?bust=1559193909&width=600', 'full': 'https://dl5zpyw5k3jeb.cloudfront.net/photos/pets/44828330/2/?bust=1559193909'}, {'small': 'https://dl5zpyw5k3jeb.cloudfront.net/photos/pets/44828330/3/?bust=1559193919&width=100', 'medium': 'https://dl5zpyw5k3jeb.cloudfront.net/photos/pets/44828330/3/?bust=1559193919&width=300', 'large': 'https://dl5zpyw5k3jeb.cloudfront.net/photos/pets/44828330/3/?bust=1559193919&width=600', 'full': 'https://dl5zpyw5k3jeb.cloudfront.net/photos/pets/44828330/3/?bust=1559193919'}, {'small': 'https://dl5zpyw5k3jeb.cloudfront.net/photos/pets/44828330/4/?bust=1559194165&width=100', 'medium': 'https://dl5zpyw5k3jeb.cloudfront.net/photos/pets/44828330/4/?bust=1559194165&width=300', 'large': 'https://dl5zpyw5k3jeb.cloudfront.net/photos/pets/44828330/4/?bust=1559194165&width=600', 'full': 'https://dl5zpyw5k3jeb.cloudfront.net/photos/pets/44828330/4/?bust=1559194165'}, {'small': 'https://dl5zpyw5k3jeb.cloudfront.net/photos/pets/44828330/5/?bust=1559194202&width=100', 'medium': 'https://dl5zpyw5k3jeb.cloudfront.net/photos/pets/44828330/5/?bust=1559194202&width=300', 'large': 'https://dl5zpyw5k3jeb.cloudfront.net/photos/pets/44828330/5/?bust=1559194202&width=600', 'full': 'https://dl5zpyw5k3jeb.cloudfront.net/photos/pets/44828330/5/?bust=1559194202'}, {'small': 'https://dl5zpyw5k3jeb.cloudfront.net/photos/pets/44828330/6/?bust=1559194450&width=100', 'medium': 'https://dl5zpyw5k3jeb.cloudfront.net/photos/pets/44828330/6/?bust=1559194450&width=300', 'large': 'https://dl5zpyw5k3jeb.cloudfront.net/photos/pets/44828330/6/?bust=1559194450&width=600', 'full': 'https://dl5zpyw5k3jeb.cloudfront.net/photos/pets/44828330/6/?bust=1559194450'}]","['https://dl5zpyw5k3jeb.cloudfront.net/photos/pets/44828330/1/?bust=1559192943&width=300', 'https://dl5zpyw5k3jeb.cloudfront.net/photos/pets/44828330/2/?bust=1559193909&width=300', 'https://dl5zpyw5k3jeb.cloudfront.net/photos/pets/44828330/3/?bust=1559193919&width=300', 'https://dl5zpyw5k3jeb.cloudfront.net/photos/pets/44828330/4/?bust=1559194165&width=300', 'https://dl5zpyw5k3jeb.cloudfront.net/photos/pets/44828330/5/?bust=1559194202&width=300', 'https://dl5zpyw5k3jeb.cloudfront.net/photos/pets/44828330/6/?bust=1559194450&width=300']"
48230,44447310,https://www.petfinder.com/cat/torri-44447310/ia/waukee/broderick-animal-clinic-ia231/?referrer_id=3830981a-ad4c-4f85-872c-ca9edc50a67e,Cat,Senior,Female,Large,Short,Pixiebob,"[{'small': 'https://dl5zpyw5k3jeb.cloudfront.net/photos/pets/44447310/1/?bust=1555432124&width=100', 'medium': 'https://dl5zpyw5k3jeb.cloudfront.net/photos/pets/44447310/1/?bust=1555432124&width=300', 'large': 'https://dl5zpyw5k3jeb.cloudfront.net/photos/pets/44447310/1/?bust=1555432124&width=600', 'full': 'https://dl5zpyw5k3jeb.cloudfront.net/photos/pets/44447310/1/?bust=1555432124'}]",['https://dl5zpyw5k3jeb.cloudfront.net/photos/pets/44447310/1/?bust=1555432124&width=300']
48231,44314405,https://www.petfinder.com/cat/al-44314405/az/tombstone/tombstone-small-animal-shelter-az38/?referrer_id=3830981a-ad4c-4f85-872c-ca9edc50a67e,Cat,Adult,Male,Medium,Short,Pixiebob,"[{'small': 'https://dl5zpyw5k3jeb.cloudfront.net/photos/pets/44314405/1/?bust=1553546593&width=100', 'medium': 'https://dl5zpyw5k3jeb.cloudfront.net/photos/pets/44314405/1/?bust=1553546593&width=300', 'large': 'https://dl5zpyw5k3jeb.cloudfront.net/photos/pets/44314405/1/?bust=1553546593&width=600', 'full': 'https://dl5zpyw5k3jeb.cloudfront.net/photos/pets/44314405/1/?bust=1553546593'}, {'small': 'https://dl5zpyw5k3jeb.cloudfront.net/photos/pets/44314405/2/?bust=1554995955&width=100', 'medium': 'https://dl5zpyw5k3jeb.cloudfront.net/photos/pets/44314405/2/?bust=1554995955&width=300', 'large': 'https://dl5zpyw5k3jeb.cloudfront.net/photos/pets/44314405/2/?bust=1554995955&width=600', 'full': 'https://dl5zpyw5k3jeb.cloudfront.net/photos/pets/44314405/2/?bust=1554995955'}, {'small': 'https://dl5zpyw5k3jeb.cloudfront.net/photos/pets/44314405/3/?bust=1554995956&width=100', 'medium': 'https://dl5zpyw5k3jeb.cloudfront.net/photos/pets/44314405/3/?bust=1554995956&width=300', 'large': 'https://dl5zpyw5k3jeb.cloudfront.net/photos/pets/44314405/3/?bust=1554995956&width=600', 'full': 'https://dl5zpyw5k3jeb.cloudfront.net/photos/pets/44314405/3/?bust=1554995956'}, {'small': 'https://dl5zpyw5k3jeb.cloudfront.net/photos/pets/44314405/4/?bust=1554995956&width=100', 'medium': 'https://dl5zpyw5k3jeb.cloudfront.net/photos/pets/44314405/4/?bust=1554995956&width=300', 'large': 'https://dl5zpyw5k3jeb.cloudfront.net/photos/pets/44314405/4/?bust=1554995956&width=600', 'full': 'https://dl5zpyw5k3jeb.cloudfront.net/photos/pets/44314405/4/?bust=1554995956'}]","['https://dl5zpyw5k3jeb.cloudfront.net/photos/pets/44314405/1/?bust=1553546593&width=300', 'https://dl5zpyw5k3jeb.cloudfront.net/photos/pets/44314405/2/?bust=1554995955&width=300', 'https://dl5zpyw5k3jeb.cloudfront.net/photos/pets/44314405/3/?bust=1554995956&width=300', 'https://dl5zpyw5k3jeb.cloudfront.net/photos/pets/44314405/4/?bust=1554995956&width=300']"
48232,44314394,https://www.petfinder.com/cat/abe-44314394/az/tombstone/tombstone-small-animal-shelter-az38/?referrer_id=3830981a-ad4c-4f85-872c-ca9edc50a67e,Cat,Adult,Male,Medium,Short,Pixiebob,"[{'small': 'https://dl5zpyw5k3jeb.cloudfront.net/photos/pets/44314394/1/?bust=1553546473&width=100', 'medium': 'https://dl5zpyw5k3jeb.cloudfront.net/photos/pets/44314394/1/?bust=1553546473&width=300', 'large': 'https://dl5zpyw5k3jeb.cloudfront.net/photos/pets/44314394/1/?bust=1553546473&width=600', 'full': 'https://dl5zpyw5k3jeb.cloudfront.net/photos/pets/44314394/1/?bust=1553546473'}, {'small': 'https://dl5zpyw5k3jeb.cloudfront.net/photos/pets/44314394/2/?bust=1554996023&width=100', 'medium': 'https://dl5zpyw5k3jeb.cloudfront.net/photos/pets/44314394/2/?bust=1554996023&width=300', 'large': 'https://dl5zpyw5k3jeb.cloudfront.net/photos/pets/44314394/2/?bust=1554996023&width=600', 'full': 'https://dl5zpyw5k3jeb.cloudfront.net/photos/pets/44314394/2/?bust=1554996023'}, {'small': 'https://dl5zpyw5k3jeb.cloudfront.net/photos/pets/44314394/3/?bust=1554996024&width=100', 'medium': 'https://dl5zpyw5k3jeb.cloudfront.net/photos/pets/44314394/3/?bust=1554996024&width=300', 'large': 'https://dl5zpyw5k3jeb.cloudfront.net/photos/pets/44314394/3/?bust=1554996024&width=600', 'full': 'https://dl5zpyw5k3jeb.cloudfront.net/photos/pets/44314394/3/?bust=1554996024'}, {'small': 'https://dl5zpyw5k3jeb.cloudfront.net/photos/pets/44314394/4/?bust=1554996024&width=100', 'medium': 'https://dl5zpyw5k3jeb.cloudfront.net/photos/pets/44314394/4/?bust=1554996024&width=300', 'large': 'https://dl5zpyw5k3jeb.cloudfront.net/photos/pets/44314394/4/?bust=1554996024&width=600', 'full': 'https://dl5zpyw5k3jeb.cloudfront.net/photos/pets/44314394/4/?bust=1554996024'}, {'small': 'https://dl5zpyw5k3jeb.cloudfront.net/photos/pets/44314394/5/?bust=1554996025&width=100', 'medium': 'https://dl5zpyw5k3jeb.cloudfront.net/photos/pets/44314394/5/?bust=1554996025&width=300', 'large': 'https://dl5zpyw5k3jeb.cloudfront.net/photos/pets/44314394/5/?bust=1554996025&width=600', 'full': 'https://dl5zpyw5k3jeb.cloudfront.net/photos/pets/44314394/5/?bust=1554996025'}]","['https://dl5zpyw5k3jeb.cloudfront.net/photos/pets/44314394/1/?bust=1553546473&width=300', 'https://dl5zpyw5k3jeb.cloudfront.net/photos/pets/44314394/2/?bust=1554996023&width=300', 'https://dl5zpyw5k3jeb.cloudfront.net/photos/pets/44314394/3/?bust=1554996024&width=300', 'https://dl5zpyw5k3jeb.cloudfront.net/photos/pets/44314394/4/?bust=1554996024&width=300', 'https://dl5zpyw5k3jeb.cloudfront.net/photos/pets/44314394/5/?bust=1554996025&width=300']"
48233,43742651,https://www.petfinder.com/cat/faye-43742651/oh/cincinnati/crazy-cats-animal-rescue-oh1151/?referrer_id=3830981a-ad4c-4f85-872c-ca9edc50a67e,Cat,Adult,Female,Medium,Short,Pixiebob,"[{'small': 'https://dl5zpyw5k3jeb.cloudfront.net/photos/pets/43742651/3/?bust=1547171723&width=100', 'medium': 'https://dl5zpyw5k3jeb.cloudfront.net/photos/pets/43742651/3/?bust=1547171723&width=300', 'large': 'https://dl5zpyw5k3jeb.cloudfront.net/photos/pets/43742651/3/?bust=1547171723&width=600', 'full': 'https://dl5zpyw5k3jeb.cloudfront.net/photos/pets/43742651/3/?bust=1547171723'}, {'small': 'https://dl5zpyw5k3jeb.cloudfront.net/photos/pets/43742651/1/?bust=1547171716&width=100', 'medium': 'https://dl5zpyw5k3jeb.cloudfront.net/photos/pets/43742651/1/?bust=1547171716&width=300', 'large': 'https://dl5zpyw5k3jeb.cloudfront.net/photos/pets/43742651/1/?bust=1547171716&width=600', 'full': 'https://dl5zpyw5k3jeb.cloudfront.net/photos/pets/43742651/1/?bust=1547171716'}, {'small': 'https://dl5zpyw5k3jeb.cloudfront.net/photos/pets/43742651/2/?bust=1547171719&width=100', 'medium': 'https://dl5zpyw5k3jeb.cloudfront.net/photos/pets/43742651/2/?bust=1547171719&width=300', 'large': 'https://dl5zpyw5k3jeb.cloudfront.net/photos/pets/43742651/2/?bust=1547171719&width=600', 'full': 'https://dl5zpyw5k3jeb.cloudfront.net/photos/pets/43742651/2/?bust=1547171719'}]","['https://dl5zpyw5k3jeb.cloudfront.net/photos/pets/43742651/3/?bust=1547171723&width=300', 'https://dl5zpyw5k3jeb.cloudfront.net/photos/pets/43742651/1/?bust=1547171716&width=300', 'https://dl5zpyw5k3jeb.cloudfront.net/photos/pets/43742651/2/?bust=1547171719&width=300']"
48234,43510856,https://www.petfinder.com/cat/eve-43510856/bc/saanichton/victoria-pet-adoption-society-bc144/?referrer_id=3830981a-ad4c-4f85-872c-ca9edc50a67e,Cat,Adult,Female,Medium,Short,Pixiebob,"[{'small': 'https://dl5zpyw5k3jeb.cloudfront.net/photos/pets/43510856/1/?bust=1544518563&width=100', 'medium': 'https://dl5zpyw5k3jeb.cloudfront.net/photos/pets/43510856/1/?bust=1544518563&width=300', 'large': 'https://dl5zpyw5k3jeb.cloudfront.net/photos/pets/43510856/1/?bust=1544518563&width=600', 'full': 'https://dl5zpyw5k3jeb.cloudfront.net/photos/pets/43510856/1/?bust=1544518563'}]",['https://dl5zpyw5k3jeb.cloudfront.net/photos/pets/43510856/1/?bust=1544518563&width=300']
48235,43310627,https://www.petfinder.com/cat/kiki-the-awesome-check-out-my-video-i-lovvvvee-dogs-and-kids-43310627/ny/south-salem/rock-n-rescue-ny1169/?referrer_id=3830981a-ad4c-4f85-872c-ca9edc50a67e,Cat,Baby,Female,Medium,Short,Pixiebob,"[{'small': 'https://dl5zpyw5k3jeb.cloudfront.net/photos/pets/43310627/1/?bust=1542387732&width=100', 'medium': 'https://dl5zpyw5k3jeb.cloudfront.net/photos/pets/43310627/1/?bust=1542387732&width=300', 'large': 'https://dl5zpyw5k3jeb.cloudfront.net/photos/pets/43310627/1/?bust=1542387732&width=600', 'full': 'https://dl5zpyw5k3jeb.cloudfront.net/photos/pets/43310627/1/?bust=1542387732'}, {'small': 'https://dl5zpyw5k3jeb.cloudfront.net/photos/pets/43310627/2/?bust=1542387739&width=100', 'medium': 'https://dl5zpyw5k3jeb.cloudfront.net/photos/pets/43310627/2/?bust=1542387739&width=300', 'large': 'https://dl5zpyw5k3jeb.cloudfront.net/photos/pets/43310627/2/?bust=1542387739&width=600', 'full': 'https://dl5zpyw5k3jeb.cloudfront.net/photos/pets/43310627/2/?bust=1542387739'}]","['https://dl5zpyw5k3jeb.cloudfront.net/photos/pets/43310627/1/?bust=1542387732&width=300', 'https://dl5zpyw5k3jeb.cloudfront.net/photos/pets/43310627/2/?bust=1542387739&width=300']"
48236,43208618,https://www.petfinder.com/cat/mojo-43208618/bc/saanichton/victoria-pet-adoption-society-bc144/?referrer_id=3830981a-ad4c-4f85-872c-ca9edc50a67e,Cat,Baby,Male,Medium,Short,Pixiebob,"[{'small': 'https://dl5zpyw5k3jeb.cloudfront.net/photos/pets/43208618/1/?bust=1541399589&width=100', 'medium': 'https://dl5zpyw5k3jeb.cloudfront.net/photos/pets/43208618/1/?bust=1541399589&width=300', 'large': 'https://dl5zpyw5k3jeb.cloudfront.net/photos/pets/43208618/1/?bust=1541399589&width=600', 'full': 'https://dl5zpyw5k3jeb.cloudfront.net/photos/pets/43208618/1/?bust=1541399589'}, {'small': 'https://dl5zpyw5k3jeb.cloudfront.net/photos/pets/43208618/2/?bust=1541399589&width=100', 'medium': 'https://dl5zpyw5k3jeb.cloudfront.net/photos/pets/43208618/2/?bust=1541399589&width=300', 'large': 'https://dl5zpyw5k3jeb.cloudfront.net/photos/pets/43208618/2/?bust=1541399589&width=600', 'full': 'https://dl5zpyw5k3jeb.cloudfront.net/photos/pets/43208618/2/?bust=1541399589'}]","['https://dl5zpyw5k3jeb.cloudfront.net/photos/pets/43208618/1/?bust=1541399589&width=300', 'https://dl5zpyw5k3jeb.cloudfront.net/photos/pets/43208618/2/?bust=1541399589&width=300']"
48237,43199818,https://www.petfinder.com/cat/bobby-bobcat-43199818/tx/dallas/texas-exotic-cat-rescue-tx1208/?referrer_id=3830981a-ad4c-4f85-872c-ca9edc50a67e,Cat,Baby,Male,Large,Short,Pixiebob,"[{'small': 'https://dl5zpyw5k3jeb.cloudfront.net/photos/pets/43199818/1/?bust=1541300963&width=100', 'medium': 'https://dl5zpyw5k3jeb.cloudfront.net/photos/pets/43199818/1/?bust=1541300963&width=300', 'large': 'https://dl5zpyw5k3jeb.cloudfront.net/photos/pets/43199818/1/?bust=1541300963&width=600', 'full': 'https://dl5zpyw5k3jeb.cloudfront.net/photos/pets/43199818/1/?bust=1541300963'}, {'small': 'https://dl5zpyw5k3jeb.cloudfront.net/photos/pets/43199818/2/?bust=1541301015&width=100', 'medium': 'https://dl5zpyw5k3jeb.cloudfront.net/photos/pets/43199818/2/?bust=1541301015&width=300', 'large': 'https://dl5zpyw5k3jeb.cloudfront.net/photos/pets/43199818/2/?bust=1541301015&width=600', 'full': 'https://dl5zpyw5k3jeb.cloudfront.net/photos/pets/43199818/2/?bust=1541301015'}]","['https://dl5zpyw5k3jeb.cloudfront.net/photos/pets/43199818/1/?bust=1541300963&width=300', 'https://dl5zpyw5k3jeb.cloudfront.net/photos/pets/43199818/2/?bust=1541301015&width=300']"
48238,43047242,https://www.petfinder.com/cat/coral-omg-so-unique-loves-dogs-cats-everyone-43047242/ny/south-salem/rock-n-rescue-ny1169/?referrer_id=3830981a-ad4c-4f85-872c-ca9edc50a67e,Cat,Baby,Female,Medium,Short,Pixiebob,"[{'small': 'https://dl5zpyw5k3jeb.cloudfront.net/photos/pets/43047242/4/?bust=1543529526&width=100', 'medium': 'https://dl5zpyw5k3jeb.cloudfront.net/photos/pets/43047242/4/?bust=1543529526&width=300', 'large': 'https://dl5zpyw5k3jeb.cloudfront.net/photos/pets/43047242/4/?bust=1543529526&width=600', 'full': 'https://dl5zpyw5k3jeb.cloudfront.net/photos/pets/43047242/4/?bust=1543529526'}, {'small': 'https://dl5zpyw5k3jeb.cloudfront.net/photos/pets/43047242/1/?bust=1539914624&width=100', 'medium': 'https://dl5zpyw5k3jeb.cloudfront.net/photos/pets/43047242/1/?bust=1539914624&width=300', 'large': 'https://dl5zpyw5k3jeb.cloudfront.net/photos/pets/43047242/1/?bust=1539914624&width=600', 'full': 'https://dl5zpyw5k3jeb.cloudfront.net/photos/pets/43047242/1/?bust=1539914624'}, {'small': 'https://dl5zpyw5k3jeb.cloudfront.net/photos/pets/43047242/3/?bust=1539914634&width=100', 'medium': 'https://dl5zpyw5k3jeb.cloudfront.net/photos/pets/43047242/3/?bust=1539914634&width=300', 'large': 'https://dl5zpyw5k3jeb.cloudfront.net/photos/pets/43047242/3/?bust=1539914634&width=600', 'full': 'https://dl5zpyw5k3jeb.cloudfront.net/photos/pets/43047242/3/?bust=1539914634'}, {'small': 'https://dl5zpyw5k3jeb.cloudfront.net/photos/pets/43047242/2/?bust=1543529526&width=100', 'medium': 'https://dl5zpyw5k3jeb.cloudfront.net/photos/pets/43047242/2/?bust=1543529526&width=300', 'large': 'https://dl5zpyw5k3jeb.cloudfront.net/photos/pets/43047242/2/?bust=1543529526&width=600', 'full': 'https://dl5zpyw5k3jeb.cloudfront.net/photos/pets/43047242/2/?bust=1543529526'}]","['https://dl5zpyw5k3jeb.cloudfront.net/photos/pets/43047242/4/?bust=1543529526&width=300', 'https://dl5zpyw5k3jeb.cloudfront.net/photos/pets/43047242/1/?bust=1539914624&width=300', 'https://dl5zpyw5k3jeb.cloudfront.net/photos/pets/43047242/3/?bust=1539914634&width=300', 'https://dl5zpyw5k3jeb.cloudfront.net/photos/pets/43047242/2/?bust=1543529526&width=300']"
48239,43011762,https://www.petfinder.com/cat/ric-43011762/wa/seattle/nw-pixie-bob-rescue-wa215/?referrer_id=3830981a-ad4c-4f85-872c-ca9edc50a67e,Cat,Adult,Male,Large,Short,Pixiebob,"[{'small': 'https://dl5zpyw5k3jeb.cloudfront.net/photos/pets/43011762/1/?bust=1539466333&width=100', 'medium': 'https://dl5zpyw5k3jeb.cloudfront.net/photos/pets/43011762/1/?bust=1539466333&width=300', 'large': 'https://dl5zpyw5k3jeb.cloudfront.net/photos/pets/43011762/1/?bust=1539466333&width=600', 'full': 'https://dl5zpyw5k3jeb.cloudfront.net/photos/pets/43011762/1/?bust=1539466333'}, {'small': 'https://dl5zpyw5k3jeb.cloudfront.net/photos/pets/43011762/2/?bust=1539466354&width=100', 'medium': 'https://dl5zpyw5k3jeb.cloudfront.net/photos/pets/43011762/2/?bust=1539466354&width=300', 'large': 'https://dl5zpyw5k3jeb.cloudfront.net/photos/pets/43011762/2/?bust=1539466354&width=600', 'full': 'https://dl5zpyw5k3jeb.cloudfront.net/photos/pets/43011762/2/?bust=1539466354'}]","['https://dl5zpyw5k3jeb.cloudfront.net/photos/pets/43011762/1/?bust=1539466333&width=300', 'https://dl5zpyw5k3jeb.cloudfront.net/photos/pets/43011762/2/?bust=1539466354&width=300']"
48240,42489325,https://www.petfinder.com/cat/catalina-42489325/sc/sumter/s-dot-pc-dot-a-of-sumter-sc300/?referrer_id=3830981a-ad4c-4f85-872c-ca9edc50a67e,Cat,Adult,Female,Small,Long,Pixiebob,"[{'small': 'https://dl5zpyw5k3jeb.cloudfront.net/photos/pets/42489325/1/?bust=1534393050&width=100', 'medium': 'https://dl5zpyw5k3jeb.cloudfront.net/photos/pets/42489325/1/?bust=1534393050&width=300', 'large': 'https://dl5zpyw5k3jeb.cloudfront.net/photos/pets/42489325/1/?bust=1534393050&width=600', 'full': 'https://dl5zpyw5k3jeb.cloudfront.net/photos/pets/42489325/1/?bust=1534393050'}, {'small': 'https://dl5zpyw5k3jeb.cloudfront.net/photos/pets/42489325/2/?bust=1534393055&width=100', 'medium': 'https://dl5zpyw5k3jeb.cloudfront.net/photos/pets/42489325/2/?bust=1534393055&width=300', 'large': 'https://dl5zpyw5k3jeb.cloudfront.net/photos/pets/42489325/2/?bust=1534393055&width=600', 'full': 'https://dl5zpyw5k3jeb.cloudfront.net/photos/pets/42489325/2/?bust=1534393055'}, {'small': 'https://dl5zpyw5k3jeb.cloudfront.net/photos/pets/42489325/3/?bust=1534393058&width=100', 'medium': 'https://dl5zpyw5k3jeb.cloudfront.net/photos/pets/42489325/3/?bust=1534393058&width=300', 'large': 'https://dl5zpyw5k3jeb.cloudfront.net/photos/pets/42489325/3/?bust=1534393058&width=600', 'full': 'https://dl5zpyw5k3jeb.cloudfront.net/photos/pets/42489325/3/?bust=1534393058'}, {'small': 'https://dl5zpyw5k3jeb.cloudfront.net/photos/pets/42489325/4/?bust=1534393064&width=100', 'medium': 'https://dl5zpyw5k3jeb.cloudfront.net/photos/pets/42489325/4/?bust=1534393064&width=300', 'large': 'https://dl5zpyw5k3jeb.cloudfront.net/photos/pets/42489325/4/?bust=1534393064&width=600', 'full': 'https://dl5zpyw5k3jeb.cloudfront.net/photos/pets/42489325/4/?bust=1534393064'}, {'small': 'https://dl5zpyw5k3jeb.cloudfront.net/photos/pets/42489325/5/?bust=1534393069&width=100', 'medium': 'https://dl5zpyw5k3jeb.cloudfront.net/photos/pets/42489325/5/?bust=1534393069&width=300', 'large': 'https://dl5zpyw5k3jeb.cloudfront.net/photos/pets/42489325/5/?bust=1534393069&width=600', 'full': 'https://dl5zpyw5k3jeb.cloudfront.net/photos/pets/42489325/5/?bust=1534393069'}, {'small': 'https://dl5zpyw5k3jeb.cloudfront.net/photos/pets/42489325/6/?bust=1534393071&width=100', 'medium': 'https://dl5zpyw5k3jeb.cloudfront.net/photos/pets/42489325/6/?bust=1534393071&width=300', 'large': 'https://dl5zpyw5k3jeb.cloudfront.net/photos/pets/42489325/6/?bust=1534393071&width=600', 'full': 'https://dl5zpyw5k3jeb.cloudfront.net/photos/pets/42489325/6/?bust=1534393071'}]","['https://dl5zpyw5k3jeb.cloudfront.net/photos/pets/42489325/1/?bust=1534393050&width=300', 'https://dl5zpyw5k3jeb.cloudfront.net/photos/pets/42489325/2/?bust=1534393055&width=300', 'https://dl5zpyw5k3jeb.cloudfront.net/photos/pets/42489325/3/?bust=1534393058&width=300', 'https://dl5zpyw5k3jeb.cloudfront.net/photos/pets/42489325/4/?bust=1534393064&width=300', 'https://dl5zpyw5k3jeb.cloudfront.net/photos/pets/42489325/5/?bust=1534393069&width=300', 'https://dl5zpyw5k3jeb.cloudfront.net/photos/pets/42489325/6/?bust=1534393071&width=300']"
48241,41449335,https://www.petfinder.com/cat/ninja-41449335/tx/georgetown/georgetown-animal-shelter-tx34/?referrer_id=3830981a-ad4c-4f85-872c-ca9edc50a67e,Cat,Senior,Female,Medium,Long,Pixiebob,"[{'small': 'https://dl5zpyw5k3jeb.cloudfront.net/photos/pets/41449335/1/?bust=1524244321&width=100', 'medium': 'https://dl5zpyw5k3jeb.cloudfront.net/photos/pets/41449335/1/?bust=1524244321&width=300', 'large': 'https://dl5zpyw5k3jeb.cloudfront.net/photos/pets/41449335/1/?bust=1524244321&width=600', 'full': 'https://dl5zpyw5k3jeb.cloudfront.net/photos/pets/41449335/1/?bust=1524244321'}, {'small': 'https://dl5zpyw5k3jeb.cloudfront.net/photos/pets/41449335/2/?bust=1524251391&width=100', 'medium': 'https://dl5zpyw5k3jeb.cloudfront.net/photos/pets/41449335/2/?bust=1524251391&width=300', 'large': 'https://dl5zpyw5k3jeb.cloudfront.net/photos/pets/41449335/2/?bust=1524251391&width=600', 'full': 'https://dl5zpyw5k3jeb.cloudfront.net/photos/pets/41449335/2/?bust=1524251391'}, {'small': 'https://dl5zpyw5k3jeb.cloudfront.net/photos/pets/41449335/3/?bust=1524505057&width=100', 'medium': 'https://dl5zpyw5k3jeb.cloudfront.net/photos/pets/41449335/3/?bust=1524505057&width=300', 'large': 'https://dl5zpyw5k3jeb.cloudfront.net/photos/pets/41449335/3/?bust=1524505057&width=600', 'full': 'https://dl5zpyw5k3jeb.cloudfront.net/photos/pets/41449335/3/?bust=1524505057'}, {'small': 'https://dl5zpyw5k3jeb.cloudfront.net/photos/pets/41449335/4/?bust=1524505057&width=100', 'medium': 'https://dl5zpyw5k3jeb.cloudfront.net/photos/pets/41449335/4/?bust=1524505057&width=300', 'large': 'https://dl5zpyw5k3jeb.cloudfront.net/photos/pets/41449335/4/?bust=1524505057&width=600', 'full': 'https://dl5zpyw5k3jeb.cloudfront.net/photos/pets/41449335/4/?bust=1524505057'}]","['https://dl5zpyw5k3jeb.cloudfront.net/photos/pets/41449335/1/?bust=1524244321&width=300', 'https://dl5zpyw5k3jeb.cloudfront.net/photos/pets/41449335/2/?bust=1524251391&width=300', 'https://dl5zpyw5k3jeb.cloudfront.net/photos/pets/41449335/3/?bust=1524505057&width=300', 'https://dl5zpyw5k3jeb.cloudfront.net/photos/pets/41449335/4/?bust=1524505057&width=300']"
48242,39995147,https://www.petfinder.com/cat/lily-39995147/or/redmond/brightside-animal-center-formerly-humane-society-of-redmond-or05/?referrer_id=3830981a-ad4c-4f85-872c-ca9edc50a67e,Cat,Senior,Female,Medium,Short,Pixiebob,"[{'small': 'https://dl5zpyw5k3jeb.cloudfront.net/photos/pets/39995147/1/?bust=1511567479&width=100', 'medium': 'https://dl5zpyw5k3jeb.cloudfront.net/photos/pets/39995147/1/?bust=1511567479&width=300', 'large': 'https://dl5zpyw5k3jeb.cloudfront.net/photos/pets/39995147/1/?bust=1511567479&width=600', 'full': 'https://dl5zpyw5k3jeb.cloudfront.net/photos/pets/39995147/1/?bust=1511567479'}, {'small': 'https://dl5zpyw5k3jeb.cloudfront.net/photos/pets/39995147/2/?bust=1511567493&width=100', 'medium': 'https://dl5zpyw5k3jeb.cloudfront.net/photos/pets/39995147/2/?bust=1511567493&width=300', 'large': 'https://dl5zpyw5k3jeb.cloudfront.net/photos/pets/39995147/2/?bust=1511567493&width=600', 'full': 'https://dl5zpyw5k3jeb.cloudfront.net/photos/pets/39995147/2/?bust=1511567493'}]","['https://dl5zpyw5k3jeb.cloudfront.net/photos/pets/39995147/1/?bust=1511567479&width=300', 'https://dl5zpyw5k3jeb.cloudfront.net/photos/pets/39995147/2/?bust=1511567493&width=300']"
48243,39263775,https://www.petfinder.com/cat/mugsy-and-thumbs-39263775/wa/seattle/nw-pixie-bob-rescue-wa215/?referrer_id=3830981a-ad4c-4f85-872c-ca9edc50a67e,Cat,Young,Male,Extra Large,Medium,Pixiebob,"[{'small': 'https://dl5zpyw5k3jeb.cloudfront.net/photos/pets/39263775/1/?bust=1504208110&width=100', 'medium': 'https://dl5zpyw5k3jeb.cloudfront.net/photos/pets/39263775/1/?bust=1504208110&width=300', 'large': 'https://dl5zpyw5k3jeb.cloudfront.net/photos/pets/39263775/1/?bust=1504208110&width=600', 'full': 'https://dl5zpyw5k3jeb.cloudfront.net/photos/pets/39263775/1/?bust=1504208110'}, {'small': 'https://dl5zpyw5k3jeb.cloudfront.net/photos/pets/39263775/2/?bust=1504208116&width=100', 'medium': 'https://dl5zpyw5k3jeb.cloudfront.net/photos/pets/39263775/2/?bust=1504208116&width=300', 'large': 'https://dl5zpyw5k3jeb.cloudfront.net/photos/pets/39263775/2/?bust=1504208116&width=600', 'full': 'https://dl5zpyw5k3jeb.cloudfront.net/photos/pets/39263775/2/?bust=1504208116'}, {'small': 'https://dl5zpyw5k3jeb.cloudfront.net/photos/pets/39263775/3/?bust=1504208118&width=100', 'medium': 'https://dl5zpyw5k3jeb.cloudfront.net/photos/pets/39263775/3/?bust=1504208118&width=300', 'large': 'https://dl5zpyw5k3jeb.cloudfront.net/photos/pets/39263775/3/?bust=1504208118&width=600', 'full': 'https://dl5zpyw5k3jeb.cloudfront.net/photos/pets/39263775/3/?bust=1504208118'}, {'small': 'https://dl5zpyw5k3jeb.cloudfront.net/photos/pets/39263775/4/?bust=1504208123&width=100', 'medium': 'https://dl5zpyw5k3jeb.cloudfront.net/photos/pets/39263775/4/?bust=1504208123&width=300', 'large': 'https://dl5zpyw5k3jeb.cloudfront.net/photos/pets/39263775/4/?bust=1504208123&width=600', 'full': 'https://dl5zpyw5k3jeb.cloudfront.net/photos/pets/39263775/4/?bust=1504208123'}]","['https://dl5zpyw5k3jeb.cloudfront.net/photos/pets/39263775/1/?bust=1504208110&width=300', 'https://dl5zpyw5k3jeb.cloudfront.net/photos/pets/39263775/2/?bust=1504208116&width=300', 'https://dl5zpyw5k3jeb.cloudfront.net/photos/pets/39263775/3/?bust=1504208118&width=300', 'https://dl5zpyw5k3jeb.cloudfront.net/photos/pets/39263775/4/?bust=1504208123&width=300']"
48244,36743694,https://www.petfinder.com/cat/meekah-36743694/mi/negaunee/upper-peninsula-animal-welfare-shelter-mi557/?referrer_id=3830981a-ad4c-4f85-872c-ca9edc50a67e,Cat,Adult,Female,Medium,,Pixiebob,"[{'small': 'https://dl5zpyw5k3jeb.cloudfront.net/photos/pets/36743694/1/?bust=1479242221&width=100', 'medium': 'https://dl5zpyw5k3jeb.cloudfront.net/photos/pets/36743694/1/?bust=1479242221&width=300', 'large': 'https://dl5zpyw5k3jeb.cloudfront.net/photos/pets/36743694/1/?bust=1479242221&width=600', 'full': 'https://dl5zpyw5k3jeb.cloudfront.net/photos/pets/36743694/1/?bust=1479242221'}]",['https://dl5zpyw5k3jeb.cloudfront.net/photos/pets/36743694/1/?bust=1479242221&width=300']
48245,36575056,https://www.petfinder.com/cat/isabelle-pure-bred-pixie-bob-fee-waived-36575056/ar/witter/blue-moon-cat-sanctuary-ar247/?referrer_id=3830981a-ad4c-4f85-872c-ca9edc50a67e,Cat,Young,Female,Medium,Short,Pixiebob,"[{'small': 'https://dl5zpyw5k3jeb.cloudfront.net/photos/pets/36575056/1/?bust=1477450213&width=100', 'medium': 'https://dl5zpyw5k3jeb.cloudfront.net/photos/pets/36575056/1/?bust=1477450213&width=300', 'large': 'https://dl5zpyw5k3jeb.cloudfront.net/photos/pets/36575056/1/?bust=1477450213&width=600', 'full': 'https://dl5zpyw5k3jeb.cloudfront.net/photos/pets/36575056/1/?bust=1477450213'}, {'small': 'https://dl5zpyw5k3jeb.cloudfront.net/photos/pets/36575056/2/?bust=1477450214&width=100', 'medium': 'https://dl5zpyw5k3jeb.cloudfront.net/photos/pets/36575056/2/?bust=1477450214&width=300', 'large': 'https://dl5zpyw5k3jeb.cloudfront.net/photos/pets/36575056/2/?bust=1477450214&width=600', 'full': 'https://dl5zpyw5k3jeb.cloudfront.net/photos/pets/36575056/2/?bust=1477450214'}]","['https://dl5zpyw5k3jeb.cloudfront.net/photos/pets/36575056/1/?bust=1477450213&width=300', 'https://dl5zpyw5k3jeb.cloudfront.net/photos/pets/36575056/2/?bust=1477450214&width=300']"
48246,35046331,https://www.petfinder.com/cat/ricky-35046331/fl/bradenton/bishop-animal-shelter-spca-of-manatee-county-fl531/?referrer_id=3830981a-ad4c-4f85-872c-ca9edc50a67e,Cat,Adult,Male,Medium,Short,Pixiebob,"[{'small': 'https://dl5zpyw5k3jeb.cloudfront.net/photos/pets/35046331/1/?bust=1462454126&width=100', 'medium': 'https://dl5zpyw5k3jeb.cloudfront.net/photos/pets/35046331/1/?bust=1462454126&width=300', 'large': 'https://dl5zpyw5k3jeb.cloudfront.net/photos/pets/35046331/1/?bust=1462454126&width=600', 'full': 'https://dl5zpyw5k3jeb.cloudfront.net/photos/pets/35046331/1/?bust=1462454126'}]",['https://dl5zpyw5k3jeb.cloudfront.net/photos/pets/35046331/1/?bust=1462454126&width=300']
48247,34995795,https://www.petfinder.com/cat/chaterina-34995795/qc/montreal/chatopia-formerly-animal-adoption-montreal-qc35/?referrer_id=3830981a-ad4c-4f85-872c-ca9edc50a67e,Cat,Young,Female,Medium,,Pixiebob,"[{'small': 'https://dl5zpyw5k3jeb.cloudfront.net/photos/pets/34995795/1/?bust=1462000985&width=100', 'medium': 'https://dl5zpyw5k3jeb.cloudfront.net/photos/pets/34995795/1/?bust=1462000985&width=300', 'large': 'https://dl5zpyw5k3jeb.cloudfront.net/photos/pets/34995795/1/?bust=1462000985&width=600', 'full': 'https://dl5zpyw5k3jeb.cloudfront.net/photos/pets/34995795/1/?bust=1462000985'}]",['https://dl5zpyw5k3jeb.cloudfront.net/photos/pets/34995795/1/?bust=1462000985&width=300']
48248,34513496,https://www.petfinder.com/cat/thomas-2016-34513496/ar/bentonville/fabulous-felines-nwa-ar260/?referrer_id=3830981a-ad4c-4f85-872c-ca9edc50a67e,Cat,Adult,Male,Large,Long,Pixiebob,"[{'small': 'https://dl5zpyw5k3jeb.cloudfront.net/photos/pets/34513496/1/?bust=1456766293&width=100', 'medium': 'https://dl5zpyw5k3jeb.cloudfront.net/photos/pets/34513496/1/?bust=1456766293&width=300', 'large': 'https://dl5zpyw5k3jeb.cloudfront.net/photos/pets/34513496/1/?bust=1456766293&width=600', 'full': 'https://dl5zpyw5k3jeb.cloudfront.net/photos/pets/34513496/1/?bust=1456766293'}, {'small': 'https://dl5zpyw5k3jeb.cloudfront.net/photos/pets/34513496/2/?bust=1456766293&width=100', 'medium': 'https://dl5zpyw5k3jeb.cloudfront.net/photos/pets/34513496/2/?bust=1456766293&width=300', 'large': 'https://dl5zpyw5k3jeb.cloudfront.net/photos/pets/34513496/2/?bust=1456766293&width=600', 'full': 'https://dl5zpyw5k3jeb.cloudfront.net/photos/pets/34513496/2/?bust=1456766293'}, {'small': 'https://dl5zpyw5k3jeb.cloudfront.net/photos/pets/34513496/3/?bust=1456766294&width=100', 'medium': 'https://dl5zpyw5k3jeb.cloudfront.net/photos/pets/34513496/3/?bust=1456766294&width=300', 'large': 'https://dl5zpyw5k3jeb.cloudfront.net/photos/pets/34513496/3/?bust=1456766294&width=600', 'full': 'https://dl5zpyw5k3jeb.cloudfront.net/photos/pets/34513496/3/?bust=1456766294'}]","['https://dl5zpyw5k3jeb.cloudfront.net/photos/pets/34513496/1/?bust=1456766293&width=300', 'https://dl5zpyw5k3jeb.cloudfront.net/photos/pets/34513496/2/?bust=1456766293&width=300', 'https://dl5zpyw5k3jeb.cloudfront.net/photos/pets/34513496/3/?bust=1456766294&width=300']"
48249,34332598,https://www.petfinder.com/cat/jean-claude-34332598/ga/cochran/georgia-canine-rescue-and-rehabilitation-ga467/?referrer_id=3830981a-ad4c-4f85-872c-ca9edc50a67e,Cat,Adult,Male,Large,Long,Pixiebob,"[{'small': 'https://dl5zpyw5k3jeb.cloudfront.net/photos/pets/34332598/1/?bust=1453979711&width=100', 'medium': 'https://dl5zpyw5k3jeb.cloudfront.net/photos/pets/34332598/1/?bust=1453979711&width=300', 'large': 'https://dl5zpyw5k3jeb.cloudfront.net/photos/pets/34332598/1/?bust=1453979711&width=600', 'full': 'https://dl5zpyw5k3jeb.cloudfront.net/photos/pets/34332598/1/?bust=1453979711'}]",['https://dl5zpyw5k3jeb.cloudfront.net/photos/pets/34332598/1/?bust=1453979711&width=300']
48250,34310457,https://www.petfinder.com/cat/atom-34310457/wa/seattle/nw-pixie-bob-rescue-wa215/?referrer_id=3830981a-ad4c-4f85-872c-ca9edc50a67e,Cat,Young,Male,Extra Large,,Pixiebob,"[{'small': 'https://dl5zpyw5k3jeb.cloudfront.net/photos/pets/34310457/1/?bust=1495285167&width=100', 'medium': 'https://dl5zpyw5k3jeb.cloudfront.net/photos/pets/34310457/1/?bust=1495285167&width=300', 'large': 'https://dl5zpyw5k3jeb.cloudfront.net/photos/pets/34310457/1/?bust=1495285167&width=600', 'full': 'https://dl5zpyw5k3jeb.cloudfront.net/photos/pets/34310457/1/?bust=1495285167'}, {'small': 'https://dl5zpyw5k3jeb.cloudfront.net/photos/pets/34310457/2/?bust=1495285167&width=100', 'medium': 'https://dl5zpyw5k3jeb.cloudfront.net/photos/pets/34310457/2/?bust=1495285167&width=300', 'large': 'https://dl5zpyw5k3jeb.cloudfront.net/photos/pets/34310457/2/?bust=1495285167&width=600', 'full': 'https://dl5zpyw5k3jeb.cloudfront.net/photos/pets/34310457/2/?bust=1495285167'}]","['https://dl5zpyw5k3jeb.cloudfront.net/photos/pets/34310457/1/?bust=1495285167&width=300', 'https://dl5zpyw5k3jeb.cloudfront.net/photos/pets/34310457/2/?bust=1495285167&width=300']"
48251,34287496,https://www.petfinder.com/cat/thomas-courtesy-post-34287496/ar/witter/blue-moon-cat-sanctuary-ar247/?referrer_id=3830981a-ad4c-4f85-872c-ca9edc50a67e,Cat,Young,Male,Medium,Medium,Pixiebob,"[{'small': 'https://dl5zpyw5k3jeb.cloudfront.net/photos/pets/34287496/1/?bust=1453317261&width=100', 'medium': 'https://dl5zpyw5k3jeb.cloudfront.net/photos/pets/34287496/1/?bust=1453317261&width=300', 'large': 'https://dl5zpyw5k3jeb.cloudfront.net/photos/pets/34287496/1/?bust=1453317261&width=600', 'full': 'https://dl5zpyw5k3jeb.cloudfront.net/photos/pets/34287496/1/?bust=1453317261'}, {'small': 'https://dl5zpyw5k3jeb.cloudfront.net/photos/pets/34287496/2/?bust=1453317262&width=100', 'medium': 'https://dl5zpyw5k3jeb.cloudfront.net/photos/pets/34287496/2/?bust=1453317262&width=300', 'large': 'https://dl5zpyw5k3jeb.cloudfront.net/photos/pets/34287496/2/?bust=1453317262&width=600', 'full': 'https://dl5zpyw5k3jeb.cloudfront.net/photos/pets/34287496/2/?bust=1453317262'}]","['https://dl5zpyw5k3jeb.cloudfront.net/photos/pets/34287496/1/?bust=1453317261&width=300', 'https://dl5zpyw5k3jeb.cloudfront.net/photos/pets/34287496/2/?bust=1453317262&width=300']"
48252,34241155,https://www.petfinder.com/cat/bobby-34241155/ca/mira-loma/sierra-pacific-furbabies-inc-ca2328/?referrer_id=3830981a-ad4c-4f85-872c-ca9edc50a67e,Cat,Adult,Male,Extra Large,Medium,Pixiebob,"[{'small': 'https://dl5zpyw5k3jeb.cloudfront.net/photos/pets/34241155/1/?bust=1452789348&width=100', 'medium': 'https://dl5zpyw5k3jeb.cloudfront.net/photos/pets/34241155/1/?bust=1452789348&width=300', 'large': 'https://dl5zpyw5k3jeb.cloudfront.net/photos/pets/34241155/1/?bust=1452789348&width=600', 'full': 'https://dl5zpyw5k3jeb.cloudfront.net/photos/pets/34241155/1/?bust=1452789348'}, {'small': 'https://dl5zpyw5k3jeb.cloudfront.net/photos/pets/34241155/2/?bust=1452789348&width=100', 'medium': 'https://dl5zpyw5k3jeb.cloudfront.net/photos/pets/34241155/2/?bust=1452789348&width=300', 'large': 'https://dl5zpyw5k3jeb.cloudfront.net/photos/pets/34241155/2/?bust=1452789348&width=600', 'full': 'https://dl5zpyw5k3jeb.cloudfront.net/photos/pets/34241155/2/?bust=1452789348'}, {'small': 'https://dl5zpyw5k3jeb.cloudfront.net/photos/pets/34241155/3/?bust=1452789349&width=100', 'medium': 'https://dl5zpyw5k3jeb.cloudfront.net/photos/pets/34241155/3/?bust=1452789349&width=300', 'large': 'https://dl5zpyw5k3jeb.cloudfront.net/photos/pets/34241155/3/?bust=1452789349&width=600', 'full': 'https://dl5zpyw5k3jeb.cloudfront.net/photos/pets/34241155/3/?bust=1452789349'}]","['https://dl5zpyw5k3jeb.cloudfront.net/photos/pets/34241155/1/?bust=1452789348&width=300', 'https://dl5zpyw5k3jeb.cloudfront.net/photos/pets/34241155/2/?bust=1452789348&width=300', 'https://dl5zpyw5k3jeb.cloudfront.net/photos/pets/34241155/3/?bust=1452789349&width=300']"
48253,34037380,https://www.petfinder.com/cat/alex-34037380/md/annapolis/spca-of-anne-arundel-county-md256/?referrer_id=3830981a-ad4c-4f85-872c-ca9edc50a67e,Cat,Adult,Male,Small,,Pixiebob,"[{'small': 'https://dl5zpyw5k3jeb.cloudfront.net/photos/pets/34037380/1/?bust=1450268513&width=100', 'medium': 'https://dl5zpyw5k3jeb.cloudfront.net/photos/pets/34037380/1/?bust=1450268513&width=300', 'large': 'https://dl5zpyw5k3jeb.cloudfront.net/photos/pets/34037380/1/?bust=1450268513&width=600', 'full': 'https://dl5zpyw5k3jeb.cloudfront.net/photos/pets/34037380/1/?bust=1450268513'}]",['https://dl5zpyw5k3jeb.cloudfront.net/photos/pets/34037380/1/?bust=1450268513&width=300']
48254,33731171,https://www.petfinder.com/cat/raiden-33731171/wa/seattle/nw-pixie-bob-rescue-wa215/?referrer_id=3830981a-ad4c-4f85-872c-ca9edc50a67e,Cat,Young,Female,Large,,Pixiebob,"[{'small': 'https://dl5zpyw5k3jeb.cloudfront.net/photos/pets/33731171/1/?bust=1495285167&width=100', 'medium': 'https://dl5zpyw5k3jeb.cloudfront.net/photos/pets/33731171/1/?bust=1495285167&width=300', 'large': 'https://dl5zpyw5k3jeb.cloudfront.net/photos/pets/33731171/1/?bust=1495285167&width=600', 'full': 'https://dl5zpyw5k3jeb.cloudfront.net/photos/pets/33731171/1/?bust=1495285167'}, {'small': 'https://dl5zpyw5k3jeb.cloudfront.net/photos/pets/33731171/2/?bust=1495285167&width=100', 'medium': 'https://dl5zpyw5k3jeb.cloudfront.net/photos/pets/33731171/2/?bust=1495285167&width=300', 'large': 'https://dl5zpyw5k3jeb.cloudfront.net/photos/pets/33731171/2/?bust=1495285167&width=600', 'full': 'https://dl5zpyw5k3jeb.cloudfront.net/photos/pets/33731171/2/?bust=1495285167'}]","['https://dl5zpyw5k3jeb.cloudfront.net/photos/pets/33731171/1/?bust=1495285167&width=300', 'https://dl5zpyw5k3jeb.cloudfront.net/photos/pets/33731171/2/?bust=1495285167&width=300']"
48255,33074154,https://www.petfinder.com/cat/jazz-33074154/wa/vashon-island/vashon-island-pet-protectors-wa87/?referrer_id=3830981a-ad4c-4f85-872c-ca9edc50a67e,Cat,Adult,Male,Large,Long,Pixiebob,"[{'small': 'https://dl5zpyw5k3jeb.cloudfront.net/photos/pets/33074154/1/?bust=1440169221&width=100', 'medium': 'https://dl5zpyw5k3jeb.cloudfront.net/photos/pets/33074154/1/?bust=1440169221&width=300', 'large': 'https://dl5zpyw5k3jeb.cloudfront.net/photos/pets/33074154/1/?bust=1440169221&width=600', 'full': 'https://dl5zpyw5k3jeb.cloudfront.net/photos/pets/33074154/1/?bust=1440169221'}, {'small': 'https://dl5zpyw5k3jeb.cloudfront.net/photos/pets/33074154/2/?bust=1440169222&width=100', 'medium': 'https://dl5zpyw5k3jeb.cloudfront.net/photos/pets/33074154/2/?bust=1440169222&width=300', 'large': 'https://dl5zpyw5k3jeb.cloudfront.net/photos/pets/33074154/2/?bust=1440169222&width=600', 'full': 'https://dl5zpyw5k3jeb.cloudfront.net/photos/pets/33074154/2/?bust=1440169222'}, {'small': 'https://dl5zpyw5k3jeb.cloudfront.net/photos/pets/33074154/3/?bust=1440169223&width=100', 'medium': 'https://dl5zpyw5k3jeb.cloudfront.net/photos/pets/33074154/3/?bust=1440169223&width=300', 'large': 'https://dl5zpyw5k3jeb.cloudfront.net/photos/pets/33074154/3/?bust=1440169223&width=600', 'full': 'https://dl5zpyw5k3jeb.cloudfront.net/photos/pets/33074154/3/?bust=1440169223'}]","['https://dl5zpyw5k3jeb.cloudfront.net/photos/pets/33074154/1/?bust=1440169221&width=300', 'https://dl5zpyw5k3jeb.cloudfront.net/photos/pets/33074154/2/?bust=1440169222&width=300', 'https://dl5zpyw5k3jeb.cloudfront.net/photos/pets/33074154/3/?bust=1440169223&width=300']"
48256,32990808,https://www.petfinder.com/cat/sonny-32990808/wa/seattle/nw-pixie-bob-rescue-wa215/?referrer_id=3830981a-ad4c-4f85-872c-ca9edc50a67e,Cat,Adult,Male,Extra Large,,Pixiebob,"[{'small': 'https://dl5zpyw5k3jeb.cloudfront.net/photos/pets/32990808/1/?bust=1495285167&width=100', 'medium': 'https://dl5zpyw5k3jeb.cloudfront.net/photos/pets/32990808/1/?bust=1495285167&width=300', 'large': 'https://dl5zpyw5k3jeb.cloudfront.net/photos/pets/32990808/1/?bust=1495285167&width=600', 'full': 'https://dl5zpyw5k3jeb.cloudfront.net/photos/pets/32990808/1/?bust=1495285167'}, {'small': 'https://dl5zpyw5k3jeb.cloudfront.net/photos/pets/32990808/2/?bust=1495285167&width=100', 'medium': 'https://dl5zpyw5k3jeb.cloudfront.net/photos/pets/32990808/2/?bust=1495285167&width=300', 'large': 'https://dl5zpyw5k3jeb.cloudfront.net/photos/pets/32990808/2/?bust=1495285167&width=600', 'full': 'https://dl5zpyw5k3jeb.cloudfront.net/photos/pets/32990808/2/?bust=1495285167'}]","['https://dl5zpyw5k3jeb.cloudfront.net/photos/pets/32990808/1/?bust=1495285167&width=300', 'https://dl5zpyw5k3jeb.cloudfront.net/photos/pets/32990808/2/?bust=1495285167&width=300']"
48257,32990798,https://www.petfinder.com/cat/cody-32990798/wa/seattle/nw-pixie-bob-rescue-wa215/?referrer_id=3830981a-ad4c-4f85-872c-ca9edc50a67e,Cat,Adult,Male,Extra Large,Short,Pixiebob,"[{'small': 'https://dl5zpyw5k3jeb.cloudfront.net/photos/pets/32990798/1/?bust=1495285167&width=100', 'medium': 'https://dl5zpyw5k3jeb.cloudfront.net/photos/pets/32990798/1/?bust=1495285167&width=300', 'large': 'https://dl5zpyw5k3jeb.cloudfront.net/photos/pets/32990798/1/?bust=1495285167&width=600', 'full': 'https://dl5zpyw5k3jeb.cloudfront.net/photos/pets/32990798/1/?bust=1495285167'}, {'small': 'https://dl5zpyw5k3jeb.cloudfront.net/photos/pets/32990798/2/?bust=1495285167&width=100', 'medium': 'https://dl5zpyw5k3jeb.cloudfront.net/photos/pets/32990798/2/?bust=1495285167&width=300', 'large': 'https://dl5zpyw5k3jeb.cloudfront.net/photos/pets/32990798/2/?bust=1495285167&width=600', 'full': 'https://dl5zpyw5k3jeb.cloudfront.net/photos/pets/32990798/2/?bust=1495285167'}]","['https://dl5zpyw5k3jeb.cloudfront.net/photos/pets/32990798/1/?bust=1495285167&width=300', 'https://dl5zpyw5k3jeb.cloudfront.net/photos/pets/32990798/2/?bust=1495285167&width=300']"
48258,32990783,https://www.petfinder.com/cat/tucker-32990783/wa/seattle/nw-pixie-bob-rescue-wa215/?referrer_id=3830981a-ad4c-4f85-872c-ca9edc50a67e,Cat,Adult,Male,Extra Large,Medium,Pixiebob,"[{'small': 'https://dl5zpyw5k3jeb.cloudfront.net/photos/pets/32990783/1/?bust=1495285167&width=100', 'medium': 'https://dl5zpyw5k3jeb.cloudfront.net/photos/pets/32990783/1/?bust=1495285167&width=300', 'large': 'https://dl5zpyw5k3jeb.cloudfront.net/photos/pets/32990783/1/?bust=1495285167&width=600', 'full': 'https://dl5zpyw5k3jeb.cloudfront.net/photos/pets/32990783/1/?bust=1495285167'}, {'small': 'https://dl5zpyw5k3jeb.cloudfront.net/photos/pets/32990783/2/?bust=1495285167&width=100', 'medium': 'https://dl5zpyw5k3jeb.cloudfront.net/photos/pets/32990783/2/?bust=1495285167&width=300', 'large': 'https://dl5zpyw5k3jeb.cloudfront.net/photos/pets/32990783/2/?bust=1495285167&width=600', 'full': 'https://dl5zpyw5k3jeb.cloudfront.net/photos/pets/32990783/2/?bust=1495285167'}]","['https://dl5zpyw5k3jeb.cloudfront.net/photos/pets/32990783/1/?bust=1495285167&width=300', 'https://dl5zpyw5k3jeb.cloudfront.net/photos/pets/32990783/2/?bust=1495285167&width=300']"
48259,32915487,https://www.petfinder.com/cat/rebecca-id-5134-1693-32915487/va/manassas/prince-william-county-animal-shelter-va331/?referrer_id=3830981a-ad4c-4f85-872c-ca9edc50a67e,Cat,Senior,Female,Medium,,Pixiebob,"[{'small': 'https://dl5zpyw5k3jeb.cloudfront.net/photos/pets/32915487/1/?bust=1438636594&width=100', 'medium': 'https://dl5zpyw5k3jeb.cloudfront.net/photos/pets/32915487/1/?bust=1438636594&width=300', 'large': 'https://dl5zpyw5k3jeb.cloudfront.net/photos/pets/32915487/1/?bust=1438636594&width=600', 'full': 'https://dl5zpyw5k3jeb.cloudfront.net/photos/pets/32915487/1/?bust=1438636594'}, {'small': 'https://dl5zpyw5k3jeb.cloudfront.net/photos/pets/32915487/2/?bust=1438636595&width=100', 'medium': 'https://dl5zpyw5k3jeb.cloudfront.net/photos/pets/32915487/2/?bust=1438636595&width=300', 'large': 'https://dl5zpyw5k3jeb.cloudfront.net/photos/pets/32915487/2/?bust=1438636595&width=600', 'full': 'https://dl5zpyw5k3jeb.cloudfront.net/photos/pets/32915487/2/?bust=1438636595'}]","['https://dl5zpyw5k3jeb.cloudfront.net/photos/pets/32915487/1/?bust=1438636594&width=300', 'https://dl5zpyw5k3jeb.cloudfront.net/photos/pets/32915487/2/?bust=1438636595&width=300']"
48260,32696759,https://www.petfinder.com/cat/atom-32696759/wa/seattle/nw-pixie-bob-rescue-wa215/?referrer_id=3830981a-ad4c-4f85-872c-ca9edc50a67e,Cat,Young,Male,Large,,Pixiebob,"[{'small': 'https://dl5zpyw5k3jeb.cloudfront.net/photos/pets/32696759/1/?bust=1495285167&width=100', 'medium': 'https://dl5zpyw5k3jeb.cloudfront.net/photos/pets/32696759/1/?bust=1495285167&width=300', 'large': 'https://dl5zpyw5k3jeb.cloudfront.net/photos/pets/32696759/1/?bust=1495285167&width=600', 'full': 'https://dl5zpyw5k3jeb.cloudfront.net/photos/pets/32696759/1/?bust=1495285167'}, {'small': 'https://dl5zpyw5k3jeb.cloudfront.net/photos/pets/32696759/2/?bust=1495285167&width=100', 'medium': 'https://dl5zpyw5k3jeb.cloudfront.net/photos/pets/32696759/2/?bust=1495285167&width=300', 'large': 'https://dl5zpyw5k3jeb.cloudfront.net/photos/pets/32696759/2/?bust=1495285167&width=600', 'full': 'https://dl5zpyw5k3jeb.cloudfront.net/photos/pets/32696759/2/?bust=1495285167'}]","['https://dl5zpyw5k3jeb.cloudfront.net/photos/pets/32696759/1/?bust=1495285167&width=300', 'https://dl5zpyw5k3jeb.cloudfront.net/photos/pets/32696759/2/?bust=1495285167&width=300']"
48261,31990488,https://www.petfinder.com/cat/redford-big-fella-who-thinks-hes-a-dog-31990488/wa/bothell/cat-tales-rescue-wa101/?referrer_id=3830981a-ad4c-4f85-872c-ca9edc50a67e,Cat,Adult,Male,Extra Large,Short,Pixiebob,"[{'small': 'https://dl5zpyw5k3jeb.cloudfront.net/photos/pets/31990488/1/?bust=1429834456&width=100', 'medium': 'https://dl5zpyw5k3jeb.cloudfront.net/photos/pets/31990488/1/?bust=1429834456&width=300', 'large': 'https://dl5zpyw5k3jeb.cloudfront.net/photos/pets/31990488/1/?bust=1429834456&width=600', 'full': 'https://dl5zpyw5k3jeb.cloudfront.net/photos/pets/31990488/1/?bust=1429834456'}, {'small': 'https://dl5zpyw5k3jeb.cloudfront.net/photos/pets/31990488/2/?bust=1429834457&width=100', 'medium': 'https://dl5zpyw5k3jeb.cloudfront.net/photos/pets/31990488/2/?bust=1429834457&width=300', 'large': 'https://dl5zpyw5k3jeb.cloudfront.net/photos/pets/31990488/2/?bust=1429834457&width=600', 'full': 'https://dl5zpyw5k3jeb.cloudfront.net/photos/pets/31990488/2/?bust=1429834457'}, {'small': 'https://dl5zpyw5k3jeb.cloudfront.net/photos/pets/31990488/3/?bust=1429834457&width=100', 'medium': 'https://dl5zpyw5k3jeb.cloudfront.net/photos/pets/31990488/3/?bust=1429834457&width=300', 'large': 'https://dl5zpyw5k3jeb.cloudfront.net/photos/pets/31990488/3/?bust=1429834457&width=600', 'full': 'https://dl5zpyw5k3jeb.cloudfront.net/photos/pets/31990488/3/?bust=1429834457'}]","['https://dl5zpyw5k3jeb.cloudfront.net/photos/pets/31990488/1/?bust=1429834456&width=300', 'https://dl5zpyw5k3jeb.cloudfront.net/photos/pets/31990488/2/?bust=1429834457&width=300', 'https://dl5zpyw5k3jeb.cloudfront.net/photos/pets/31990488/3/?bust=1429834457&width=300']"
48262,31939046,https://www.petfinder.com/cat/nala-31939046/wa/seattle/nw-pixie-bob-rescue-wa215/?referrer_id=3830981a-ad4c-4f85-872c-ca9edc50a67e,Cat,Adult,Female,Large,Short,Pixiebob,"[{'small': 'https://dl5zpyw5k3jeb.cloudfront.net/photos/pets/31939046/1/?bust=1495285167&width=100', 'medium': 'https://dl5zpyw5k3jeb.cloudfront.net/photos/pets/31939046/1/?bust=1495285167&width=300', 'large': 'https://dl5zpyw5k3jeb.cloudfront.net/photos/pets/31939046/1/?bust=1495285167&width=600', 'full': 'https://dl5zpyw5k3jeb.cloudfront.net/photos/pets/31939046/1/?bust=1495285167'}]",['https://dl5zpyw5k3jeb.cloudfront.net/photos/pets/31939046/1/?bust=1495285167&width=300']
48263,31598140,https://www.petfinder.com/cat/valkarie-31598140/tx/porter/wags-to-whiskers-of-texas-inc-tx1494/?referrer_id=3830981a-ad4c-4f85-872c-ca9edc50a67e,Cat,Adult,Female,Large,Short,Pixiebob,"[{'small': 'https://dl5zpyw5k3jeb.cloudfront.net/photos/pets/31598140/1/?bust=1433953966&width=100', 'medium': 'https://dl5zpyw5k3jeb.cloudfront.net/photos/pets/31598140/1/?bust=1433953966&width=300', 'large': 'https://dl5zpyw5k3jeb.cloudfront.net/photos/pets/31598140/1/?bust=1433953966&width=600', 'full': 'https://dl5zpyw5k3jeb.cloudfront.net/photos/pets/31598140/1/?bust=1433953966'}]",['https://dl5zpyw5k3jeb.cloudfront.net/photos/pets/31598140/1/?bust=1433953966&width=300']
48264,31380775,https://www.petfinder.com/cat/lilli-31380775/ok/warr-acres/safe-haven-animal-rescue-ok107/?referrer_id=3830981a-ad4c-4f85-872c-ca9edc50a67e,Cat,Adult,Female,Medium,Medium,Pixiebob,"[{'small': 'https://dl5zpyw5k3jeb.cloudfront.net/photos/pets/31380775/1/?bust=1422804589&width=100', 'medium': 'https://dl5zpyw5k3jeb.cloudfront.net/photos/pets/31380775/1/?bust=1422804589&width=300', 'large': 'https://dl5zpyw5k3jeb.cloudfront.net/photos/pets/31380775/1/?bust=1422804589&width=600', 'full': 'https://dl5zpyw5k3jeb.cloudfront.net/photos/pets/31380775/1/?bust=1422804589'}]",['https://dl5zpyw5k3jeb.cloudfront.net/photos/pets/31380775/1/?bust=1422804589&width=300']
48265,31142038,https://www.petfinder.com/cat/darla-31142038/or/hillsboro/cats-cradle-rescue-or304/?referrer_id=3830981a-ad4c-4f85-872c-ca9edc50a67e,Cat,Baby,Female,Medium,Short,Pixiebob,"[{'small': 'https://dl5zpyw5k3jeb.cloudfront.net/photos/pets/31142038/1/?bust=1419983994&width=100', 'medium': 'https://dl5zpyw5k3jeb.cloudfront.net/photos/pets/31142038/1/?bust=1419983994&width=300', 'large': 'https://dl5zpyw5k3jeb.cloudfront.net/photos/pets/31142038/1/?bust=1419983994&width=600', 'full': 'https://dl5zpyw5k3jeb.cloudfront.net/photos/pets/31142038/1/?bust=1419983994'}, {'small': 'https://dl5zpyw5k3jeb.cloudfront.net/photos/pets/31142038/2/?bust=1419983994&width=100', 'medium': 'https://dl5zpyw5k3jeb.cloudfront.net/photos/pets/31142038/2/?bust=1419983994&width=300', 'large': 'https://dl5zpyw5k3jeb.cloudfront.net/photos/pets/31142038/2/?bust=1419983994&width=600', 'full': 'https://dl5zpyw5k3jeb.cloudfront.net/photos/pets/31142038/2/?bust=1419983994'}, {'small': 'https://dl5zpyw5k3jeb.cloudfront.net/photos/pets/31142038/3/?bust=1419983995&width=100', 'medium': 'https://dl5zpyw5k3jeb.cloudfront.net/photos/pets/31142038/3/?bust=1419983995&width=300', 'large': 'https://dl5zpyw5k3jeb.cloudfront.net/photos/pets/31142038/3/?bust=1419983995&width=600', 'full': 'https://dl5zpyw5k3jeb.cloudfront.net/photos/pets/31142038/3/?bust=1419983995'}]","['https://dl5zpyw5k3jeb.cloudfront.net/photos/pets/31142038/1/?bust=1419983994&width=300', 'https://dl5zpyw5k3jeb.cloudfront.net/photos/pets/31142038/2/?bust=1419983994&width=300', 'https://dl5zpyw5k3jeb.cloudfront.net/photos/pets/31142038/3/?bust=1419983995&width=300']"
48266,31051425,https://www.petfinder.com/cat/trixie-31051425/wa/seattle/nw-pixie-bob-rescue-wa215/?referrer_id=3830981a-ad4c-4f85-872c-ca9edc50a67e,Cat,Adult,Female,Large,Short,Pixiebob,"[{'small': 'https://dl5zpyw5k3jeb.cloudfront.net/photos/pets/31051425/1/?bust=1495285167&width=100', 'medium': 'https://dl5zpyw5k3jeb.cloudfront.net/photos/pets/31051425/1/?bust=1495285167&width=300', 'large': 'https://dl5zpyw5k3jeb.cloudfront.net/photos/pets/31051425/1/?bust=1495285167&width=600', 'full': 'https://dl5zpyw5k3jeb.cloudfront.net/photos/pets/31051425/1/?bust=1495285167'}, {'small': 'https://dl5zpyw5k3jeb.cloudfront.net/photos/pets/31051425/2/?bust=1495285167&width=100', 'medium': 'https://dl5zpyw5k3jeb.cloudfront.net/photos/pets/31051425/2/?bust=1495285167&width=300', 'large': 'https://dl5zpyw5k3jeb.cloudfront.net/photos/pets/31051425/2/?bust=1495285167&width=600', 'full': 'https://dl5zpyw5k3jeb.cloudfront.net/photos/pets/31051425/2/?bust=1495285167'}, {'small': 'https://dl5zpyw5k3jeb.cloudfront.net/photos/pets/31051425/3/?bust=1495285167&width=100', 'medium': 'https://dl5zpyw5k3jeb.cloudfront.net/photos/pets/31051425/3/?bust=1495285167&width=300', 'large': 'https://dl5zpyw5k3jeb.cloudfront.net/photos/pets/31051425/3/?bust=1495285167&width=600', 'full': 'https://dl5zpyw5k3jeb.cloudfront.net/photos/pets/31051425/3/?bust=1495285167'}]","['https://dl5zpyw5k3jeb.cloudfront.net/photos/pets/31051425/1/?bust=1495285167&width=300', 'https://dl5zpyw5k3jeb.cloudfront.net/photos/pets/31051425/2/?bust=1495285167&width=300', 'https://dl5zpyw5k3jeb.cloudfront.net/photos/pets/31051425/3/?bust=1495285167&width=300']"
48267,30806533,https://www.petfinder.com/cat/doc-and-pepsi-30806533/wa/seattle/nw-pixie-bob-rescue-wa215/?referrer_id=3830981a-ad4c-4f85-872c-ca9edc50a67e,Cat,Adult,Male,Large,Short,Pixiebob,"[{'small': 'https://dl5zpyw5k3jeb.cloudfront.net/photos/pets/30806533/1/?bust=1495285167&width=100', 'medium': 'https://dl5zpyw5k3jeb.cloudfront.net/photos/pets/30806533/1/?bust=1495285167&width=300', 'large': 'https://dl5zpyw5k3jeb.cloudfront.net/photos/pets/30806533/1/?bust=1495285167&width=600', 'full': 'https://dl5zpyw5k3jeb.cloudfront.net/photos/pets/30806533/1/?bust=1495285167'}]",['https://dl5zpyw5k3jeb.cloudfront.net/photos/pets/30806533/1/?bust=1495285167&width=300']
48268,29964443,https://www.petfinder.com/cat/bobo-29964443/tx/porter/wags-to-whiskers-of-texas-inc-tx1494/?referrer_id=3830981a-ad4c-4f85-872c-ca9edc50a67e,Cat,Young,Male,Large,Short,Pixiebob,"[{'small': 'https://dl5zpyw5k3jeb.cloudfront.net/photos/pets/29964443/1/?bust=1407367678&width=100', 'medium': 'https://dl5zpyw5k3jeb.cloudfront.net/photos/pets/29964443/1/?bust=1407367678&width=300', 'large': 'https://dl5zpyw5k3jeb.cloudfront.net/photos/pets/29964443/1/?bust=1407367678&width=600', 'full': 'https://dl5zpyw5k3jeb.cloudfront.net/photos/pets/29964443/1/?bust=1407367678'}]",['https://dl5zpyw5k3jeb.cloudfront.net/photos/pets/29964443/1/?bust=1407367678&width=300']
48269,29964433,https://www.petfinder.com/cat/buddy-29964433/tx/porter/wags-to-whiskers-of-texas-inc-tx1494/?referrer_id=3830981a-ad4c-4f85-872c-ca9edc50a67e,Cat,Young,Male,Large,Short,Pixiebob,"[{'small': 'https://dl5zpyw5k3jeb.cloudfront.net/photos/pets/29964433/1/?bust=1407367552&width=100', 'medium': 'https://dl5zpyw5k3jeb.cloudfront.net/photos/pets/29964433/1/?bust=1407367552&width=300', 'large': 'https://dl5zpyw5k3jeb.cloudfront.net/photos/pets/29964433/1/?bust=1407367552&width=600', 'full': 'https://dl5zpyw5k3jeb.cloudfront.net/photos/pets/29964433/1/?bust=1407367552'}]",['https://dl5zpyw5k3jeb.cloudfront.net/photos/pets/29964433/1/?bust=1407367552&width=300']
48270,29790661,https://www.petfinder.com/cat/lexus-and-pawsi-29790661/wa/seattle/nw-pixie-bob-rescue-wa215/?referrer_id=3830981a-ad4c-4f85-872c-ca9edc50a67e,Cat,Adult,Male,Large,Short,Pixiebob,"[{'small': 'https://dl5zpyw5k3jeb.cloudfront.net/photos/pets/29790661/1/?bust=1495285167&width=100', 'medium': 'https://dl5zpyw5k3jeb.cloudfront.net/photos/pets/29790661/1/?bust=1495285167&width=300', 'large': 'https://dl5zpyw5k3jeb.cloudfront.net/photos/pets/29790661/1/?bust=1495285167&width=600', 'full': 'https://dl5zpyw5k3jeb.cloudfront.net/photos/pets/29790661/1/?bust=1495285167'}, {'small': 'https://dl5zpyw5k3jeb.cloudfront.net/photos/pets/29790661/2/?bust=1495285167&width=100', 'medium': 'https://dl5zpyw5k3jeb.cloudfront.net/photos/pets/29790661/2/?bust=1495285167&width=300', 'large': 'https://dl5zpyw5k3jeb.cloudfront.net/photos/pets/29790661/2/?bust=1495285167&width=600', 'full': 'https://dl5zpyw5k3jeb.cloudfront.net/photos/pets/29790661/2/?bust=1495285167'}, {'small': 'https://dl5zpyw5k3jeb.cloudfront.net/photos/pets/29790661/3/?bust=1495285167&width=100', 'medium': 'https://dl5zpyw5k3jeb.cloudfront.net/photos/pets/29790661/3/?bust=1495285167&width=300', 'large': 'https://dl5zpyw5k3jeb.cloudfront.net/photos/pets/29790661/3/?bust=1495285167&width=600', 'full': 'https://dl5zpyw5k3jeb.cloudfront.net/photos/pets/29790661/3/?bust=1495285167'}]","['https://dl5zpyw5k3jeb.cloudfront.net/photos/pets/29790661/1/?bust=1495285167&width=300', 'https://dl5zpyw5k3jeb.cloudfront.net/photos/pets/29790661/2/?bust=1495285167&width=300', 'https://dl5zpyw5k3jeb.cloudfront.net/photos/pets/29790661/3/?bust=1495285167&width=300']"
48271,29288221,https://www.petfinder.com/cat/regis-29288221/ok/norman/hands-helping-paws-inc-ok252/?referrer_id=3830981a-ad4c-4f85-872c-ca9edc50a67e,Cat,Adult,Male,Large,Long,Pixiebob,"[{'small': 'https://dl5zpyw5k3jeb.cloudfront.net/photos/pets/29288221/1/?bust=1401831860&width=100', 'medium': 'https://dl5zpyw5k3jeb.cloudfront.net/photos/pets/29288221/1/?bust=1401831860&width=300', 'large': 'https://dl5zpyw5k3jeb.cloudfront.net/photos/pets/29288221/1/?bust=1401831860&width=600', 'full': 'https://dl5zpyw5k3jeb.cloudfront.net/photos/pets/29288221/1/?bust=1401831860'}]",['https://dl5zpyw5k3jeb.cloudfront.net/photos/pets/29288221/1/?bust=1401831860&width=300']
48272,29288174,https://www.petfinder.com/cat/brooklyn-29288174/ok/norman/hands-helping-paws-inc-ok252/?referrer_id=3830981a-ad4c-4f85-872c-ca9edc50a67e,Cat,Adult,Female,Medium,Short,Pixiebob,"[{'small': 'https://dl5zpyw5k3jeb.cloudfront.net/photos/pets/29288174/2/?bust=1401576335&width=100', 'medium': 'https://dl5zpyw5k3jeb.cloudfront.net/photos/pets/29288174/2/?bust=1401576335&width=300', 'large': 'https://dl5zpyw5k3jeb.cloudfront.net/photos/pets/29288174/2/?bust=1401576335&width=600', 'full': 'https://dl5zpyw5k3jeb.cloudfront.net/photos/pets/29288174/2/?bust=1401576335'}, {'small': 'https://dl5zpyw5k3jeb.cloudfront.net/photos/pets/29288174/1/?bust=1401576335&width=100', 'medium': 'https://dl5zpyw5k3jeb.cloudfront.net/photos/pets/29288174/1/?bust=1401576335&width=300', 'large': 'https://dl5zpyw5k3jeb.cloudfront.net/photos/pets/29288174/1/?bust=1401576335&width=600', 'full': 'https://dl5zpyw5k3jeb.cloudfront.net/photos/pets/29288174/1/?bust=1401576335'}]","['https://dl5zpyw5k3jeb.cloudfront.net/photos/pets/29288174/2/?bust=1401576335&width=300', 'https://dl5zpyw5k3jeb.cloudfront.net/photos/pets/29288174/1/?bust=1401576335&width=300']"
48273,29288158,https://www.petfinder.com/cat/tallulah-29288158/ok/norman/hands-helping-paws-inc-ok252/?referrer_id=3830981a-ad4c-4f85-872c-ca9edc50a67e,Cat,Adult,Female,Medium,Short,Pixiebob,"[{'small': 'https://dl5zpyw5k3jeb.cloudfront.net/photos/pets/29288158/1/?bust=1401448260&width=100', 'medium': 'https://dl5zpyw5k3jeb.cloudfront.net/photos/pets/29288158/1/?bust=1401448260&width=300', 'large': 'https://dl5zpyw5k3jeb.cloudfront.net/photos/pets/29288158/1/?bust=1401448260&width=600', 'full': 'https://dl5zpyw5k3jeb.cloudfront.net/photos/pets/29288158/1/?bust=1401448260'}, {'small': 'https://dl5zpyw5k3jeb.cloudfront.net/photos/pets/29288158/2/?bust=1401448261&width=100', 'medium': 'https://dl5zpyw5k3jeb.cloudfront.net/photos/pets/29288158/2/?bust=1401448261&width=300', 'large': 'https://dl5zpyw5k3jeb.cloudfront.net/photos/pets/29288158/2/?bust=1401448261&width=600', 'full': 'https://dl5zpyw5k3jeb.cloudfront.net/photos/pets/29288158/2/?bust=1401448261'}]","['https://dl5zpyw5k3jeb.cloudfront.net/photos/pets/29288158/1/?bust=1401448260&width=300', 'https://dl5zpyw5k3jeb.cloudfront.net/photos/pets/29288158/2/?bust=1401448261&width=300']"
48274,29288105,https://www.petfinder.com/cat/arabella-29288105/ok/norman/hands-helping-paws-inc-ok252/?referrer_id=3830981a-ad4c-4f85-872c-ca9edc50a67e,Cat,Adult,Female,Medium,Short,Pixiebob,"[{'small': 'https://dl5zpyw5k3jeb.cloudfront.net/photos/pets/29288105/1/?bust=1401576380&width=100', 'medium': 'https://dl5zpyw5k3jeb.cloudfront.net/photos/pets/29288105/1/?bust=1401576380&width=300', 'large': 'https://dl5zpyw5k3jeb.cloudfront.net/photos/pets/29288105/1/?bust=1401576380&width=600', 'full': 'https://dl5zpyw5k3jeb.cloudfront.net/photos/pets/29288105/1/?bust=1401576380'}, {'small': 'https://dl5zpyw5k3jeb.cloudfront.net/photos/pets/29288105/2/?bust=1401576381&width=100', 'medium': 'https://dl5zpyw5k3jeb.cloudfront.net/photos/pets/29288105/2/?bust=1401576381&width=300', 'large': 'https://dl5zpyw5k3jeb.cloudfront.net/photos/pets/29288105/2/?bust=1401576381&width=600', 'full': 'https://dl5zpyw5k3jeb.cloudfront.net/photos/pets/29288105/2/?bust=1401576381'}]","['https://dl5zpyw5k3jeb.cloudfront.net/photos/pets/29288105/1/?bust=1401576380&width=300', 'https://dl5zpyw5k3jeb.cloudfront.net/photos/pets/29288105/2/?bust=1401576381&width=300']"
48275,29122575,https://www.petfinder.com/cat/ally-29122575/ok/norman/hands-helping-paws-inc-ok252/?referrer_id=3830981a-ad4c-4f85-872c-ca9edc50a67e,Cat,Adult,Female,Medium,Short,Pixiebob,"[{'small': 'https://dl5zpyw5k3jeb.cloudfront.net/photos/pets/29122575/1/?bust=1399295765&width=100', 'medium': 'https://dl5zpyw5k3jeb.cloudfront.net/photos/pets/29122575/1/?bust=1399295765&width=300', 'large': 'https://dl5zpyw5k3jeb.cloudfront.net/photos/pets/29122575/1/?bust=1399295765&width=600', 'full': 'https://dl5zpyw5k3jeb.cloudfront.net/photos/pets/29122575/1/?bust=1399295765'}]",['https://dl5zpyw5k3jeb.cloudfront.net/photos/pets/29122575/1/?bust=1399295765&width=300']
48276,28759446,https://www.petfinder.com/cat/espeon-28759446/wa/battle-ground/second-chance-companions-wa38/?referrer_id=3830981a-ad4c-4f85-872c-ca9edc50a67e,Cat,Adult,Female,Medium,,Pixiebob,"[{'small': 'https://dl5zpyw5k3jeb.cloudfront.net/photos/pets/28759446/1/?bust=1395441267&width=100', 'medium': 'https://dl5zpyw5k3jeb.cloudfront.net/photos/pets/28759446/1/?bust=1395441267&width=300', 'large': 'https://dl5zpyw5k3jeb.cloudfront.net/photos/pets/28759446/1/?bust=1395441267&width=600', 'full': 'https://dl5zpyw5k3jeb.cloudfront.net/photos/pets/28759446/1/?bust=1395441267'}, {'small': 'https://dl5zpyw5k3jeb.cloudfront.net/photos/pets/28759446/2/?bust=1395441268&width=100', 'medium': 'https://dl5zpyw5k3jeb.cloudfront.net/photos/pets/28759446/2/?bust=1395441268&width=300', 'large': 'https://dl5zpyw5k3jeb.cloudfront.net/photos/pets/28759446/2/?bust=1395441268&width=600', 'full': 'https://dl5zpyw5k3jeb.cloudfront.net/photos/pets/28759446/2/?bust=1395441268'}, {'small': 'https://dl5zpyw5k3jeb.cloudfront.net/photos/pets/28759446/3/?bust=1395441268&width=100', 'medium': 'https://dl5zpyw5k3jeb.cloudfront.net/photos/pets/28759446/3/?bust=1395441268&width=300', 'large': 'https://dl5zpyw5k3jeb.cloudfront.net/photos/pets/28759446/3/?bust=1395441268&width=600', 'full': 'https://dl5zpyw5k3jeb.cloudfront.net/photos/pets/28759446/3/?bust=1395441268'}]","['https://dl5zpyw5k3jeb.cloudfront.net/photos/pets/28759446/1/?bust=1395441267&width=300', 'https://dl5zpyw5k3jeb.cloudfront.net/photos/pets/28759446/2/?bust=1395441268&width=300', 'https://dl5zpyw5k3jeb.cloudfront.net/photos/pets/28759446/3/?bust=1395441268&width=300']"
48277,28599680,https://www.petfinder.com/cat/curly-28599680/ak/wasilla/clear-creek-cat-rescue-cccr-ak43/?referrer_id=3830981a-ad4c-4f85-872c-ca9edc50a67e,Cat,Young,Male,Large,,Pixiebob,"[{'small': 'https://dl5zpyw5k3jeb.cloudfront.net/photos/pets/28599680/1/?bust=1393029238&width=100', 'medium': 'https://dl5zpyw5k3jeb.cloudfront.net/photos/pets/28599680/1/?bust=1393029238&width=300', 'large': 'https://dl5zpyw5k3jeb.cloudfront.net/photos/pets/28599680/1/?bust=1393029238&width=600', 'full': 'https://dl5zpyw5k3jeb.cloudfront.net/photos/pets/28599680/1/?bust=1393029238'}, {'small': 'https://dl5zpyw5k3jeb.cloudfront.net/photos/pets/28599680/2/?bust=1393029239&width=100', 'medium': 'https://dl5zpyw5k3jeb.cloudfront.net/photos/pets/28599680/2/?bust=1393029239&width=300', 'large': 'https://dl5zpyw5k3jeb.cloudfront.net/photos/pets/28599680/2/?bust=1393029239&width=600', 'full': 'https://dl5zpyw5k3jeb.cloudfront.net/photos/pets/28599680/2/?bust=1393029239'}]","['https://dl5zpyw5k3jeb.cloudfront.net/photos/pets/28599680/1/?bust=1393029238&width=300', 'https://dl5zpyw5k3jeb.cloudfront.net/photos/pets/28599680/2/?bust=1393029239&width=300']"
48278,28410780,https://www.petfinder.com/cat/willow-28410780/co/aurora/demis-animal-rescue-co359/?referrer_id=3830981a-ad4c-4f85-872c-ca9edc50a67e,Cat,Young,Female,Large,Medium,Pixiebob,"[{'small': 'https://dl5zpyw5k3jeb.cloudfront.net/photos/pets/28410780/2/?bust=1445006842&width=100', 'medium': 'https://dl5zpyw5k3jeb.cloudfront.net/photos/pets/28410780/2/?bust=1445006842&width=300', 'large': 'https://dl5zpyw5k3jeb.cloudfront.net/photos/pets/28410780/2/?bust=1445006842&width=600', 'full': 'https://dl5zpyw5k3jeb.cloudfront.net/photos/pets/28410780/2/?bust=1445006842'}, {'small': 'https://dl5zpyw5k3jeb.cloudfront.net/photos/pets/28410780/3/?bust=1445006842&width=100', 'medium': 'https://dl5zpyw5k3jeb.cloudfront.net/photos/pets/28410780/3/?bust=1445006842&width=300', 'large': 'https://dl5zpyw5k3jeb.cloudfront.net/photos/pets/28410780/3/?bust=1445006842&width=600', 'full': 'https://dl5zpyw5k3jeb.cloudfront.net/photos/pets/28410780/3/?bust=1445006842'}]","['https://dl5zpyw5k3jeb.cloudfront.net/photos/pets/28410780/2/?bust=1445006842&width=300', 'https://dl5zpyw5k3jeb.cloudfront.net/photos/pets/28410780/3/?bust=1445006842&width=300']"
48279,28400712,https://www.petfinder.com/cat/tonto-star-a110683-28400712/tx/plano/plano-animal-shelter-tx01/?referrer_id=3830981a-ad4c-4f85-872c-ca9edc50a67e,Cat,Adult,Male,Medium,,Pixiebob,"[{'small': 'https://dl5zpyw5k3jeb.cloudfront.net/photos/pets/28400712/1/?bust=1390996706&width=100', 'medium': 'https://dl5zpyw5k3jeb.cloudfront.net/photos/pets/28400712/1/?bust=1390996706&width=300', 'large': 'https://dl5zpyw5k3jeb.cloudfront.net/photos/pets/28400712/1/?bust=1390996706&width=600', 'full': 'https://dl5zpyw5k3jeb.cloudfront.net/photos/pets/28400712/1/?bust=1390996706'}, {'small': 'https://dl5zpyw5k3jeb.cloudfront.net/photos/pets/28400712/2/?bust=1390996707&width=100', 'medium': 'https://dl5zpyw5k3jeb.cloudfront.net/photos/pets/28400712/2/?bust=1390996707&width=300', 'large': 'https://dl5zpyw5k3jeb.cloudfront.net/photos/pets/28400712/2/?bust=1390996707&width=600', 'full': 'https://dl5zpyw5k3jeb.cloudfront.net/photos/pets/28400712/2/?bust=1390996707'}, {'small': 'https://dl5zpyw5k3jeb.cloudfront.net/photos/pets/28400712/3/?bust=1390996708&width=100', 'medium': 'https://dl5zpyw5k3jeb.cloudfront.net/photos/pets/28400712/3/?bust=1390996708&width=300', 'large': 'https://dl5zpyw5k3jeb.cloudfront.net/photos/pets/28400712/3/?bust=1390996708&width=600', 'full': 'https://dl5zpyw5k3jeb.cloudfront.net/photos/pets/28400712/3/?bust=1390996708'}]","['https://dl5zpyw5k3jeb.cloudfront.net/photos/pets/28400712/1/?bust=1390996706&width=300', 'https://dl5zpyw5k3jeb.cloudfront.net/photos/pets/28400712/2/?bust=1390996707&width=300', 'https://dl5zpyw5k3jeb.cloudfront.net/photos/pets/28400712/3/?bust=1390996708&width=300']"
48280,28368300,https://www.petfinder.com/cat/jessie-28368300/tx/dallas/texas-exotic-cat-rescue-tx1208/?referrer_id=3830981a-ad4c-4f85-872c-ca9edc50a67e,Cat,Baby,Female,Large,Short,Pixiebob,"[{'small': 'https://dl5zpyw5k3jeb.cloudfront.net/photos/pets/28368300/1/?bust=1390478179&width=100', 'medium': 'https://dl5zpyw5k3jeb.cloudfront.net/photos/pets/28368300/1/?bust=1390478179&width=300', 'large': 'https://dl5zpyw5k3jeb.cloudfront.net/photos/pets/28368300/1/?bust=1390478179&width=600', 'full': 'https://dl5zpyw5k3jeb.cloudfront.net/photos/pets/28368300/1/?bust=1390478179'}]",['https://dl5zpyw5k3jeb.cloudfront.net/photos/pets/28368300/1/?bust=1390478179&width=300']
48281,28342245,https://www.petfinder.com/cat/janey-28342245/wa/seattle/nw-pixie-bob-rescue-wa215/?referrer_id=3830981a-ad4c-4f85-872c-ca9edc50a67e,Cat,Young,Female,Large,,Pixiebob,"[{'small': 'https://dl5zpyw5k3jeb.cloudfront.net/photos/pets/28342245/1/?bust=1495285167&width=100', 'medium': 'https://dl5zpyw5k3jeb.cloudfront.net/photos/pets/28342245/1/?bust=1495285167&width=300', 'large': 'https://dl5zpyw5k3jeb.cloudfront.net/photos/pets/28342245/1/?bust=1495285167&width=600', 'full': 'https://dl5zpyw5k3jeb.cloudfront.net/photos/pets/28342245/1/?bust=1495285167'}]",['https://dl5zpyw5k3jeb.cloudfront.net/photos/pets/28342245/1/?bust=1495285167&width=300']
48282,28123472,https://www.petfinder.com/cat/spanky-28123472/tn/knoxville/feral-feline-friends-tn313/?referrer_id=3830981a-ad4c-4f85-872c-ca9edc50a67e,Cat,Adult,Male,Large,,Pixiebob,"[{'small': 'https://dl5zpyw5k3jeb.cloudfront.net/photos/pets/28123472/1/?bust=1387449552&width=100', 'medium': 'https://dl5zpyw5k3jeb.cloudfront.net/photos/pets/28123472/1/?bust=1387449552&width=300', 'large': 'https://dl5zpyw5k3jeb.cloudfront.net/photos/pets/28123472/1/?bust=1387449552&width=600', 'full': 'https://dl5zpyw5k3jeb.cloudfront.net/photos/pets/28123472/1/?bust=1387449552'}, {'small': 'https://dl5zpyw5k3jeb.cloudfront.net/photos/pets/28123472/2/?bust=1387449552&width=100', 'medium': 'https://dl5zpyw5k3jeb.cloudfront.net/photos/pets/28123472/2/?bust=1387449552&width=300', 'large': 'https://dl5zpyw5k3jeb.cloudfront.net/photos/pets/28123472/2/?bust=1387449552&width=600', 'full': 'https://dl5zpyw5k3jeb.cloudfront.net/photos/pets/28123472/2/?bust=1387449552'}]","['https://dl5zpyw5k3jeb.cloudfront.net/photos/pets/28123472/1/?bust=1387449552&width=300', 'https://dl5zpyw5k3jeb.cloudfront.net/photos/pets/28123472/2/?bust=1387449552&width=300']"
48283,28093271,https://www.petfinder.com/cat/champaign-28093271/tx/dallas/texas-exotic-cat-rescue-tx1208/?referrer_id=3830981a-ad4c-4f85-872c-ca9edc50a67e,Cat,Baby,Female,Large,Short,Pixiebob,"[{'small': 'https://dl5zpyw5k3jeb.cloudfront.net/photos/pets/28093271/1/?bust=1387138238&width=100', 'medium': 'https://dl5zpyw5k3jeb.cloudfront.net/photos/pets/28093271/1/?bust=1387138238&width=300', 'large': 'https://dl5zpyw5k3jeb.cloudfront.net/photos/pets/28093271/1/?bust=1387138238&width=600', 'full': 'https://dl5zpyw5k3jeb.cloudfront.net/photos/pets/28093271/1/?bust=1387138238'}, {'small': 'https://dl5zpyw5k3jeb.cloudfront.net/photos/pets/28093271/2/?bust=1387138238&width=100', 'medium': 'https://dl5zpyw5k3jeb.cloudfront.net/photos/pets/28093271/2/?bust=1387138238&width=300', 'large': 'https://dl5zpyw5k3jeb.cloudfront.net/photos/pets/28093271/2/?bust=1387138238&width=600', 'full': 'https://dl5zpyw5k3jeb.cloudfront.net/photos/pets/28093271/2/?bust=1387138238'}, {'small': 'https://dl5zpyw5k3jeb.cloudfront.net/photos/pets/28093271/3/?bust=1387138239&width=100', 'medium': 'https://dl5zpyw5k3jeb.cloudfront.net/photos/pets/28093271/3/?bust=1387138239&width=300', 'large': 'https://dl5zpyw5k3jeb.cloudfront.net/photos/pets/28093271/3/?bust=1387138239&width=600', 'full': 'https://dl5zpyw5k3jeb.cloudfront.net/photos/pets/28093271/3/?bust=1387138239'}]","['https://dl5zpyw5k3jeb.cloudfront.net/photos/pets/28093271/1/?bust=1387138238&width=300', 'https://dl5zpyw5k3jeb.cloudfront.net/photos/pets/28093271/2/?bust=1387138238&width=300', 'https://dl5zpyw5k3jeb.cloudfront.net/photos/pets/28093271/3/?bust=1387138239&width=300']"
48284,27938104,https://www.petfinder.com/cat/pixi-27938104/in/angola/community-humane-shelter-of-steuben-county-in372/?referrer_id=3830981a-ad4c-4f85-872c-ca9edc50a67e,Cat,Adult,Female,Medium,Long,Pixiebob,"[{'small': 'https://dl5zpyw5k3jeb.cloudfront.net/photos/pets/27938104/1/?bust=1425465680&width=100', 'medium': 'https://dl5zpyw5k3jeb.cloudfront.net/photos/pets/27938104/1/?bust=1425465680&width=300', 'large': 'https://dl5zpyw5k3jeb.cloudfront.net/photos/pets/27938104/1/?bust=1425465680&width=600', 'full': 'https://dl5zpyw5k3jeb.cloudfront.net/photos/pets/27938104/1/?bust=1425465680'}, {'small': 'https://dl5zpyw5k3jeb.cloudfront.net/photos/pets/27938104/2/?bust=1425465680&width=100', 'medium': 'https://dl5zpyw5k3jeb.cloudfront.net/photos/pets/27938104/2/?bust=1425465680&width=300', 'large': 'https://dl5zpyw5k3jeb.cloudfront.net/photos/pets/27938104/2/?bust=1425465680&width=600', 'full': 'https://dl5zpyw5k3jeb.cloudfront.net/photos/pets/27938104/2/?bust=1425465680'}, {'small': 'https://dl5zpyw5k3jeb.cloudfront.net/photos/pets/27938104/3/?bust=1425465680&width=100', 'medium': 'https://dl5zpyw5k3jeb.cloudfront.net/photos/pets/27938104/3/?bust=1425465680&width=300', 'large': 'https://dl5zpyw5k3jeb.cloudfront.net/photos/pets/27938104/3/?bust=1425465680&width=600', 'full': 'https://dl5zpyw5k3jeb.cloudfront.net/photos/pets/27938104/3/?bust=1425465680'}]","['https://dl5zpyw5k3jeb.cloudfront.net/photos/pets/27938104/1/?bust=1425465680&width=300', 'https://dl5zpyw5k3jeb.cloudfront.net/photos/pets/27938104/2/?bust=1425465680&width=300', 'https://dl5zpyw5k3jeb.cloudfront.net/photos/pets/27938104/3/?bust=1425465680&width=300']"
48285,27816870,https://www.petfinder.com/cat/maria-a-real-tiny-bobtail-27816870/ny/south-salem/rock-n-rescue-ny1169/?referrer_id=3830981a-ad4c-4f85-872c-ca9edc50a67e,Cat,Young,Female,Small,Short,Pixiebob,"[{'small': 'https://dl5zpyw5k3jeb.cloudfront.net/photos/pets/27816870/2/?bust=1423322017&width=100', 'medium': 'https://dl5zpyw5k3jeb.cloudfront.net/photos/pets/27816870/2/?bust=1423322017&width=300', 'large': 'https://dl5zpyw5k3jeb.cloudfront.net/photos/pets/27816870/2/?bust=1423322017&width=600', 'full': 'https://dl5zpyw5k3jeb.cloudfront.net/photos/pets/27816870/2/?bust=1423322017'}, {'small': 'https://dl5zpyw5k3jeb.cloudfront.net/photos/pets/27816870/1/?bust=1423322017&width=100', 'medium': 'https://dl5zpyw5k3jeb.cloudfront.net/photos/pets/27816870/1/?bust=1423322017&width=300', 'large': 'https://dl5zpyw5k3jeb.cloudfront.net/photos/pets/27816870/1/?bust=1423322017&width=600', 'full': 'https://dl5zpyw5k3jeb.cloudfront.net/photos/pets/27816870/1/?bust=1423322017'}, {'small': 'https://dl5zpyw5k3jeb.cloudfront.net/photos/pets/27816870/3/?bust=1423322017&width=100', 'medium': 'https://dl5zpyw5k3jeb.cloudfront.net/photos/pets/27816870/3/?bust=1423322017&width=300', 'large': 'https://dl5zpyw5k3jeb.cloudfront.net/photos/pets/27816870/3/?bust=1423322017&width=600', 'full': 'https://dl5zpyw5k3jeb.cloudfront.net/photos/pets/27816870/3/?bust=1423322017'}]","['https://dl5zpyw5k3jeb.cloudfront.net/photos/pets/27816870/2/?bust=1423322017&width=300', 'https://dl5zpyw5k3jeb.cloudfront.net/photos/pets/27816870/1/?bust=1423322017&width=300', 'https://dl5zpyw5k3jeb.cloudfront.net/photos/pets/27816870/3/?bust=1423322017&width=300']"
48286,27464530,https://www.petfinder.com/cat/lily-27464530/or/redmond/brightside-animal-center-formerly-humane-society-of-redmond-or05/?referrer_id=3830981a-ad4c-4f85-872c-ca9edc50a67e,Cat,Adult,Female,Medium,Short,Pixiebob,"[{'small': 'https://dl5zpyw5k3jeb.cloudfront.net/photos/pets/27464530/1/?bust=1381621149&width=100', 'medium': 'https://dl5zpyw5k3jeb.cloudfront.net/photos/pets/27464530/1/?bust=1381621149&width=300', 'large': 'https://dl5zpyw5k3jeb.cloudfront.net/photos/pets/27464530/1/?bust=1381621149&width=600', 'full': 'https://dl5zpyw5k3jeb.cloudfront.net/photos/pets/27464530/1/?bust=1381621149'}, {'small': 'https://dl5zpyw5k3jeb.cloudfront.net/photos/pets/27464530/2/?bust=1381621149&width=100', 'medium': 'https://dl5zpyw5k3jeb.cloudfront.net/photos/pets/27464530/2/?bust=1381621149&width=300', 'large': 'https://dl5zpyw5k3jeb.cloudfront.net/photos/pets/27464530/2/?bust=1381621149&width=600', 'full': 'https://dl5zpyw5k3jeb.cloudfront.net/photos/pets/27464530/2/?bust=1381621149'}]","['https://dl5zpyw5k3jeb.cloudfront.net/photos/pets/27464530/1/?bust=1381621149&width=300', 'https://dl5zpyw5k3jeb.cloudfront.net/photos/pets/27464530/2/?bust=1381621149&width=300']"
48287,27452567,https://www.petfinder.com/cat/thor-27452567/or/redmond/brightside-animal-center-formerly-humane-society-of-redmond-or05/?referrer_id=3830981a-ad4c-4f85-872c-ca9edc50a67e,Cat,Adult,Male,Medium,Short,Pixiebob,"[{'small': 'https://dl5zpyw5k3jeb.cloudfront.net/photos/pets/27452567/1/?bust=1380726754&width=100', 'medium': 'https://dl5zpyw5k3jeb.cloudfront.net/photos/pets/27452567/1/?bust=1380726754&width=300', 'large': 'https://dl5zpyw5k3jeb.cloudfront.net/photos/pets/27452567/1/?bust=1380726754&width=600', 'full': 'https://dl5zpyw5k3jeb.cloudfront.net/photos/pets/27452567/1/?bust=1380726754'}, {'small': 'https://dl5zpyw5k3jeb.cloudfront.net/photos/pets/27452567/2/?bust=1381621393&width=100', 'medium': 'https://dl5zpyw5k3jeb.cloudfront.net/photos/pets/27452567/2/?bust=1381621393&width=300', 'large': 'https://dl5zpyw5k3jeb.cloudfront.net/photos/pets/27452567/2/?bust=1381621393&width=600', 'full': 'https://dl5zpyw5k3jeb.cloudfront.net/photos/pets/27452567/2/?bust=1381621393'}, {'small': 'https://dl5zpyw5k3jeb.cloudfront.net/photos/pets/27452567/3/?bust=1385306074&width=100', 'medium': 'https://dl5zpyw5k3jeb.cloudfront.net/photos/pets/27452567/3/?bust=1385306074&width=300', 'large': 'https://dl5zpyw5k3jeb.cloudfront.net/photos/pets/27452567/3/?bust=1385306074&width=600', 'full': 'https://dl5zpyw5k3jeb.cloudfront.net/photos/pets/27452567/3/?bust=1385306074'}]","['https://dl5zpyw5k3jeb.cloudfront.net/photos/pets/27452567/1/?bust=1380726754&width=300', 'https://dl5zpyw5k3jeb.cloudfront.net/photos/pets/27452567/2/?bust=1381621393&width=300', 'https://dl5zpyw5k3jeb.cloudfront.net/photos/pets/27452567/3/?bust=1385306074&width=300']"
48288,27212459,https://www.petfinder.com/cat/kiki-27212459/co/pine/intermountain-humane-society-co137/?referrer_id=3830981a-ad4c-4f85-872c-ca9edc50a67e,Cat,Adult,Female,Large,,Pixiebob,"[{'small': 'https://dl5zpyw5k3jeb.cloudfront.net/photos/pets/27212459/1/?bust=1378741324&width=100', 'medium': 'https://dl5zpyw5k3jeb.cloudfront.net/photos/pets/27212459/1/?bust=1378741324&width=300', 'large': 'https://dl5zpyw5k3jeb.cloudfront.net/photos/pets/27212459/1/?bust=1378741324&width=600', 'full': 'https://dl5zpyw5k3jeb.cloudfront.net/photos/pets/27212459/1/?bust=1378741324'}, {'small': 'https://dl5zpyw5k3jeb.cloudfront.net/photos/pets/27212459/2/?bust=1378741326&width=100', 'medium': 'https://dl5zpyw5k3jeb.cloudfront.net/photos/pets/27212459/2/?bust=1378741326&width=300', 'large': 'https://dl5zpyw5k3jeb.cloudfront.net/photos/pets/27212459/2/?bust=1378741326&width=600', 'full': 'https://dl5zpyw5k3jeb.cloudfront.net/photos/pets/27212459/2/?bust=1378741326'}]","['https://dl5zpyw5k3jeb.cloudfront.net/photos/pets/27212459/1/?bust=1378741324&width=300', 'https://dl5zpyw5k3jeb.cloudfront.net/photos/pets/27212459/2/?bust=1378741326&width=300']"
48289,26177394,https://www.petfinder.com/cat/squeaker-26177394/wa/seattle/nw-pixie-bob-rescue-wa215/?referrer_id=3830981a-ad4c-4f85-872c-ca9edc50a67e,Cat,Young,Female,Large,Medium,Pixiebob,"[{'small': 'https://dl5zpyw5k3jeb.cloudfront.net/photos/pets/26177394/1/?bust=1495285167&width=100', 'medium': 'https://dl5zpyw5k3jeb.cloudfront.net/photos/pets/26177394/1/?bust=1495285167&width=300', 'large': 'https://dl5zpyw5k3jeb.cloudfront.net/photos/pets/26177394/1/?bust=1495285167&width=600', 'full': 'https://dl5zpyw5k3jeb.cloudfront.net/photos/pets/26177394/1/?bust=1495285167'}, {'small': 'https://dl5zpyw5k3jeb.cloudfront.net/photos/pets/26177394/2/?bust=1495285167&width=100', 'medium': 'https://dl5zpyw5k3jeb.cloudfront.net/photos/pets/26177394/2/?bust=1495285167&width=300', 'large': 'https://dl5zpyw5k3jeb.cloudfront.net/photos/pets/26177394/2/?bust=1495285167&width=600', 'full': 'https://dl5zpyw5k3jeb.cloudfront.net/photos/pets/26177394/2/?bust=1495285167'}, {'small': 'https://dl5zpyw5k3jeb.cloudfront.net/photos/pets/26177394/3/?bust=1495285167&width=100', 'medium': 'https://dl5zpyw5k3jeb.cloudfront.net/photos/pets/26177394/3/?bust=1495285167&width=300', 'large': 'https://dl5zpyw5k3jeb.cloudfront.net/photos/pets/26177394/3/?bust=1495285167&width=600', 'full': 'https://dl5zpyw5k3jeb.cloudfront.net/photos/pets/26177394/3/?bust=1495285167'}]","['https://dl5zpyw5k3jeb.cloudfront.net/photos/pets/26177394/1/?bust=1495285167&width=300', 'https://dl5zpyw5k3jeb.cloudfront.net/photos/pets/26177394/2/?bust=1495285167&width=300', 'https://dl5zpyw5k3jeb.cloudfront.net/photos/pets/26177394/3/?bust=1495285167&width=300']"
48290,26177357,https://www.petfinder.com/cat/gracie-26177357/wa/seattle/nw-pixie-bob-rescue-wa215/?referrer_id=3830981a-ad4c-4f85-872c-ca9edc50a67e,Cat,Adult,Female,Large,Short,Pixiebob,"[{'small': 'https://dl5zpyw5k3jeb.cloudfront.net/photos/pets/26177357/1/?bust=1495285167&width=100', 'medium': 'https://dl5zpyw5k3jeb.cloudfront.net/photos/pets/26177357/1/?bust=1495285167&width=300', 'large': 'https://dl5zpyw5k3jeb.cloudfront.net/photos/pets/26177357/1/?bust=1495285167&width=600', 'full': 'https://dl5zpyw5k3jeb.cloudfront.net/photos/pets/26177357/1/?bust=1495285167'}, {'small': 'https://dl5zpyw5k3jeb.cloudfront.net/photos/pets/26177357/2/?bust=1495285167&width=100', 'medium': 'https://dl5zpyw5k3jeb.cloudfront.net/photos/pets/26177357/2/?bust=1495285167&width=300', 'large': 'https://dl5zpyw5k3jeb.cloudfront.net/photos/pets/26177357/2/?bust=1495285167&width=600', 'full': 'https://dl5zpyw5k3jeb.cloudfront.net/photos/pets/26177357/2/?bust=1495285167'}, {'small': 'https://dl5zpyw5k3jeb.cloudfront.net/photos/pets/26177357/3/?bust=1495285167&width=100', 'medium': 'https://dl5zpyw5k3jeb.cloudfront.net/photos/pets/26177357/3/?bust=1495285167&width=300', 'large': 'https://dl5zpyw5k3jeb.cloudfront.net/photos/pets/26177357/3/?bust=1495285167&width=600', 'full': 'https://dl5zpyw5k3jeb.cloudfront.net/photos/pets/26177357/3/?bust=1495285167'}]","['https://dl5zpyw5k3jeb.cloudfront.net/photos/pets/26177357/1/?bust=1495285167&width=300', 'https://dl5zpyw5k3jeb.cloudfront.net/photos/pets/26177357/2/?bust=1495285167&width=300', 'https://dl5zpyw5k3jeb.cloudfront.net/photos/pets/26177357/3/?bust=1495285167&width=300']"
48291,25608937,https://www.petfinder.com/cat/diesel-25608937/tx/dallas/texas-exotic-cat-rescue-tx1208/?referrer_id=3830981a-ad4c-4f85-872c-ca9edc50a67e,Cat,Young,Female,Medium,Short,Pixiebob,"[{'small': 'https://dl5zpyw5k3jeb.cloudfront.net/photos/pets/25608937/1/?bust=1363267633&width=100', 'medium': 'https://dl5zpyw5k3jeb.cloudfront.net/photos/pets/25608937/1/?bust=1363267633&width=300', 'large': 'https://dl5zpyw5k3jeb.cloudfront.net/photos/pets/25608937/1/?bust=1363267633&width=600', 'full': 'https://dl5zpyw5k3jeb.cloudfront.net/photos/pets/25608937/1/?bust=1363267633'}, {'small': 'https://dl5zpyw5k3jeb.cloudfront.net/photos/pets/25608937/2/?bust=1363267634&width=100', 'medium': 'https://dl5zpyw5k3jeb.cloudfront.net/photos/pets/25608937/2/?bust=1363267634&width=300', 'large': 'https://dl5zpyw5k3jeb.cloudfront.net/photos/pets/25608937/2/?bust=1363267634&width=600', 'full': 'https://dl5zpyw5k3jeb.cloudfront.net/photos/pets/25608937/2/?bust=1363267634'}, {'small': 'https://dl5zpyw5k3jeb.cloudfront.net/photos/pets/25608937/3/?bust=1368377982&width=100', 'medium': 'https://dl5zpyw5k3jeb.cloudfront.net/photos/pets/25608937/3/?bust=1368377982&width=300', 'large': 'https://dl5zpyw5k3jeb.cloudfront.net/photos/pets/25608937/3/?bust=1368377982&width=600', 'full': 'https://dl5zpyw5k3jeb.cloudfront.net/photos/pets/25608937/3/?bust=1368377982'}]","['https://dl5zpyw5k3jeb.cloudfront.net/photos/pets/25608937/1/?bust=1363267633&width=300', 'https://dl5zpyw5k3jeb.cloudfront.net/photos/pets/25608937/2/?bust=1363267634&width=300', 'https://dl5zpyw5k3jeb.cloudfront.net/photos/pets/25608937/3/?bust=1368377982&width=300']"
48292,25592510,https://www.petfinder.com/cat/simba-25592510/wa/bellingham/whatcom-humane-society-wa7/?referrer_id=3830981a-ad4c-4f85-872c-ca9edc50a67e,Cat,Adult,Male,Medium,Medium,Pixiebob,"[{'small': 'https://dl5zpyw5k3jeb.cloudfront.net/photos/pets/25592510/1/?bust=1363102672&width=100', 'medium': 'https://dl5zpyw5k3jeb.cloudfront.net/photos/pets/25592510/1/?bust=1363102672&width=300', 'large': 'https://dl5zpyw5k3jeb.cloudfront.net/photos/pets/25592510/1/?bust=1363102672&width=600', 'full': 'https://dl5zpyw5k3jeb.cloudfront.net/photos/pets/25592510/1/?bust=1363102672'}]",['https://dl5zpyw5k3jeb.cloudfront.net/photos/pets/25592510/1/?bust=1363102672&width=300']
48293,25556813,https://www.petfinder.com/cat/mexia-ma-hay-ah-25556813/tx/dallas/texas-exotic-cat-rescue-tx1208/?referrer_id=3830981a-ad4c-4f85-872c-ca9edc50a67e,Cat,Young,Female,Medium,Short,Pixiebob,"[{'small': 'https://dl5zpyw5k3jeb.cloudfront.net/photos/pets/25556813/1/?bust=1362686129&width=100', 'medium': 'https://dl5zpyw5k3jeb.cloudfront.net/photos/pets/25556813/1/?bust=1362686129&width=300', 'large': 'https://dl5zpyw5k3jeb.cloudfront.net/photos/pets/25556813/1/?bust=1362686129&width=600', 'full': 'https://dl5zpyw5k3jeb.cloudfront.net/photos/pets/25556813/1/?bust=1362686129'}, {'small': 'https://dl5zpyw5k3jeb.cloudfront.net/photos/pets/25556813/2/?bust=1362686130&width=100', 'medium': 'https://dl5zpyw5k3jeb.cloudfront.net/photos/pets/25556813/2/?bust=1362686130&width=300', 'large': 'https://dl5zpyw5k3jeb.cloudfront.net/photos/pets/25556813/2/?bust=1362686130&width=600', 'full': 'https://dl5zpyw5k3jeb.cloudfront.net/photos/pets/25556813/2/?bust=1362686130'}]","['https://dl5zpyw5k3jeb.cloudfront.net/photos/pets/25556813/1/?bust=1362686129&width=300', 'https://dl5zpyw5k3jeb.cloudfront.net/photos/pets/25556813/2/?bust=1362686130&width=300']"
48294,25294379,https://www.petfinder.com/cat/dt-double-take-25294379/wa/seattle/nw-pixie-bob-rescue-wa215/?referrer_id=3830981a-ad4c-4f85-872c-ca9edc50a67e,Cat,Adult,Female,Large,Short,Pixiebob,"[{'small': 'https://dl5zpyw5k3jeb.cloudfront.net/photos/pets/25294379/1/?bust=1495285167&width=100', 'medium': 'https://dl5zpyw5k3jeb.cloudfront.net/photos/pets/25294379/1/?bust=1495285167&width=300', 'large': 'https://dl5zpyw5k3jeb.cloudfront.net/photos/pets/25294379/1/?bust=1495285167&width=600', 'full': 'https://dl5zpyw5k3jeb.cloudfront.net/photos/pets/25294379/1/?bust=1495285167'}, {'small': 'https://dl5zpyw5k3jeb.cloudfront.net/photos/pets/25294379/2/?bust=1495285167&width=100', 'medium': 'https://dl5zpyw5k3jeb.cloudfront.net/photos/pets/25294379/2/?bust=1495285167&width=300', 'large': 'https://dl5zpyw5k3jeb.cloudfront.net/photos/pets/25294379/2/?bust=1495285167&width=600', 'full': 'https://dl5zpyw5k3jeb.cloudfront.net/photos/pets/25294379/2/?bust=1495285167'}]","['https://dl5zpyw5k3jeb.cloudfront.net/photos/pets/25294379/1/?bust=1495285167&width=300', 'https://dl5zpyw5k3jeb.cloudfront.net/photos/pets/25294379/2/?bust=1495285167&width=300']"
48295,25294276,https://www.petfinder.com/cat/squeaker-25294276/wa/seattle/nw-pixie-bob-rescue-wa215/?referrer_id=3830981a-ad4c-4f85-872c-ca9edc50a67e,Cat,Young,Female,Large,Medium,Pixiebob,"[{'small': 'https://dl5zpyw5k3jeb.cloudfront.net/photos/pets/25294276/1/?bust=1495285167&width=100', 'medium': 'https://dl5zpyw5k3jeb.cloudfront.net/photos/pets/25294276/1/?bust=1495285167&width=300', 'large': 'https://dl5zpyw5k3jeb.cloudfront.net/photos/pets/25294276/1/?bust=1495285167&width=600', 'full': 'https://dl5zpyw5k3jeb.cloudfront.net/photos/pets/25294276/1/?bust=1495285167'}, {'small': 'https://dl5zpyw5k3jeb.cloudfront.net/photos/pets/25294276/2/?bust=1495285167&width=100', 'medium': 'https://dl5zpyw5k3jeb.cloudfront.net/photos/pets/25294276/2/?bust=1495285167&width=300', 'large': 'https://dl5zpyw5k3jeb.cloudfront.net/photos/pets/25294276/2/?bust=1495285167&width=600', 'full': 'https://dl5zpyw5k3jeb.cloudfront.net/photos/pets/25294276/2/?bust=1495285167'}, {'small': 'https://dl5zpyw5k3jeb.cloudfront.net/photos/pets/25294276/3/?bust=1495285167&width=100', 'medium': 'https://dl5zpyw5k3jeb.cloudfront.net/photos/pets/25294276/3/?bust=1495285167&width=300', 'large': 'https://dl5zpyw5k3jeb.cloudfront.net/photos/pets/25294276/3/?bust=1495285167&width=600', 'full': 'https://dl5zpyw5k3jeb.cloudfront.net/photos/pets/25294276/3/?bust=1495285167'}]","['https://dl5zpyw5k3jeb.cloudfront.net/photos/pets/25294276/1/?bust=1495285167&width=300', 'https://dl5zpyw5k3jeb.cloudfront.net/photos/pets/25294276/2/?bust=1495285167&width=300', 'https://dl5zpyw5k3jeb.cloudfront.net/photos/pets/25294276/3/?bust=1495285167&width=300']"
48296,25247199,https://www.petfinder.com/cat/bo-25247199/wa/walla-walla/blue-mountain-humane-society-wa309/?referrer_id=3830981a-ad4c-4f85-872c-ca9edc50a67e,Cat,Senior,Male,Large,Short,Pixiebob,"[{'small': 'https://dl5zpyw5k3jeb.cloudfront.net/photos/pets/25247199/1/?bust=1359480197&width=100', 'medium': 'https://dl5zpyw5k3jeb.cloudfront.net/photos/pets/25247199/1/?bust=1359480197&width=300', 'large': 'https://dl5zpyw5k3jeb.cloudfront.net/photos/pets/25247199/1/?bust=1359480197&width=600', 'full': 'https://dl5zpyw5k3jeb.cloudfront.net/photos/pets/25247199/1/?bust=1359480197'}, {'small': 'https://dl5zpyw5k3jeb.cloudfront.net/photos/pets/25247199/2/?bust=1359480199&width=100', 'medium': 'https://dl5zpyw5k3jeb.cloudfront.net/photos/pets/25247199/2/?bust=1359480199&width=300', 'large': 'https://dl5zpyw5k3jeb.cloudfront.net/photos/pets/25247199/2/?bust=1359480199&width=600', 'full': 'https://dl5zpyw5k3jeb.cloudfront.net/photos/pets/25247199/2/?bust=1359480199'}, {'small': 'https://dl5zpyw5k3jeb.cloudfront.net/photos/pets/25247199/3/?bust=1359480200&width=100', 'medium': 'https://dl5zpyw5k3jeb.cloudfront.net/photos/pets/25247199/3/?bust=1359480200&width=300', 'large': 'https://dl5zpyw5k3jeb.cloudfront.net/photos/pets/25247199/3/?bust=1359480200&width=600', 'full': 'https://dl5zpyw5k3jeb.cloudfront.net/photos/pets/25247199/3/?bust=1359480200'}]","['https://dl5zpyw5k3jeb.cloudfront.net/photos/pets/25247199/1/?bust=1359480197&width=300', 'https://dl5zpyw5k3jeb.cloudfront.net/photos/pets/25247199/2/?bust=1359480199&width=300', 'https://dl5zpyw5k3jeb.cloudfront.net/photos/pets/25247199/3/?bust=1359480200&width=300']"
48297,25095607,https://www.petfinder.com/cat/dexter-25095607/wa/port-angeles/olympic-peninsula-humane-society-wa68/?referrer_id=3830981a-ad4c-4f85-872c-ca9edc50a67e,Cat,Young,Male,Medium,Short,Pixiebob,"[{'small': 'https://dl5zpyw5k3jeb.cloudfront.net/photos/pets/25095607/1/?bust=1357945663&width=100', 'medium': 'https://dl5zpyw5k3jeb.cloudfront.net/photos/pets/25095607/1/?bust=1357945663&width=300', 'large': 'https://dl5zpyw5k3jeb.cloudfront.net/photos/pets/25095607/1/?bust=1357945663&width=600', 'full': 'https://dl5zpyw5k3jeb.cloudfront.net/photos/pets/25095607/1/?bust=1357945663'}, {'small': 'https://dl5zpyw5k3jeb.cloudfront.net/photos/pets/25095607/2/?bust=1357945665&width=100', 'medium': 'https://dl5zpyw5k3jeb.cloudfront.net/photos/pets/25095607/2/?bust=1357945665&width=300', 'large': 'https://dl5zpyw5k3jeb.cloudfront.net/photos/pets/25095607/2/?bust=1357945665&width=600', 'full': 'https://dl5zpyw5k3jeb.cloudfront.net/photos/pets/25095607/2/?bust=1357945665'}, {'small': 'https://dl5zpyw5k3jeb.cloudfront.net/photos/pets/25095607/3/?bust=1357945666&width=100', 'medium': 'https://dl5zpyw5k3jeb.cloudfront.net/photos/pets/25095607/3/?bust=1357945666&width=300', 'large': 'https://dl5zpyw5k3jeb.cloudfront.net/photos/pets/25095607/3/?bust=1357945666&width=600', 'full': 'https://dl5zpyw5k3jeb.cloudfront.net/photos/pets/25095607/3/?bust=1357945666'}]","['https://dl5zpyw5k3jeb.cloudfront.net/photos/pets/25095607/1/?bust=1357945663&width=300', 'https://dl5zpyw5k3jeb.cloudfront.net/photos/pets/25095607/2/?bust=1357945665&width=300', 'https://dl5zpyw5k3jeb.cloudfront.net/photos/pets/25095607/3/?bust=1357945666&width=300']"
48298,25022536,https://www.petfinder.com/cat/bo-25022536/wa/walla-walla/blue-mountain-humane-society-wa309/?referrer_id=3830981a-ad4c-4f85-872c-ca9edc50a67e,Cat,Senior,Male,Large,Short,Pixiebob,"[{'small': 'https://dl5zpyw5k3jeb.cloudfront.net/photos/pets/25022536/1/?bust=1357223323&width=100', 'medium': 'https://dl5zpyw5k3jeb.cloudfront.net/photos/pets/25022536/1/?bust=1357223323&width=300', 'large': 'https://dl5zpyw5k3jeb.cloudfront.net/photos/pets/25022536/1/?bust=1357223323&width=600', 'full': 'https://dl5zpyw5k3jeb.cloudfront.net/photos/pets/25022536/1/?bust=1357223323'}, {'small': 'https://dl5zpyw5k3jeb.cloudfront.net/photos/pets/25022536/2/?bust=1357223333&width=100', 'medium': 'https://dl5zpyw5k3jeb.cloudfront.net/photos/pets/25022536/2/?bust=1357223333&width=300', 'large': 'https://dl5zpyw5k3jeb.cloudfront.net/photos/pets/25022536/2/?bust=1357223333&width=600', 'full': 'https://dl5zpyw5k3jeb.cloudfront.net/photos/pets/25022536/2/?bust=1357223333'}, {'small': 'https://dl5zpyw5k3jeb.cloudfront.net/photos/pets/25022536/3/?bust=1357223345&width=100', 'medium': 'https://dl5zpyw5k3jeb.cloudfront.net/photos/pets/25022536/3/?bust=1357223345&width=300', 'large': 'https://dl5zpyw5k3jeb.cloudfront.net/photos/pets/25022536/3/?bust=1357223345&width=600', 'full': 'https://dl5zpyw5k3jeb.cloudfront.net/photos/pets/25022536/3/?bust=1357223345'}]","['https://dl5zpyw5k3jeb.cloudfront.net/photos/pets/25022536/1/?bust=1357223323&width=300', 'https://dl5zpyw5k3jeb.cloudfront.net/photos/pets/25022536/2/?bust=1357223333&width=300', 'https://dl5zpyw5k3jeb.cloudfront.net/photos/pets/25022536/3/?bust=1357223345&width=300']"
48299,24994125,https://www.petfinder.com/cat/cleo-24994125/az/lake-havasu-city/western-arizona-humane-society-az7/?referrer_id=3830981a-ad4c-4f85-872c-ca9edc50a67e,Cat,Adult,Female,Small,Medium,Pixiebob,"[{'small': 'https://dl5zpyw5k3jeb.cloudfront.net/photos/pets/24994125/1/?bust=1356805020&width=100', 'medium': 'https://dl5zpyw5k3jeb.cloudfront.net/photos/pets/24994125/1/?bust=1356805020&width=300', 'large': 'https://dl5zpyw5k3jeb.cloudfront.net/photos/pets/24994125/1/?bust=1356805020&width=600', 'full': 'https://dl5zpyw5k3jeb.cloudfront.net/photos/pets/24994125/1/?bust=1356805020'}]",['https://dl5zpyw5k3jeb.cloudfront.net/photos/pets/24994125/1/?bust=1356805020&width=300']
48300,24811742,https://www.petfinder.com/cat/pixie-24811742/in/michigan-city/michiana-humane-society-and-spca-in157/?referrer_id=3830981a-ad4c-4f85-872c-ca9edc50a67e,Cat,Adult,Female,Medium,Short,Pixiebob,"[{'small': 'https://dl5zpyw5k3jeb.cloudfront.net/photos/pets/24811742/1/?bust=1354719574&width=100', 'medium': 'https://dl5zpyw5k3jeb.cloudfront.net/photos/pets/24811742/1/?bust=1354719574&width=300', 'large': 'https://dl5zpyw5k3jeb.cloudfront.net/photos/pets/24811742/1/?bust=1354719574&width=600', 'full': 'https://dl5zpyw5k3jeb.cloudfront.net/photos/pets/24811742/1/?bust=1354719574'}, {'small': 'https://dl5zpyw5k3jeb.cloudfront.net/photos/pets/24811742/2/?bust=1354719584&width=100', 'medium': 'https://dl5zpyw5k3jeb.cloudfront.net/photos/pets/24811742/2/?bust=1354719584&width=300', 'large': 'https://dl5zpyw5k3jeb.cloudfront.net/photos/pets/24811742/2/?bust=1354719584&width=600', 'full': 'https://dl5zpyw5k3jeb.cloudfront.net/photos/pets/24811742/2/?bust=1354719584'}]","['https://dl5zpyw5k3jeb.cloudfront.net/photos/pets/24811742/1/?bust=1354719574&width=300', 'https://dl5zpyw5k3jeb.cloudfront.net/photos/pets/24811742/2/?bust=1354719584&width=300']"
48301,24642594,https://www.petfinder.com/cat/jimi-hendrix-24642594/wa/seattle/nw-pixie-bob-rescue-wa215/?referrer_id=3830981a-ad4c-4f85-872c-ca9edc50a67e,Cat,Adult,Male,Medium,Short,Pixiebob,"[{'small': 'https://dl5zpyw5k3jeb.cloudfront.net/photos/pets/24642594/2/?bust=1495285167&width=100', 'medium': 'https://dl5zpyw5k3jeb.cloudfront.net/photos/pets/24642594/2/?bust=1495285167&width=300', 'large': 'https://dl5zpyw5k3jeb.cloudfront.net/photos/pets/24642594/2/?bust=1495285167&width=600', 'full': 'https://dl5zpyw5k3jeb.cloudfront.net/photos/pets/24642594/2/?bust=1495285167'}, {'small': 'https://dl5zpyw5k3jeb.cloudfront.net/photos/pets/24642594/1/?bust=1495285167&width=100', 'medium': 'https://dl5zpyw5k3jeb.cloudfront.net/photos/pets/24642594/1/?bust=1495285167&width=300', 'large': 'https://dl5zpyw5k3jeb.cloudfront.net/photos/pets/24642594/1/?bust=1495285167&width=600', 'full': 'https://dl5zpyw5k3jeb.cloudfront.net/photos/pets/24642594/1/?bust=1495285167'}, {'small': 'https://dl5zpyw5k3jeb.cloudfront.net/photos/pets/24642594/3/?bust=1495285167&width=100', 'medium': 'https://dl5zpyw5k3jeb.cloudfront.net/photos/pets/24642594/3/?bust=1495285167&width=300', 'large': 'https://dl5zpyw5k3jeb.cloudfront.net/photos/pets/24642594/3/?bust=1495285167&width=600', 'full': 'https://dl5zpyw5k3jeb.cloudfront.net/photos/pets/24642594/3/?bust=1495285167'}]","['https://dl5zpyw5k3jeb.cloudfront.net/photos/pets/24642594/2/?bust=1495285167&width=300', 'https://dl5zpyw5k3jeb.cloudfront.net/photos/pets/24642594/1/?bust=1495285167&width=300', 'https://dl5zpyw5k3jeb.cloudfront.net/photos/pets/24642594/3/?bust=1495285167&width=300']"
48302,24315314,https://www.petfinder.com/cat/meredyth-24315314/ok/norman/hands-helping-paws-inc-ok252/?referrer_id=3830981a-ad4c-4f85-872c-ca9edc50a67e,Cat,Adult,Female,Medium,Short,Pixiebob,"[{'small': 'https://dl5zpyw5k3jeb.cloudfront.net/photos/pets/24315314/1/?bust=1350028188&width=100', 'medium': 'https://dl5zpyw5k3jeb.cloudfront.net/photos/pets/24315314/1/?bust=1350028188&width=300', 'large': 'https://dl5zpyw5k3jeb.cloudfront.net/photos/pets/24315314/1/?bust=1350028188&width=600', 'full': 'https://dl5zpyw5k3jeb.cloudfront.net/photos/pets/24315314/1/?bust=1350028188'}, {'small': 'https://dl5zpyw5k3jeb.cloudfront.net/photos/pets/24315314/2/?bust=1350028198&width=100', 'medium': 'https://dl5zpyw5k3jeb.cloudfront.net/photos/pets/24315314/2/?bust=1350028198&width=300', 'large': 'https://dl5zpyw5k3jeb.cloudfront.net/photos/pets/24315314/2/?bust=1350028198&width=600', 'full': 'https://dl5zpyw5k3jeb.cloudfront.net/photos/pets/24315314/2/?bust=1350028198'}]","['https://dl5zpyw5k3jeb.cloudfront.net/photos/pets/24315314/1/?bust=1350028188&width=300', 'https://dl5zpyw5k3jeb.cloudfront.net/photos/pets/24315314/2/?bust=1350028198&width=300']"
48303,23899300,https://www.petfinder.com/cat/billy-23899300/tn/memphis/mewtopia-cat-rescue-tn147/?referrer_id=3830981a-ad4c-4f85-872c-ca9edc50a67e,Cat,Adult,Male,Large,,Pixiebob,"[{'small': 'https://dl5zpyw5k3jeb.cloudfront.net/photos/pets/23899300/2/?bust=1362689665&width=100', 'medium': 'https://dl5zpyw5k3jeb.cloudfront.net/photos/pets/23899300/2/?bust=1362689665&width=300', 'large': 'https://dl5zpyw5k3jeb.cloudfront.net/photos/pets/23899300/2/?bust=1362689665&width=600', 'full': 'https://dl5zpyw5k3jeb.cloudfront.net/photos/pets/23899300/2/?bust=1362689665'}, {'small': 'https://dl5zpyw5k3jeb.cloudfront.net/photos/pets/23899300/1/?bust=1362690090&width=100', 'medium': 'https://dl5zpyw5k3jeb.cloudfront.net/photos/pets/23899300/1/?bust=1362690090&width=300', 'large': 'https://dl5zpyw5k3jeb.cloudfront.net/photos/pets/23899300/1/?bust=1362690090&width=600', 'full': 'https://dl5zpyw5k3jeb.cloudfront.net/photos/pets/23899300/1/?bust=1362690090'}, {'small': 'https://dl5zpyw5k3jeb.cloudfront.net/photos/pets/23899300/3/?bust=1362690557&width=100', 'medium': 'https://dl5zpyw5k3jeb.cloudfront.net/photos/pets/23899300/3/?bust=1362690557&width=300', 'large': 'https://dl5zpyw5k3jeb.cloudfront.net/photos/pets/23899300/3/?bust=1362690557&width=600', 'full': 'https://dl5zpyw5k3jeb.cloudfront.net/photos/pets/23899300/3/?bust=1362690557'}]","['https://dl5zpyw5k3jeb.cloudfront.net/photos/pets/23899300/2/?bust=1362689665&width=300', 'https://dl5zpyw5k3jeb.cloudfront.net/photos/pets/23899300/1/?bust=1362690090&width=300', 'https://dl5zpyw5k3jeb.cloudfront.net/photos/pets/23899300/3/?bust=1362690557&width=300']"
48304,23899295,https://www.petfinder.com/cat/dewey-23899295/tn/memphis/mewtopia-cat-rescue-tn147/?referrer_id=3830981a-ad4c-4f85-872c-ca9edc50a67e,Cat,Adult,Male,Extra Large,,Pixiebob,"[{'small': 'https://dl5zpyw5k3jeb.cloudfront.net/photos/pets/23899295/1/?bust=1346527064&width=100', 'medium': 'https://dl5zpyw5k3jeb.cloudfront.net/photos/pets/23899295/1/?bust=1346527064&width=300', 'large': 'https://dl5zpyw5k3jeb.cloudfront.net/photos/pets/23899295/1/?bust=1346527064&width=600', 'full': 'https://dl5zpyw5k3jeb.cloudfront.net/photos/pets/23899295/1/?bust=1346527064'}, {'small': 'https://dl5zpyw5k3jeb.cloudfront.net/photos/pets/23899295/2/?bust=1346527074&width=100', 'medium': 'https://dl5zpyw5k3jeb.cloudfront.net/photos/pets/23899295/2/?bust=1346527074&width=300', 'large': 'https://dl5zpyw5k3jeb.cloudfront.net/photos/pets/23899295/2/?bust=1346527074&width=600', 'full': 'https://dl5zpyw5k3jeb.cloudfront.net/photos/pets/23899295/2/?bust=1346527074'}, {'small': 'https://dl5zpyw5k3jeb.cloudfront.net/photos/pets/23899295/3/?bust=1350847282&width=100', 'medium': 'https://dl5zpyw5k3jeb.cloudfront.net/photos/pets/23899295/3/?bust=1350847282&width=300', 'large': 'https://dl5zpyw5k3jeb.cloudfront.net/photos/pets/23899295/3/?bust=1350847282&width=600', 'full': 'https://dl5zpyw5k3jeb.cloudfront.net/photos/pets/23899295/3/?bust=1350847282'}]","['https://dl5zpyw5k3jeb.cloudfront.net/photos/pets/23899295/1/?bust=1346527064&width=300', 'https://dl5zpyw5k3jeb.cloudfront.net/photos/pets/23899295/2/?bust=1346527074&width=300', 'https://dl5zpyw5k3jeb.cloudfront.net/photos/pets/23899295/3/?bust=1350847282&width=300']"
48305,23599862,https://www.petfinder.com/cat/pixiebob-fala-sweetheart-23599862/ga/griffin/winging-cat-rescue-ga483/?referrer_id=3830981a-ad4c-4f85-872c-ca9edc50a67e,Cat,Young,Female,Medium,,Pixiebob,"[{'small': 'https://dl5zpyw5k3jeb.cloudfront.net/photos/pets/23599862/1/?bust=1342719807&width=100', 'medium': 'https://dl5zpyw5k3jeb.cloudfront.net/photos/pets/23599862/1/?bust=1342719807&width=300', 'large': 'https://dl5zpyw5k3jeb.cloudfront.net/photos/pets/23599862/1/?bust=1342719807&width=600', 'full': 'https://dl5zpyw5k3jeb.cloudfront.net/photos/pets/23599862/1/?bust=1342719807'}]",['https://dl5zpyw5k3jeb.cloudfront.net/photos/pets/23599862/1/?bust=1342719807&width=300']
48306,23228558,https://www.petfinder.com/cat/star-adopted-star-22822-josie-23228558/mo/saint-joseph/friends-of-the-animal-shelter-of-st-joseph-inc-petforu-dot-com-mo78/?referrer_id=3830981a-ad4c-4f85-872c-ca9edc50a67e,Cat,Adult,Female,Medium,,Pixiebob,"[{'small': 'https://dl5zpyw5k3jeb.cloudfront.net/photos/pets/23228558/2/?bust=1339625572&width=100', 'medium': 'https://dl5zpyw5k3jeb.cloudfront.net/photos/pets/23228558/2/?bust=1339625572&width=300', 'large': 'https://dl5zpyw5k3jeb.cloudfront.net/photos/pets/23228558/2/?bust=1339625572&width=600', 'full': 'https://dl5zpyw5k3jeb.cloudfront.net/photos/pets/23228558/2/?bust=1339625572'}, {'small': 'https://dl5zpyw5k3jeb.cloudfront.net/photos/pets/23228558/1/?bust=1339346773&width=100', 'medium': 'https://dl5zpyw5k3jeb.cloudfront.net/photos/pets/23228558/1/?bust=1339346773&width=300', 'large': 'https://dl5zpyw5k3jeb.cloudfront.net/photos/pets/23228558/1/?bust=1339346773&width=600', 'full': 'https://dl5zpyw5k3jeb.cloudfront.net/photos/pets/23228558/1/?bust=1339346773'}]","['https://dl5zpyw5k3jeb.cloudfront.net/photos/pets/23228558/2/?bust=1339625572&width=300', 'https://dl5zpyw5k3jeb.cloudfront.net/photos/pets/23228558/1/?bust=1339346773&width=300']"
48307,23190207,https://www.petfinder.com/cat/harley-23190207/tn/memphis/mewtopia-cat-rescue-tn147/?referrer_id=3830981a-ad4c-4f85-872c-ca9edc50a67e,Cat,Senior,Male,Medium,,Pixiebob,"[{'small': 'https://dl5zpyw5k3jeb.cloudfront.net/photos/pets/23190207/1/?bust=1338993778&width=100', 'medium': 'https://dl5zpyw5k3jeb.cloudfront.net/photos/pets/23190207/1/?bust=1338993778&width=300', 'large': 'https://dl5zpyw5k3jeb.cloudfront.net/photos/pets/23190207/1/?bust=1338993778&width=600', 'full': 'https://dl5zpyw5k3jeb.cloudfront.net/photos/pets/23190207/1/?bust=1338993778'}, {'small': 'https://dl5zpyw5k3jeb.cloudfront.net/photos/pets/23190207/2/?bust=1338993788&width=100', 'medium': 'https://dl5zpyw5k3jeb.cloudfront.net/photos/pets/23190207/2/?bust=1338993788&width=300', 'large': 'https://dl5zpyw5k3jeb.cloudfront.net/photos/pets/23190207/2/?bust=1338993788&width=600', 'full': 'https://dl5zpyw5k3jeb.cloudfront.net/photos/pets/23190207/2/?bust=1338993788'}, {'small': 'https://dl5zpyw5k3jeb.cloudfront.net/photos/pets/23190207/3/?bust=1338993828&width=100', 'medium': 'https://dl5zpyw5k3jeb.cloudfront.net/photos/pets/23190207/3/?bust=1338993828&width=300', 'large': 'https://dl5zpyw5k3jeb.cloudfront.net/photos/pets/23190207/3/?bust=1338993828&width=600', 'full': 'https://dl5zpyw5k3jeb.cloudfront.net/photos/pets/23190207/3/?bust=1338993828'}]","['https://dl5zpyw5k3jeb.cloudfront.net/photos/pets/23190207/1/?bust=1338993778&width=300', 'https://dl5zpyw5k3jeb.cloudfront.net/photos/pets/23190207/2/?bust=1338993788&width=300', 'https://dl5zpyw5k3jeb.cloudfront.net/photos/pets/23190207/3/?bust=1338993828&width=300']"
48308,22913407,https://www.petfinder.com/cat/sw-miester-22913407/tx/fort-worth/humane-society-of-north-texas-tx309/?referrer_id=3830981a-ad4c-4f85-872c-ca9edc50a67e,Cat,Adult,Male,Medium,Short,Pixiebob,"[{'small': 'https://dl5zpyw5k3jeb.cloudfront.net/photos/pets/22913407/1/?bust=1336320551&width=100', 'medium': 'https://dl5zpyw5k3jeb.cloudfront.net/photos/pets/22913407/1/?bust=1336320551&width=300', 'large': 'https://dl5zpyw5k3jeb.cloudfront.net/photos/pets/22913407/1/?bust=1336320551&width=600', 'full': 'https://dl5zpyw5k3jeb.cloudfront.net/photos/pets/22913407/1/?bust=1336320551'}]",['https://dl5zpyw5k3jeb.cloudfront.net/photos/pets/22913407/1/?bust=1336320551&width=300']
48309,22913323,https://www.petfinder.com/cat/sw-missy-22913323/tx/fort-worth/humane-society-of-north-texas-tx309/?referrer_id=3830981a-ad4c-4f85-872c-ca9edc50a67e,Cat,Adult,Female,Medium,Short,Pixiebob,"[{'small': 'https://dl5zpyw5k3jeb.cloudfront.net/photos/pets/22913323/1/?bust=1336320726&width=100', 'medium': 'https://dl5zpyw5k3jeb.cloudfront.net/photos/pets/22913323/1/?bust=1336320726&width=300', 'large': 'https://dl5zpyw5k3jeb.cloudfront.net/photos/pets/22913323/1/?bust=1336320726&width=600', 'full': 'https://dl5zpyw5k3jeb.cloudfront.net/photos/pets/22913323/1/?bust=1336320726'}]",['https://dl5zpyw5k3jeb.cloudfront.net/photos/pets/22913323/1/?bust=1336320726&width=300']
48310,22875523,https://www.petfinder.com/cat/willy-22875523/wa/redmond/seattle-persian-and-himalayan-rescue-wa400/?referrer_id=3830981a-ad4c-4f85-872c-ca9edc50a67e,Cat,Young,Male,Medium,Short,Pixiebob,"[{'small': 'https://dl5zpyw5k3jeb.cloudfront.net/photos/pets/22875523/1/?bust=1336003965&width=100', 'medium': 'https://dl5zpyw5k3jeb.cloudfront.net/photos/pets/22875523/1/?bust=1336003965&width=300', 'large': 'https://dl5zpyw5k3jeb.cloudfront.net/photos/pets/22875523/1/?bust=1336003965&width=600', 'full': 'https://dl5zpyw5k3jeb.cloudfront.net/photos/pets/22875523/1/?bust=1336003965'}, {'small': 'https://dl5zpyw5k3jeb.cloudfront.net/photos/pets/22875523/2/?bust=1336003975&width=100', 'medium': 'https://dl5zpyw5k3jeb.cloudfront.net/photos/pets/22875523/2/?bust=1336003975&width=300', 'large': 'https://dl5zpyw5k3jeb.cloudfront.net/photos/pets/22875523/2/?bust=1336003975&width=600', 'full': 'https://dl5zpyw5k3jeb.cloudfront.net/photos/pets/22875523/2/?bust=1336003975'}, {'small': 'https://dl5zpyw5k3jeb.cloudfront.net/photos/pets/22875523/3/?bust=1336003985&width=100', 'medium': 'https://dl5zpyw5k3jeb.cloudfront.net/photos/pets/22875523/3/?bust=1336003985&width=300', 'large': 'https://dl5zpyw5k3jeb.cloudfront.net/photos/pets/22875523/3/?bust=1336003985&width=600', 'full': 'https://dl5zpyw5k3jeb.cloudfront.net/photos/pets/22875523/3/?bust=1336003985'}]","['https://dl5zpyw5k3jeb.cloudfront.net/photos/pets/22875523/1/?bust=1336003965&width=300', 'https://dl5zpyw5k3jeb.cloudfront.net/photos/pets/22875523/2/?bust=1336003975&width=300', 'https://dl5zpyw5k3jeb.cloudfront.net/photos/pets/22875523/3/?bust=1336003985&width=300']"
48311,22734980,https://www.petfinder.com/cat/liese-and-catchup-22734980/wa/seattle/nw-pixie-bob-rescue-wa215/?referrer_id=3830981a-ad4c-4f85-872c-ca9edc50a67e,Cat,Adult,Female,Medium,Short,Pixiebob,"[{'small': 'https://dl5zpyw5k3jeb.cloudfront.net/photos/pets/22734980/1/?bust=1495285167&width=100', 'medium': 'https://dl5zpyw5k3jeb.cloudfront.net/photos/pets/22734980/1/?bust=1495285167&width=300', 'large': 'https://dl5zpyw5k3jeb.cloudfront.net/photos/pets/22734980/1/?bust=1495285167&width=600', 'full': 'https://dl5zpyw5k3jeb.cloudfront.net/photos/pets/22734980/1/?bust=1495285167'}, {'small': 'https://dl5zpyw5k3jeb.cloudfront.net/photos/pets/22734980/2/?bust=1495285167&width=100', 'medium': 'https://dl5zpyw5k3jeb.cloudfront.net/photos/pets/22734980/2/?bust=1495285167&width=300', 'large': 'https://dl5zpyw5k3jeb.cloudfront.net/photos/pets/22734980/2/?bust=1495285167&width=600', 'full': 'https://dl5zpyw5k3jeb.cloudfront.net/photos/pets/22734980/2/?bust=1495285167'}, {'small': 'https://dl5zpyw5k3jeb.cloudfront.net/photos/pets/22734980/3/?bust=1495285167&width=100', 'medium': 'https://dl5zpyw5k3jeb.cloudfront.net/photos/pets/22734980/3/?bust=1495285167&width=300', 'large': 'https://dl5zpyw5k3jeb.cloudfront.net/photos/pets/22734980/3/?bust=1495285167&width=600', 'full': 'https://dl5zpyw5k3jeb.cloudfront.net/photos/pets/22734980/3/?bust=1495285167'}]","['https://dl5zpyw5k3jeb.cloudfront.net/photos/pets/22734980/1/?bust=1495285167&width=300', 'https://dl5zpyw5k3jeb.cloudfront.net/photos/pets/22734980/2/?bust=1495285167&width=300', 'https://dl5zpyw5k3jeb.cloudfront.net/photos/pets/22734980/3/?bust=1495285167&width=300']"
48312,22734946,https://www.petfinder.com/cat/jack-22734946/wa/seattle/nw-pixie-bob-rescue-wa215/?referrer_id=3830981a-ad4c-4f85-872c-ca9edc50a67e,Cat,Adult,Male,Large,,Pixiebob,"[{'small': 'https://dl5zpyw5k3jeb.cloudfront.net/photos/pets/22734946/1/?bust=1495285167&width=100', 'medium': 'https://dl5zpyw5k3jeb.cloudfront.net/photos/pets/22734946/1/?bust=1495285167&width=300', 'large': 'https://dl5zpyw5k3jeb.cloudfront.net/photos/pets/22734946/1/?bust=1495285167&width=600', 'full': 'https://dl5zpyw5k3jeb.cloudfront.net/photos/pets/22734946/1/?bust=1495285167'}, {'small': 'https://dl5zpyw5k3jeb.cloudfront.net/photos/pets/22734946/2/?bust=1495285167&width=100', 'medium': 'https://dl5zpyw5k3jeb.cloudfront.net/photos/pets/22734946/2/?bust=1495285167&width=300', 'large': 'https://dl5zpyw5k3jeb.cloudfront.net/photos/pets/22734946/2/?bust=1495285167&width=600', 'full': 'https://dl5zpyw5k3jeb.cloudfront.net/photos/pets/22734946/2/?bust=1495285167'}, {'small': 'https://dl5zpyw5k3jeb.cloudfront.net/photos/pets/22734946/3/?bust=1495285167&width=100', 'medium': 'https://dl5zpyw5k3jeb.cloudfront.net/photos/pets/22734946/3/?bust=1495285167&width=300', 'large': 'https://dl5zpyw5k3jeb.cloudfront.net/photos/pets/22734946/3/?bust=1495285167&width=600', 'full': 'https://dl5zpyw5k3jeb.cloudfront.net/photos/pets/22734946/3/?bust=1495285167'}]","['https://dl5zpyw5k3jeb.cloudfront.net/photos/pets/22734946/1/?bust=1495285167&width=300', 'https://dl5zpyw5k3jeb.cloudfront.net/photos/pets/22734946/2/?bust=1495285167&width=300', 'https://dl5zpyw5k3jeb.cloudfront.net/photos/pets/22734946/3/?bust=1495285167&width=300']"
48313,22734926,https://www.petfinder.com/cat/gracie-22734926/wa/seattle/nw-pixie-bob-rescue-wa215/?referrer_id=3830981a-ad4c-4f85-872c-ca9edc50a67e,Cat,Adult,Female,Large,Short,Pixiebob,"[{'small': 'https://dl5zpyw5k3jeb.cloudfront.net/photos/pets/22734926/1/?bust=1495285167&width=100', 'medium': 'https://dl5zpyw5k3jeb.cloudfront.net/photos/pets/22734926/1/?bust=1495285167&width=300', 'large': 'https://dl5zpyw5k3jeb.cloudfront.net/photos/pets/22734926/1/?bust=1495285167&width=600', 'full': 'https://dl5zpyw5k3jeb.cloudfront.net/photos/pets/22734926/1/?bust=1495285167'}, {'small': 'https://dl5zpyw5k3jeb.cloudfront.net/photos/pets/22734926/2/?bust=1495285167&width=100', 'medium': 'https://dl5zpyw5k3jeb.cloudfront.net/photos/pets/22734926/2/?bust=1495285167&width=300', 'large': 'https://dl5zpyw5k3jeb.cloudfront.net/photos/pets/22734926/2/?bust=1495285167&width=600', 'full': 'https://dl5zpyw5k3jeb.cloudfront.net/photos/pets/22734926/2/?bust=1495285167'}, {'small': 'https://dl5zpyw5k3jeb.cloudfront.net/photos/pets/22734926/3/?bust=1495285167&width=100', 'medium': 'https://dl5zpyw5k3jeb.cloudfront.net/photos/pets/22734926/3/?bust=1495285167&width=300', 'large': 'https://dl5zpyw5k3jeb.cloudfront.net/photos/pets/22734926/3/?bust=1495285167&width=600', 'full': 'https://dl5zpyw5k3jeb.cloudfront.net/photos/pets/22734926/3/?bust=1495285167'}]","['https://dl5zpyw5k3jeb.cloudfront.net/photos/pets/22734926/1/?bust=1495285167&width=300', 'https://dl5zpyw5k3jeb.cloudfront.net/photos/pets/22734926/2/?bust=1495285167&width=300', 'https://dl5zpyw5k3jeb.cloudfront.net/photos/pets/22734926/3/?bust=1495285167&width=300']"
48314,22734834,https://www.petfinder.com/cat/bette-and-davida-22734834/wa/seattle/nw-pixie-bob-rescue-wa215/?referrer_id=3830981a-ad4c-4f85-872c-ca9edc50a67e,Cat,Adult,Female,Large,Short,Pixiebob,"[{'small': 'https://dl5zpyw5k3jeb.cloudfront.net/photos/pets/22734834/1/?bust=1495285167&width=100', 'medium': 'https://dl5zpyw5k3jeb.cloudfront.net/photos/pets/22734834/1/?bust=1495285167&width=300', 'large': 'https://dl5zpyw5k3jeb.cloudfront.net/photos/pets/22734834/1/?bust=1495285167&width=600', 'full': 'https://dl5zpyw5k3jeb.cloudfront.net/photos/pets/22734834/1/?bust=1495285167'}, {'small': 'https://dl5zpyw5k3jeb.cloudfront.net/photos/pets/22734834/2/?bust=1495285167&width=100', 'medium': 'https://dl5zpyw5k3jeb.cloudfront.net/photos/pets/22734834/2/?bust=1495285167&width=300', 'large': 'https://dl5zpyw5k3jeb.cloudfront.net/photos/pets/22734834/2/?bust=1495285167&width=600', 'full': 'https://dl5zpyw5k3jeb.cloudfront.net/photos/pets/22734834/2/?bust=1495285167'}, {'small': 'https://dl5zpyw5k3jeb.cloudfront.net/photos/pets/22734834/3/?bust=1495285167&width=100', 'medium': 'https://dl5zpyw5k3jeb.cloudfront.net/photos/pets/22734834/3/?bust=1495285167&width=300', 'large': 'https://dl5zpyw5k3jeb.cloudfront.net/photos/pets/22734834/3/?bust=1495285167&width=600', 'full': 'https://dl5zpyw5k3jeb.cloudfront.net/photos/pets/22734834/3/?bust=1495285167'}]","['https://dl5zpyw5k3jeb.cloudfront.net/photos/pets/22734834/1/?bust=1495285167&width=300', 'https://dl5zpyw5k3jeb.cloudfront.net/photos/pets/22734834/2/?bust=1495285167&width=300', 'https://dl5zpyw5k3jeb.cloudfront.net/photos/pets/22734834/3/?bust=1495285167&width=300']"
48315,22551235,https://www.petfinder.com/cat/abram-hunk-of-love-22551235/co/colorado-springs/lookwhatthecatbroughtin-dot-org-co281/?referrer_id=3830981a-ad4c-4f85-872c-ca9edc50a67e,Cat,Adult,Male,Medium,,Pixiebob,"[{'small': 'https://dl5zpyw5k3jeb.cloudfront.net/photos/pets/22551235/1/?bust=1459024199&width=100', 'medium': 'https://dl5zpyw5k3jeb.cloudfront.net/photos/pets/22551235/1/?bust=1459024199&width=300', 'large': 'https://dl5zpyw5k3jeb.cloudfront.net/photos/pets/22551235/1/?bust=1459024199&width=600', 'full': 'https://dl5zpyw5k3jeb.cloudfront.net/photos/pets/22551235/1/?bust=1459024199'}]",['https://dl5zpyw5k3jeb.cloudfront.net/photos/pets/22551235/1/?bust=1459024199&width=300']
48316,21351823,https://www.petfinder.com/cat/curlie-21351823/wa/seattle/nw-pixie-bob-rescue-wa215/?referrer_id=3830981a-ad4c-4f85-872c-ca9edc50a67e,Cat,Adult,Female,Medium,,Pixiebob,"[{'small': 'https://dl5zpyw5k3jeb.cloudfront.net/photos/pets/21351823/1/?bust=1495285167&width=100', 'medium': 'https://dl5zpyw5k3jeb.cloudfront.net/photos/pets/21351823/1/?bust=1495285167&width=300', 'large': 'https://dl5zpyw5k3jeb.cloudfront.net/photos/pets/21351823/1/?bust=1495285167&width=600', 'full': 'https://dl5zpyw5k3jeb.cloudfront.net/photos/pets/21351823/1/?bust=1495285167'}]",['https://dl5zpyw5k3jeb.cloudfront.net/photos/pets/21351823/1/?bust=1495285167&width=300']
48317,21332045,https://www.petfinder.com/cat/monkey-21332045/wa/seattle/nw-pixie-bob-rescue-wa215/?referrer_id=3830981a-ad4c-4f85-872c-ca9edc50a67e,Cat,Adult,Female,Medium,,Pixiebob,"[{'small': 'https://dl5zpyw5k3jeb.cloudfront.net/photos/pets/21332045/1/?bust=1495285167&width=100', 'medium': 'https://dl5zpyw5k3jeb.cloudfront.net/photos/pets/21332045/1/?bust=1495285167&width=300', 'large': 'https://dl5zpyw5k3jeb.cloudfront.net/photos/pets/21332045/1/?bust=1495285167&width=600', 'full': 'https://dl5zpyw5k3jeb.cloudfront.net/photos/pets/21332045/1/?bust=1495285167'}]",['https://dl5zpyw5k3jeb.cloudfront.net/photos/pets/21332045/1/?bust=1495285167&width=300']
48318,20957971,https://www.petfinder.com/cat/gracie-20957971/wa/seattle/nw-pixie-bob-rescue-wa215/?referrer_id=3830981a-ad4c-4f85-872c-ca9edc50a67e,Cat,Young,Female,Large,Short,Pixiebob,"[{'small': 'https://dl5zpyw5k3jeb.cloudfront.net/photos/pets/20957971/1/?bust=1495285167&width=100', 'medium': 'https://dl5zpyw5k3jeb.cloudfront.net/photos/pets/20957971/1/?bust=1495285167&width=300', 'large': 'https://dl5zpyw5k3jeb.cloudfront.net/photos/pets/20957971/1/?bust=1495285167&width=600', 'full': 'https://dl5zpyw5k3jeb.cloudfront.net/photos/pets/20957971/1/?bust=1495285167'}, {'small': 'https://dl5zpyw5k3jeb.cloudfront.net/photos/pets/20957971/2/?bust=1495285167&width=100', 'medium': 'https://dl5zpyw5k3jeb.cloudfront.net/photos/pets/20957971/2/?bust=1495285167&width=300', 'large': 'https://dl5zpyw5k3jeb.cloudfront.net/photos/pets/20957971/2/?bust=1495285167&width=600', 'full': 'https://dl5zpyw5k3jeb.cloudfront.net/photos/pets/20957971/2/?bust=1495285167'}, {'small': 'https://dl5zpyw5k3jeb.cloudfront.net/photos/pets/20957971/3/?bust=1495285167&width=100', 'medium': 'https://dl5zpyw5k3jeb.cloudfront.net/photos/pets/20957971/3/?bust=1495285167&width=300', 'large': 'https://dl5zpyw5k3jeb.cloudfront.net/photos/pets/20957971/3/?bust=1495285167&width=600', 'full': 'https://dl5zpyw5k3jeb.cloudfront.net/photos/pets/20957971/3/?bust=1495285167'}]","['https://dl5zpyw5k3jeb.cloudfront.net/photos/pets/20957971/1/?bust=1495285167&width=300', 'https://dl5zpyw5k3jeb.cloudfront.net/photos/pets/20957971/2/?bust=1495285167&width=300', 'https://dl5zpyw5k3jeb.cloudfront.net/photos/pets/20957971/3/?bust=1495285167&width=300']"
48319,20724408,https://www.petfinder.com/cat/tiger-20724408/wa/seattle/nw-pixie-bob-rescue-wa215/?referrer_id=3830981a-ad4c-4f85-872c-ca9edc50a67e,Cat,Adult,Male,Extra Large,Medium,Pixiebob,"[{'small': 'https://dl5zpyw5k3jeb.cloudfront.net/photos/pets/20724408/1/?bust=1495285167&width=100', 'medium': 'https://dl5zpyw5k3jeb.cloudfront.net/photos/pets/20724408/1/?bust=1495285167&width=300', 'large': 'https://dl5zpyw5k3jeb.cloudfront.net/photos/pets/20724408/1/?bust=1495285167&width=600', 'full': 'https://dl5zpyw5k3jeb.cloudfront.net/photos/pets/20724408/1/?bust=1495285167'}, {'small': 'https://dl5zpyw5k3jeb.cloudfront.net/photos/pets/20724408/2/?bust=1495285167&width=100', 'medium': 'https://dl5zpyw5k3jeb.cloudfront.net/photos/pets/20724408/2/?bust=1495285167&width=300', 'large': 'https://dl5zpyw5k3jeb.cloudfront.net/photos/pets/20724408/2/?bust=1495285167&width=600', 'full': 'https://dl5zpyw5k3jeb.cloudfront.net/photos/pets/20724408/2/?bust=1495285167'}, {'small': 'https://dl5zpyw5k3jeb.cloudfront.net/photos/pets/20724408/3/?bust=1495285167&width=100', 'medium': 'https://dl5zpyw5k3jeb.cloudfront.net/photos/pets/20724408/3/?bust=1495285167&width=300', 'large': 'https://dl5zpyw5k3jeb.cloudfront.net/photos/pets/20724408/3/?bust=1495285167&width=600', 'full': 'https://dl5zpyw5k3jeb.cloudfront.net/photos/pets/20724408/3/?bust=1495285167'}]","['https://dl5zpyw5k3jeb.cloudfront.net/photos/pets/20724408/1/?bust=1495285167&width=300', 'https://dl5zpyw5k3jeb.cloudfront.net/photos/pets/20724408/2/?bust=1495285167&width=300', 'https://dl5zpyw5k3jeb.cloudfront.net/photos/pets/20724408/3/?bust=1495285167&width=300']"
48320,20426409,https://www.petfinder.com/cat/tito-20426409/wa/seattle/nw-pixie-bob-rescue-wa215/?referrer_id=3830981a-ad4c-4f85-872c-ca9edc50a67e,Cat,Adult,Female,Large,,Pixiebob,"[{'small': 'https://dl5zpyw5k3jeb.cloudfront.net/photos/pets/20426409/1/?bust=1495285167&width=100', 'medium': 'https://dl5zpyw5k3jeb.cloudfront.net/photos/pets/20426409/1/?bust=1495285167&width=300', 'large': 'https://dl5zpyw5k3jeb.cloudfront.net/photos/pets/20426409/1/?bust=1495285167&width=600', 'full': 'https://dl5zpyw5k3jeb.cloudfront.net/photos/pets/20426409/1/?bust=1495285167'}, {'small': 'https://dl5zpyw5k3jeb.cloudfront.net/photos/pets/20426409/2/?bust=1495285167&width=100', 'medium': 'https://dl5zpyw5k3jeb.cloudfront.net/photos/pets/20426409/2/?bust=1495285167&width=300', 'large': 'https://dl5zpyw5k3jeb.cloudfront.net/photos/pets/20426409/2/?bust=1495285167&width=600', 'full': 'https://dl5zpyw5k3jeb.cloudfront.net/photos/pets/20426409/2/?bust=1495285167'}]","['https://dl5zpyw5k3jeb.cloudfront.net/photos/pets/20426409/1/?bust=1495285167&width=300', 'https://dl5zpyw5k3jeb.cloudfront.net/photos/pets/20426409/2/?bust=1495285167&width=300']"
48321,20040273,https://www.petfinder.com/cat/max-20040273/wa/seattle/nw-pixie-bob-rescue-wa215/?referrer_id=3830981a-ad4c-4f85-872c-ca9edc50a67e,Cat,Senior,Male,Large,,Pixiebob,"[{'small': 'https://dl5zpyw5k3jeb.cloudfront.net/photos/pets/20040273/1/?bust=1495285167&width=100', 'medium': 'https://dl5zpyw5k3jeb.cloudfront.net/photos/pets/20040273/1/?bust=1495285167&width=300', 'large': 'https://dl5zpyw5k3jeb.cloudfront.net/photos/pets/20040273/1/?bust=1495285167&width=600', 'full': 'https://dl5zpyw5k3jeb.cloudfront.net/photos/pets/20040273/1/?bust=1495285167'}, {'small': 'https://dl5zpyw5k3jeb.cloudfront.net/photos/pets/20040273/2/?bust=1495285167&width=100', 'medium': 'https://dl5zpyw5k3jeb.cloudfront.net/photos/pets/20040273/2/?bust=1495285167&width=300', 'large': 'https://dl5zpyw5k3jeb.cloudfront.net/photos/pets/20040273/2/?bust=1495285167&width=600', 'full': 'https://dl5zpyw5k3jeb.cloudfront.net/photos/pets/20040273/2/?bust=1495285167'}]","['https://dl5zpyw5k3jeb.cloudfront.net/photos/pets/20040273/1/?bust=1495285167&width=300', 'https://dl5zpyw5k3jeb.cloudfront.net/photos/pets/20040273/2/?bust=1495285167&width=300']"
48322,19889734,https://www.petfinder.com/cat/susieq-19889734/wa/redmond/seattle-persian-and-himalayan-rescue-wa400/?referrer_id=3830981a-ad4c-4f85-872c-ca9edc50a67e,Cat,Adult,Female,Medium,Short,Pixiebob,"[{'small': 'https://dl5zpyw5k3jeb.cloudfront.net/photos/pets/19889734/1/?bust=1308176527&width=100', 'medium': 'https://dl5zpyw5k3jeb.cloudfront.net/photos/pets/19889734/1/?bust=1308176527&width=300', 'large': 'https://dl5zpyw5k3jeb.cloudfront.net/photos/pets/19889734/1/?bust=1308176527&width=600', 'full': 'https://dl5zpyw5k3jeb.cloudfront.net/photos/pets/19889734/1/?bust=1308176527'}, {'small': 'https://dl5zpyw5k3jeb.cloudfront.net/photos/pets/19889734/2/?bust=1308178222&width=100', 'medium': 'https://dl5zpyw5k3jeb.cloudfront.net/photos/pets/19889734/2/?bust=1308178222&width=300', 'large': 'https://dl5zpyw5k3jeb.cloudfront.net/photos/pets/19889734/2/?bust=1308178222&width=600', 'full': 'https://dl5zpyw5k3jeb.cloudfront.net/photos/pets/19889734/2/?bust=1308178222'}, {'small': 'https://dl5zpyw5k3jeb.cloudfront.net/photos/pets/19889734/3/?bust=1308178222&width=100', 'medium': 'https://dl5zpyw5k3jeb.cloudfront.net/photos/pets/19889734/3/?bust=1308178222&width=300', 'large': 'https://dl5zpyw5k3jeb.cloudfront.net/photos/pets/19889734/3/?bust=1308178222&width=600', 'full': 'https://dl5zpyw5k3jeb.cloudfront.net/photos/pets/19889734/3/?bust=1308178222'}]","['https://dl5zpyw5k3jeb.cloudfront.net/photos/pets/19889734/1/?bust=1308176527&width=300', 'https://dl5zpyw5k3jeb.cloudfront.net/photos/pets/19889734/2/?bust=1308178222&width=300', 'https://dl5zpyw5k3jeb.cloudfront.net/photos/pets/19889734/3/?bust=1308178222&width=300']"
48323,19513786,https://www.petfinder.com/cat/chief-joseph-19513786/mi/clawson/silver-lake-animal-rescue-league-mi155/?referrer_id=3830981a-ad4c-4f85-872c-ca9edc50a67e,Cat,Adult,Male,Medium,,Pixiebob,"[{'small': 'https://dl5zpyw5k3jeb.cloudfront.net/photos/pets/19513786/1/?bust=1304980090&width=100', 'medium': 'https://dl5zpyw5k3jeb.cloudfront.net/photos/pets/19513786/1/?bust=1304980090&width=300', 'large': 'https://dl5zpyw5k3jeb.cloudfront.net/photos/pets/19513786/1/?bust=1304980090&width=600', 'full': 'https://dl5zpyw5k3jeb.cloudfront.net/photos/pets/19513786/1/?bust=1304980090'}, {'small': 'https://dl5zpyw5k3jeb.cloudfront.net/photos/pets/19513786/2/?bust=1304980090&width=100', 'medium': 'https://dl5zpyw5k3jeb.cloudfront.net/photos/pets/19513786/2/?bust=1304980090&width=300', 'large': 'https://dl5zpyw5k3jeb.cloudfront.net/photos/pets/19513786/2/?bust=1304980090&width=600', 'full': 'https://dl5zpyw5k3jeb.cloudfront.net/photos/pets/19513786/2/?bust=1304980090'}, {'small': 'https://dl5zpyw5k3jeb.cloudfront.net/photos/pets/19513786/3/?bust=1304980090&width=100', 'medium': 'https://dl5zpyw5k3jeb.cloudfront.net/photos/pets/19513786/3/?bust=1304980090&width=300', 'large': 'https://dl5zpyw5k3jeb.cloudfront.net/photos/pets/19513786/3/?bust=1304980090&width=600', 'full': 'https://dl5zpyw5k3jeb.cloudfront.net/photos/pets/19513786/3/?bust=1304980090'}]","['https://dl5zpyw5k3jeb.cloudfront.net/photos/pets/19513786/1/?bust=1304980090&width=300', 'https://dl5zpyw5k3jeb.cloudfront.net/photos/pets/19513786/2/?bust=1304980090&width=300', 'https://dl5zpyw5k3jeb.cloudfront.net/photos/pets/19513786/3/?bust=1304980090&width=300']"
48324,19306271,https://www.petfinder.com/cat/jesme-19306271/ca/davis/purebreds-plus-cat-rescue-ca652/?referrer_id=3830981a-ad4c-4f85-872c-ca9edc50a67e,Cat,Young,Female,Medium,,Pixiebob,"[{'small': 'https://dl5zpyw5k3jeb.cloudfront.net/photos/pets/19306271/1/?bust=1308536355&width=100', 'medium': 'https://dl5zpyw5k3jeb.cloudfront.net/photos/pets/19306271/1/?bust=1308536355&width=300', 'large': 'https://dl5zpyw5k3jeb.cloudfront.net/photos/pets/19306271/1/?bust=1308536355&width=600', 'full': 'https://dl5zpyw5k3jeb.cloudfront.net/photos/pets/19306271/1/?bust=1308536355'}, {'small': 'https://dl5zpyw5k3jeb.cloudfront.net/photos/pets/19306271/2/?bust=1308536355&width=100', 'medium': 'https://dl5zpyw5k3jeb.cloudfront.net/photos/pets/19306271/2/?bust=1308536355&width=300', 'large': 'https://dl5zpyw5k3jeb.cloudfront.net/photos/pets/19306271/2/?bust=1308536355&width=600', 'full': 'https://dl5zpyw5k3jeb.cloudfront.net/photos/pets/19306271/2/?bust=1308536355'}, {'small': 'https://dl5zpyw5k3jeb.cloudfront.net/photos/pets/19306271/3/?bust=1308536355&width=100', 'medium': 'https://dl5zpyw5k3jeb.cloudfront.net/photos/pets/19306271/3/?bust=1308536355&width=300', 'large': 'https://dl5zpyw5k3jeb.cloudfront.net/photos/pets/19306271/3/?bust=1308536355&width=600', 'full': 'https://dl5zpyw5k3jeb.cloudfront.net/photos/pets/19306271/3/?bust=1308536355'}]","['https://dl5zpyw5k3jeb.cloudfront.net/photos/pets/19306271/1/?bust=1308536355&width=300', 'https://dl5zpyw5k3jeb.cloudfront.net/photos/pets/19306271/2/?bust=1308536355&width=300', 'https://dl5zpyw5k3jeb.cloudfront.net/photos/pets/19306271/3/?bust=1308536355&width=300']"
48325,19212217,https://www.petfinder.com/cat/titania-commodore-19212217/co/colorado-springs/lookwhatthecatbroughtin-dot-org-co281/?referrer_id=3830981a-ad4c-4f85-872c-ca9edc50a67e,Cat,Adult,Female,Small,Short,Pixiebob,"[{'small': 'https://dl5zpyw5k3jeb.cloudfront.net/photos/pets/19212217/1/?bust=1459024199&width=100', 'medium': 'https://dl5zpyw5k3jeb.cloudfront.net/photos/pets/19212217/1/?bust=1459024199&width=300', 'large': 'https://dl5zpyw5k3jeb.cloudfront.net/photos/pets/19212217/1/?bust=1459024199&width=600', 'full': 'https://dl5zpyw5k3jeb.cloudfront.net/photos/pets/19212217/1/?bust=1459024199'}]",['https://dl5zpyw5k3jeb.cloudfront.net/photos/pets/19212217/1/?bust=1459024199&width=300']
48326,19212161,https://www.petfinder.com/cat/puck-the-woodland-sprite-19212161/co/colorado-springs/lookwhatthecatbroughtin-dot-org-co281/?referrer_id=3830981a-ad4c-4f85-872c-ca9edc50a67e,Cat,Adult,Male,Medium,Short,Pixiebob,"[{'small': 'https://dl5zpyw5k3jeb.cloudfront.net/photos/pets/19212161/1/?bust=1459024199&width=100', 'medium': 'https://dl5zpyw5k3jeb.cloudfront.net/photos/pets/19212161/1/?bust=1459024199&width=300', 'large': 'https://dl5zpyw5k3jeb.cloudfront.net/photos/pets/19212161/1/?bust=1459024199&width=600', 'full': 'https://dl5zpyw5k3jeb.cloudfront.net/photos/pets/19212161/1/?bust=1459024199'}, {'small': 'https://dl5zpyw5k3jeb.cloudfront.net/photos/pets/19212161/2/?bust=1459024199&width=100', 'medium': 'https://dl5zpyw5k3jeb.cloudfront.net/photos/pets/19212161/2/?bust=1459024199&width=300', 'large': 'https://dl5zpyw5k3jeb.cloudfront.net/photos/pets/19212161/2/?bust=1459024199&width=600', 'full': 'https://dl5zpyw5k3jeb.cloudfront.net/photos/pets/19212161/2/?bust=1459024199'}]","['https://dl5zpyw5k3jeb.cloudfront.net/photos/pets/19212161/1/?bust=1459024199&width=300', 'https://dl5zpyw5k3jeb.cloudfront.net/photos/pets/19212161/2/?bust=1459024199&width=300']"
48327,19212157,https://www.petfinder.com/cat/lord-falstaff-19212157/co/colorado-springs/lookwhatthecatbroughtin-dot-org-co281/?referrer_id=3830981a-ad4c-4f85-872c-ca9edc50a67e,Cat,Adult,Male,Large,Short,Pixiebob,"[{'small': 'https://dl5zpyw5k3jeb.cloudfront.net/photos/pets/19212157/2/?bust=1459024199&width=100', 'medium': 'https://dl5zpyw5k3jeb.cloudfront.net/photos/pets/19212157/2/?bust=1459024199&width=300', 'large': 'https://dl5zpyw5k3jeb.cloudfront.net/photos/pets/19212157/2/?bust=1459024199&width=600', 'full': 'https://dl5zpyw5k3jeb.cloudfront.net/photos/pets/19212157/2/?bust=1459024199'}, {'small': 'https://dl5zpyw5k3jeb.cloudfront.net/photos/pets/19212157/1/?bust=1459024199&width=100', 'medium': 'https://dl5zpyw5k3jeb.cloudfront.net/photos/pets/19212157/1/?bust=1459024199&width=300', 'large': 'https://dl5zpyw5k3jeb.cloudfront.net/photos/pets/19212157/1/?bust=1459024199&width=600', 'full': 'https://dl5zpyw5k3jeb.cloudfront.net/photos/pets/19212157/1/?bust=1459024199'}, {'small': 'https://dl5zpyw5k3jeb.cloudfront.net/photos/pets/19212157/3/?bust=1459024199&width=100', 'medium': 'https://dl5zpyw5k3jeb.cloudfront.net/photos/pets/19212157/3/?bust=1459024199&width=300', 'large': 'https://dl5zpyw5k3jeb.cloudfront.net/photos/pets/19212157/3/?bust=1459024199&width=600', 'full': 'https://dl5zpyw5k3jeb.cloudfront.net/photos/pets/19212157/3/?bust=1459024199'}]","['https://dl5zpyw5k3jeb.cloudfront.net/photos/pets/19212157/2/?bust=1459024199&width=300', 'https://dl5zpyw5k3jeb.cloudfront.net/photos/pets/19212157/1/?bust=1459024199&width=300', 'https://dl5zpyw5k3jeb.cloudfront.net/photos/pets/19212157/3/?bust=1459024199&width=300']"
48328,19212147,https://www.petfinder.com/cat/iris-java-19212147/co/colorado-springs/lookwhatthecatbroughtin-dot-org-co281/?referrer_id=3830981a-ad4c-4f85-872c-ca9edc50a67e,Cat,Adult,Female,Medium,Short,Pixiebob,"[{'small': 'https://dl5zpyw5k3jeb.cloudfront.net/photos/pets/19212147/2/?bust=1459024199&width=100', 'medium': 'https://dl5zpyw5k3jeb.cloudfront.net/photos/pets/19212147/2/?bust=1459024199&width=300', 'large': 'https://dl5zpyw5k3jeb.cloudfront.net/photos/pets/19212147/2/?bust=1459024199&width=600', 'full': 'https://dl5zpyw5k3jeb.cloudfront.net/photos/pets/19212147/2/?bust=1459024199'}, {'small': 'https://dl5zpyw5k3jeb.cloudfront.net/photos/pets/19212147/1/?bust=1459024199&width=100', 'medium': 'https://dl5zpyw5k3jeb.cloudfront.net/photos/pets/19212147/1/?bust=1459024199&width=300', 'large': 'https://dl5zpyw5k3jeb.cloudfront.net/photos/pets/19212147/1/?bust=1459024199&width=600', 'full': 'https://dl5zpyw5k3jeb.cloudfront.net/photos/pets/19212147/1/?bust=1459024199'}]","['https://dl5zpyw5k3jeb.cloudfront.net/photos/pets/19212147/2/?bust=1459024199&width=300', 'https://dl5zpyw5k3jeb.cloudfront.net/photos/pets/19212147/1/?bust=1459024199&width=300']"
48329,19124010,https://www.petfinder.com/cat/whirligig-and-yeti-19124010/ca/oakland/maine-coon-adoptions-mca-ca935/?referrer_id=3830981a-ad4c-4f85-872c-ca9edc50a67e,Cat,Adult,Male,Large,Medium,Pixiebob,"[{'small': 'https://dl5zpyw5k3jeb.cloudfront.net/photos/pets/19124010/1/?bust=1301677280&width=100', 'medium': 'https://dl5zpyw5k3jeb.cloudfront.net/photos/pets/19124010/1/?bust=1301677280&width=300', 'large': 'https://dl5zpyw5k3jeb.cloudfront.net/photos/pets/19124010/1/?bust=1301677280&width=600', 'full': 'https://dl5zpyw5k3jeb.cloudfront.net/photos/pets/19124010/1/?bust=1301677280'}, {'small': 'https://dl5zpyw5k3jeb.cloudfront.net/photos/pets/19124010/2/?bust=1301677280&width=100', 'medium': 'https://dl5zpyw5k3jeb.cloudfront.net/photos/pets/19124010/2/?bust=1301677280&width=300', 'large': 'https://dl5zpyw5k3jeb.cloudfront.net/photos/pets/19124010/2/?bust=1301677280&width=600', 'full': 'https://dl5zpyw5k3jeb.cloudfront.net/photos/pets/19124010/2/?bust=1301677280'}, {'small': 'https://dl5zpyw5k3jeb.cloudfront.net/photos/pets/19124010/3/?bust=1301677280&width=100', 'medium': 'https://dl5zpyw5k3jeb.cloudfront.net/photos/pets/19124010/3/?bust=1301677280&width=300', 'large': 'https://dl5zpyw5k3jeb.cloudfront.net/photos/pets/19124010/3/?bust=1301677280&width=600', 'full': 'https://dl5zpyw5k3jeb.cloudfront.net/photos/pets/19124010/3/?bust=1301677280'}]","['https://dl5zpyw5k3jeb.cloudfront.net/photos/pets/19124010/1/?bust=1301677280&width=300', 'https://dl5zpyw5k3jeb.cloudfront.net/photos/pets/19124010/2/?bust=1301677280&width=300', 'https://dl5zpyw5k3jeb.cloudfront.net/photos/pets/19124010/3/?bust=1301677280&width=300']"
48330,19123823,https://www.petfinder.com/cat/lottie-19123823/ca/oakland/maine-coon-adoptions-mca-ca935/?referrer_id=3830981a-ad4c-4f85-872c-ca9edc50a67e,Cat,Adult,Female,Large,Long,Pixiebob,"[{'small': 'https://dl5zpyw5k3jeb.cloudfront.net/photos/pets/19123823/1/?bust=1301676578&width=100', 'medium': 'https://dl5zpyw5k3jeb.cloudfront.net/photos/pets/19123823/1/?bust=1301676578&width=300', 'large': 'https://dl5zpyw5k3jeb.cloudfront.net/photos/pets/19123823/1/?bust=1301676578&width=600', 'full': 'https://dl5zpyw5k3jeb.cloudfront.net/photos/pets/19123823/1/?bust=1301676578'}, {'small': 'https://dl5zpyw5k3jeb.cloudfront.net/photos/pets/19123823/2/?bust=1301676578&width=100', 'medium': 'https://dl5zpyw5k3jeb.cloudfront.net/photos/pets/19123823/2/?bust=1301676578&width=300', 'large': 'https://dl5zpyw5k3jeb.cloudfront.net/photos/pets/19123823/2/?bust=1301676578&width=600', 'full': 'https://dl5zpyw5k3jeb.cloudfront.net/photos/pets/19123823/2/?bust=1301676578'}, {'small': 'https://dl5zpyw5k3jeb.cloudfront.net/photos/pets/19123823/3/?bust=1301676578&width=100', 'medium': 'https://dl5zpyw5k3jeb.cloudfront.net/photos/pets/19123823/3/?bust=1301676578&width=300', 'large': 'https://dl5zpyw5k3jeb.cloudfront.net/photos/pets/19123823/3/?bust=1301676578&width=600', 'full': 'https://dl5zpyw5k3jeb.cloudfront.net/photos/pets/19123823/3/?bust=1301676578'}]","['https://dl5zpyw5k3jeb.cloudfront.net/photos/pets/19123823/1/?bust=1301676578&width=300', 'https://dl5zpyw5k3jeb.cloudfront.net/photos/pets/19123823/2/?bust=1301676578&width=300', 'https://dl5zpyw5k3jeb.cloudfront.net/photos/pets/19123823/3/?bust=1301676578&width=300']"
48331,18970731,https://www.petfinder.com/cat/spunky-18970731/md/easton/talbot-humane-md56/?referrer_id=3830981a-ad4c-4f85-872c-ca9edc50a67e,Cat,Senior,Male,Medium,,Pixiebob,"[{'small': 'https://dl5zpyw5k3jeb.cloudfront.net/photos/pets/18970731/1/?bust=1452330394&width=100', 'medium': 'https://dl5zpyw5k3jeb.cloudfront.net/photos/pets/18970731/1/?bust=1452330394&width=300', 'large': 'https://dl5zpyw5k3jeb.cloudfront.net/photos/pets/18970731/1/?bust=1452330394&width=600', 'full': 'https://dl5zpyw5k3jeb.cloudfront.net/photos/pets/18970731/1/?bust=1452330394'}]",['https://dl5zpyw5k3jeb.cloudfront.net/photos/pets/18970731/1/?bust=1452330394&width=300']
48332,18951896,https://www.petfinder.com/cat/gabby-18951896/ok/shawnee/saving-pets-at-risk-spar-ok167/?referrer_id=3830981a-ad4c-4f85-872c-ca9edc50a67e,Cat,Young,Male,Small,,Pixiebob,"[{'small': 'https://dl5zpyw5k3jeb.cloudfront.net/photos/pets/18951896/1/?bust=1494166662&width=100', 'medium': 'https://dl5zpyw5k3jeb.cloudfront.net/photos/pets/18951896/1/?bust=1494166662&width=300', 'large': 'https://dl5zpyw5k3jeb.cloudfront.net/photos/pets/18951896/1/?bust=1494166662&width=600', 'full': 'https://dl5zpyw5k3jeb.cloudfront.net/photos/pets/18951896/1/?bust=1494166662'}]",['https://dl5zpyw5k3jeb.cloudfront.net/photos/pets/18951896/1/?bust=1494166662&width=300']
48333,18578278,https://www.petfinder.com/cat/xander-18578278/va/fairfax-station/homeward-trails-animal-rescue-inc-va210/?referrer_id=3830981a-ad4c-4f85-872c-ca9edc50a67e,Cat,Senior,Male,Large,,Pixiebob,"[{'small': 'https://dl5zpyw5k3jeb.cloudfront.net/photos/pets/18578278/1/?bust=1297109277&width=100', 'medium': 'https://dl5zpyw5k3jeb.cloudfront.net/photos/pets/18578278/1/?bust=1297109277&width=300', 'large': 'https://dl5zpyw5k3jeb.cloudfront.net/photos/pets/18578278/1/?bust=1297109277&width=600', 'full': 'https://dl5zpyw5k3jeb.cloudfront.net/photos/pets/18578278/1/?bust=1297109277'}, {'small': 'https://dl5zpyw5k3jeb.cloudfront.net/photos/pets/18578278/2/?bust=1297147719&width=100', 'medium': 'https://dl5zpyw5k3jeb.cloudfront.net/photos/pets/18578278/2/?bust=1297147719&width=300', 'large': 'https://dl5zpyw5k3jeb.cloudfront.net/photos/pets/18578278/2/?bust=1297147719&width=600', 'full': 'https://dl5zpyw5k3jeb.cloudfront.net/photos/pets/18578278/2/?bust=1297147719'}]","['https://dl5zpyw5k3jeb.cloudfront.net/photos/pets/18578278/1/?bust=1297109277&width=300', 'https://dl5zpyw5k3jeb.cloudfront.net/photos/pets/18578278/2/?bust=1297147719&width=300']"
48334,18572149,https://www.petfinder.com/cat/tnl-18572149/wa/seattle/nw-pixie-bob-rescue-wa215/?referrer_id=3830981a-ad4c-4f85-872c-ca9edc50a67e,Cat,Adult,Female,Medium,Short,Pixiebob,"[{'small': 'https://dl5zpyw5k3jeb.cloudfront.net/photos/pets/18572149/1/?bust=1495285167&width=100', 'medium': 'https://dl5zpyw5k3jeb.cloudfront.net/photos/pets/18572149/1/?bust=1495285167&width=300', 'large': 'https://dl5zpyw5k3jeb.cloudfront.net/photos/pets/18572149/1/?bust=1495285167&width=600', 'full': 'https://dl5zpyw5k3jeb.cloudfront.net/photos/pets/18572149/1/?bust=1495285167'}]",['https://dl5zpyw5k3jeb.cloudfront.net/photos/pets/18572149/1/?bust=1495285167&width=300']
48335,17438763,https://www.petfinder.com/cat/harley-17438763/wa/seattle/nw-pixie-bob-rescue-wa215/?referrer_id=3830981a-ad4c-4f85-872c-ca9edc50a67e,Cat,Young,Male,Large,,Pixiebob,"[{'small': 'https://dl5zpyw5k3jeb.cloudfront.net/photos/pets/17438763/1/?bust=1495285167&width=100', 'medium': 'https://dl5zpyw5k3jeb.cloudfront.net/photos/pets/17438763/1/?bust=1495285167&width=300', 'large': 'https://dl5zpyw5k3jeb.cloudfront.net/photos/pets/17438763/1/?bust=1495285167&width=600', 'full': 'https://dl5zpyw5k3jeb.cloudfront.net/photos/pets/17438763/1/?bust=1495285167'}, {'small': 'https://dl5zpyw5k3jeb.cloudfront.net/photos/pets/17438763/2/?bust=1495285167&width=100', 'medium': 'https://dl5zpyw5k3jeb.cloudfront.net/photos/pets/17438763/2/?bust=1495285167&width=300', 'large': 'https://dl5zpyw5k3jeb.cloudfront.net/photos/pets/17438763/2/?bust=1495285167&width=600', 'full': 'https://dl5zpyw5k3jeb.cloudfront.net/photos/pets/17438763/2/?bust=1495285167'}]","['https://dl5zpyw5k3jeb.cloudfront.net/photos/pets/17438763/1/?bust=1495285167&width=300', 'https://dl5zpyw5k3jeb.cloudfront.net/photos/pets/17438763/2/?bust=1495285167&width=300']"
48558,46759503,https://www.petfinder.com/cat/ginger-poppy-purebred-ragamuffin-venturayorba-linda-46759503/ca/yorba-linda/cats-in-need-ca228/?referrer_id=3830981a-ad4c-4f85-872c-ca9edc50a67e,Cat,Adult,Female,Large,Long,Ragamuffin,"[{'small': 'https://dl5zpyw5k3jeb.cloudfront.net/photos/pets/46759503/1/?bust=1575520572&width=100', 'medium': 'https://dl5zpyw5k3jeb.cloudfront.net/photos/pets/46759503/1/?bust=1575520572&width=300', 'large': 'https://dl5zpyw5k3jeb.cloudfront.net/photos/pets/46759503/1/?bust=1575520572&width=600', 'full': 'https://dl5zpyw5k3jeb.cloudfront.net/photos/pets/46759503/1/?bust=1575520572'}]",['https://dl5zpyw5k3jeb.cloudfront.net/photos/pets/46759503/1/?bust=1575520572&width=300']
48559,46737255,https://www.petfinder.com/cat/harley-46737255/tx/fort-worth/saving-hope-animal-rescue-fund-tx2337/?referrer_id=3830981a-ad4c-4f85-872c-ca9edc50a67e,Cat,Adult,Female,Medium,,Ragamuffin,"[{'small': 'https://dl5zpyw5k3jeb.cloudfront.net/photos/pets/46737255/1/?bust=1575335519&width=100', 'medium': 'https://dl5zpyw5k3jeb.cloudfront.net/photos/pets/46737255/1/?bust=1575335519&width=300', 'large': 'https://dl5zpyw5k3jeb.cloudfront.net/photos/pets/46737255/1/?bust=1575335519&width=600', 'full': 'https://dl5zpyw5k3jeb.cloudfront.net/photos/pets/46737255/1/?bust=1575335519'}, {'small': 'https://dl5zpyw5k3jeb.cloudfront.net/photos/pets/46737255/2/?bust=1575335528&width=100', 'medium': 'https://dl5zpyw5k3jeb.cloudfront.net/photos/pets/46737255/2/?bust=1575335528&width=300', 'large': 'https://dl5zpyw5k3jeb.cloudfront.net/photos/pets/46737255/2/?bust=1575335528&width=600', 'full': 'https://dl5zpyw5k3jeb.cloudfront.net/photos/pets/46737255/2/?bust=1575335528'}]","['https://dl5zpyw5k3jeb.cloudfront.net/photos/pets/46737255/1/?bust=1575335519&width=300', 'https://dl5zpyw5k3jeb.cloudfront.net/photos/pets/46737255/2/?bust=1575335528&width=300']"
48560,46648859,https://www.petfinder.com/cat/dawn-46648859/me/trenton/spca-of-hancock-county-me79/?referrer_id=3830981a-ad4c-4f85-872c-ca9edc50a67e,Cat,Adult,Male,Large,Long,Ragamuffin,"[{'small': 'https://dl5zpyw5k3jeb.cloudfront.net/photos/pets/46648859/1/?bust=1574803333&width=100', 'medium': 'https://dl5zpyw5k3jeb.cloudfront.net/photos/pets/46648859/1/?bust=1574803333&width=300', 'large': 'https://dl5zpyw5k3jeb.cloudfront.net/photos/pets/46648859/1/?bust=1574803333&width=600', 'full': 'https://dl5zpyw5k3jeb.cloudfront.net/photos/pets/46648859/1/?bust=1574803333'}, {'small': 'https://dl5zpyw5k3jeb.cloudfront.net/photos/pets/46648859/2/?bust=1574803368&width=100', 'medium': 'https://dl5zpyw5k3jeb.cloudfront.net/photos/pets/46648859/2/?bust=1574803368&width=300', 'large': 'https://dl5zpyw5k3jeb.cloudfront.net/photos/pets/46648859/2/?bust=1574803368&width=600', 'full': 'https://dl5zpyw5k3jeb.cloudfront.net/photos/pets/46648859/2/?bust=1574803368'}, {'small': 'https://dl5zpyw5k3jeb.cloudfront.net/photos/pets/46648859/3/?bust=1574803437&width=100', 'medium': 'https://dl5zpyw5k3jeb.cloudfront.net/photos/pets/46648859/3/?bust=1574803437&width=300', 'large': 'https://dl5zpyw5k3jeb.cloudfront.net/photos/pets/46648859/3/?bust=1574803437&width=600', 'full': 'https://dl5zpyw5k3jeb.cloudfront.net/photos/pets/46648859/3/?bust=1574803437'}, {'small': 'https://dl5zpyw5k3jeb.cloudfront.net/photos/pets/46648859/4/?bust=1574803713&width=100', 'medium': 'https://dl5zpyw5k3jeb.cloudfront.net/photos/pets/46648859/4/?bust=1574803713&width=300', 'large': 'https://dl5zpyw5k3jeb.cloudfront.net/photos/pets/46648859/4/?bust=1574803713&width=600', 'full': 'https://dl5zpyw5k3jeb.cloudfront.net/photos/pets/46648859/4/?bust=1574803713'}, {'small': 'https://dl5zpyw5k3jeb.cloudfront.net/photos/pets/46648859/5/?bust=1574803813&width=100', 'medium': 'https://dl5zpyw5k3jeb.cloudfront.net/photos/pets/46648859/5/?bust=1574803813&width=300', 'large': 'https://dl5zpyw5k3jeb.cloudfront.net/photos/pets/46648859/5/?bust=1574803813&width=600', 'full': 'https://dl5zpyw5k3jeb.cloudfront.net/photos/pets/46648859/5/?bust=1574803813'}]","['https://dl5zpyw5k3jeb.cloudfront.net/photos/pets/46648859/1/?bust=1574803333&width=300', 'https://dl5zpyw5k3jeb.cloudfront.net/photos/pets/46648859/2/?bust=1574803368&width=300', 'https://dl5zpyw5k3jeb.cloudfront.net/photos/pets/46648859/3/?bust=1574803437&width=300', 'https://dl5zpyw5k3jeb.cloudfront.net/photos/pets/46648859/4/?bust=1574803713&width=300', 'https://dl5zpyw5k3jeb.cloudfront.net/photos/pets/46648859/5/?bust=1574803813&width=300']"
48561,46604194,https://www.petfinder.com/cat/neko-46604194/ar/alma/river-valley-cats-ar369/?referrer_id=3830981a-ad4c-4f85-872c-ca9edc50a67e,Cat,Senior,Male,Large,Long,Ragamuffin,"[{'small': 'https://dl5zpyw5k3jeb.cloudfront.net/photos/pets/46604194/1/?bust=1574013779&width=100', 'medium': 'https://dl5zpyw5k3jeb.cloudfront.net/photos/pets/46604194/1/?bust=1574013779&width=300', 'large': 'https://dl5zpyw5k3jeb.cloudfront.net/photos/pets/46604194/1/?bust=1574013779&width=600', 'full': 'https://dl5zpyw5k3jeb.cloudfront.net/photos/pets/46604194/1/?bust=1574013779'}]",['https://dl5zpyw5k3jeb.cloudfront.net/photos/pets/46604194/1/?bust=1574013779&width=300']
48562,46407734,https://www.petfinder.com/cat/sarah-46407734/ga/atlanta/fancy-feline-rescue-of-the-south-inc-ga390/?referrer_id=3830981a-ad4c-4f85-872c-ca9edc50a67e,Cat,Senior,Female,Large,,Ragamuffin,"[{'small': 'https://dl5zpyw5k3jeb.cloudfront.net/photos/pets/46407734/1/?bust=1574388973&width=100', 'medium': 'https://dl5zpyw5k3jeb.cloudfront.net/photos/pets/46407734/1/?bust=1574388973&width=300', 'large': 'https://dl5zpyw5k3jeb.cloudfront.net/photos/pets/46407734/1/?bust=1574388973&width=600', 'full': 'https://dl5zpyw5k3jeb.cloudfront.net/photos/pets/46407734/1/?bust=1574388973'}, {'small': 'https://dl5zpyw5k3jeb.cloudfront.net/photos/pets/46407734/2/?bust=1574388976&width=100', 'medium': 'https://dl5zpyw5k3jeb.cloudfront.net/photos/pets/46407734/2/?bust=1574388976&width=300', 'large': 'https://dl5zpyw5k3jeb.cloudfront.net/photos/pets/46407734/2/?bust=1574388976&width=600', 'full': 'https://dl5zpyw5k3jeb.cloudfront.net/photos/pets/46407734/2/?bust=1574388976'}]","['https://dl5zpyw5k3jeb.cloudfront.net/photos/pets/46407734/1/?bust=1574388973&width=300', 'https://dl5zpyw5k3jeb.cloudfront.net/photos/pets/46407734/2/?bust=1574388976&width=300']"
48563,46207587,https://www.petfinder.com/cat/violet-is-a-stunning-mini-diva-wowow-46207587/ny/south-salem/rock-n-rescue-ny1169/?referrer_id=3830981a-ad4c-4f85-872c-ca9edc50a67e,Cat,Baby,Female,Large,Medium,Ragamuffin,"[{'small': 'https://dl5zpyw5k3jeb.cloudfront.net/photos/pets/46207587/1/?bust=1570499750&width=100', 'medium': 'https://dl5zpyw5k3jeb.cloudfront.net/photos/pets/46207587/1/?bust=1570499750&width=300', 'large': 'https://dl5zpyw5k3jeb.cloudfront.net/photos/pets/46207587/1/?bust=1570499750&width=600', 'full': 'https://dl5zpyw5k3jeb.cloudfront.net/photos/pets/46207587/1/?bust=1570499750'}, {'small': 'https://dl5zpyw5k3jeb.cloudfront.net/photos/pets/46207587/2/?bust=1570499756&width=100', 'medium': 'https://dl5zpyw5k3jeb.cloudfront.net/photos/pets/46207587/2/?bust=1570499756&width=300', 'large': 'https://dl5zpyw5k3jeb.cloudfront.net/photos/pets/46207587/2/?bust=1570499756&width=600', 'full': 'https://dl5zpyw5k3jeb.cloudfront.net/photos/pets/46207587/2/?bust=1570499756'}, {'small': 'https://dl5zpyw5k3jeb.cloudfront.net/photos/pets/46207587/3/?bust=1570499764&width=100', 'medium': 'https://dl5zpyw5k3jeb.cloudfront.net/photos/pets/46207587/3/?bust=1570499764&width=300', 'large': 'https://dl5zpyw5k3jeb.cloudfront.net/photos/pets/46207587/3/?bust=1570499764&width=600', 'full': 'https://dl5zpyw5k3jeb.cloudfront.net/photos/pets/46207587/3/?bust=1570499764'}, {'small': 'https://dl5zpyw5k3jeb.cloudfront.net/photos/pets/46207587/4/?bust=1570499771&width=100', 'medium': 'https://dl5zpyw5k3jeb.cloudfront.net/photos/pets/46207587/4/?bust=1570499771&width=300', 'large': 'https://dl5zpyw5k3jeb.cloudfront.net/photos/pets/46207587/4/?bust=1570499771&width=600', 'full': 'https://dl5zpyw5k3jeb.cloudfront.net/photos/pets/46207587/4/?bust=1570499771'}]","['https://dl5zpyw5k3jeb.cloudfront.net/photos/pets/46207587/1/?bust=1570499750&width=300', 'https://dl5zpyw5k3jeb.cloudfront.net/photos/pets/46207587/2/?bust=1570499756&width=300', 'https://dl5zpyw5k3jeb.cloudfront.net/photos/pets/46207587/3/?bust=1570499764&width=300', 'https://dl5zpyw5k3jeb.cloudfront.net/photos/pets/46207587/4/?bust=1570499771&width=300']"
48564,46053885,https://www.petfinder.com/cat/bear-46053885/wa/redmond/seattle-persian-and-himalayan-rescue-wa400/?referrer_id=3830981a-ad4c-4f85-872c-ca9edc50a67e,Cat,Adult,Male,Large,Long,Ragamuffin,"[{'small': 'https://dl5zpyw5k3jeb.cloudfront.net/photos/pets/46053885/1/?bust=1569090814&width=100', 'medium': 'https://dl5zpyw5k3jeb.cloudfront.net/photos/pets/46053885/1/?bust=1569090814&width=300', 'large': 'https://dl5zpyw5k3jeb.cloudfront.net/photos/pets/46053885/1/?bust=1569090814&width=600', 'full': 'https://dl5zpyw5k3jeb.cloudfront.net/photos/pets/46053885/1/?bust=1569090814'}, {'small': 'https://dl5zpyw5k3jeb.cloudfront.net/photos/pets/46053885/2/?bust=1569090827&width=100', 'medium': 'https://dl5zpyw5k3jeb.cloudfront.net/photos/pets/46053885/2/?bust=1569090827&width=300', 'large': 'https://dl5zpyw5k3jeb.cloudfront.net/photos/pets/46053885/2/?bust=1569090827&width=600', 'full': 'https://dl5zpyw5k3jeb.cloudfront.net/photos/pets/46053885/2/?bust=1569090827'}, {'small': 'https://dl5zpyw5k3jeb.cloudfront.net/photos/pets/46053885/3/?bust=1569090842&width=100', 'medium': 'https://dl5zpyw5k3jeb.cloudfront.net/photos/pets/46053885/3/?bust=1569090842&width=300', 'large': 'https://dl5zpyw5k3jeb.cloudfront.net/photos/pets/46053885/3/?bust=1569090842&width=600', 'full': 'https://dl5zpyw5k3jeb.cloudfront.net/photos/pets/46053885/3/?bust=1569090842'}, {'small': 'https://dl5zpyw5k3jeb.cloudfront.net/photos/pets/46053885/4/?bust=1569090857&width=100', 'medium': 'https://dl5zpyw5k3jeb.cloudfront.net/photos/pets/46053885/4/?bust=1569090857&width=300', 'large': 'https://dl5zpyw5k3jeb.cloudfront.net/photos/pets/46053885/4/?bust=1569090857&width=600', 'full': 'https://dl5zpyw5k3jeb.cloudfront.net/photos/pets/46053885/4/?bust=1569090857'}]","['https://dl5zpyw5k3jeb.cloudfront.net/photos/pets/46053885/1/?bust=1569090814&width=300', 'https://dl5zpyw5k3jeb.cloudfront.net/photos/pets/46053885/2/?bust=1569090827&width=300', 'https://dl5zpyw5k3jeb.cloudfront.net/photos/pets/46053885/3/?bust=1569090842&width=300', 'https://dl5zpyw5k3jeb.cloudfront.net/photos/pets/46053885/4/?bust=1569090857&width=300']"
48565,45839186,https://www.petfinder.com/cat/pearl-45839186/tn/nashville/puurrrfect-paws-rescue-tn874/?referrer_id=3830981a-ad4c-4f85-872c-ca9edc50a67e,Cat,Young,Female,Medium,Long,Ragamuffin,"[{'small': 'https://dl5zpyw5k3jeb.cloudfront.net/photos/pets/45839186/3/?bust=1567425396&width=100', 'medium': 'https://dl5zpyw5k3jeb.cloudfront.net/photos/pets/45839186/3/?bust=1567425396&width=300', 'large': 'https://dl5zpyw5k3jeb.cloudfront.net/photos/pets/45839186/3/?bust=1567425396&width=600', 'full': 'https://dl5zpyw5k3jeb.cloudfront.net/photos/pets/45839186/3/?bust=1567425396'}, {'small': 'https://dl5zpyw5k3jeb.cloudfront.net/photos/pets/45839186/1/?bust=1567425390&width=100', 'medium': 'https://dl5zpyw5k3jeb.cloudfront.net/photos/pets/45839186/1/?bust=1567425390&width=300', 'large': 'https://dl5zpyw5k3jeb.cloudfront.net/photos/pets/45839186/1/?bust=1567425390&width=600', 'full': 'https://dl5zpyw5k3jeb.cloudfront.net/photos/pets/45839186/1/?bust=1567425390'}, {'small': 'https://dl5zpyw5k3jeb.cloudfront.net/photos/pets/45839186/2/?bust=1567425394&width=100', 'medium': 'https://dl5zpyw5k3jeb.cloudfront.net/photos/pets/45839186/2/?bust=1567425394&width=300', 'large': 'https://dl5zpyw5k3jeb.cloudfront.net/photos/pets/45839186/2/?bust=1567425394&width=600', 'full': 'https://dl5zpyw5k3jeb.cloudfront.net/photos/pets/45839186/2/?bust=1567425394'}, {'small': 'https://dl5zpyw5k3jeb.cloudfront.net/photos/pets/45839186/4/?bust=1567425398&width=100', 'medium': 'https://dl5zpyw5k3jeb.cloudfront.net/photos/pets/45839186/4/?bust=1567425398&width=300', 'large': 'https://dl5zpyw5k3jeb.cloudfront.net/photos/pets/45839186/4/?bust=1567425398&width=600', 'full': 'https://dl5zpyw5k3jeb.cloudfront.net/photos/pets/45839186/4/?bust=1567425398'}]","['https://dl5zpyw5k3jeb.cloudfront.net/photos/pets/45839186/3/?bust=1567425396&width=300', 'https://dl5zpyw5k3jeb.cloudfront.net/photos/pets/45839186/1/?bust=1567425390&width=300', 'https://dl5zpyw5k3jeb.cloudfront.net/photos/pets/45839186/2/?bust=1567425394&width=300', 'https://dl5zpyw5k3jeb.cloudfront.net/photos/pets/45839186/4/?bust=1567425398&width=300']"
48566,45050396,https://www.petfinder.com/cat/dougal-45050396/co/loveland/duncans-place-a-cat-sanctuary-co279/?referrer_id=3830981a-ad4c-4f85-872c-ca9edc50a67e,Cat,Baby,Male,Large,Long,Ragamuffin,"[{'small': 'https://dl5zpyw5k3jeb.cloudfront.net/photos/pets/45050396/1/?bust=1561181595&width=100', 'medium': 'https://dl5zpyw5k3jeb.cloudfront.net/photos/pets/45050396/1/?bust=1561181595&width=300', 'large': 'https://dl5zpyw5k3jeb.cloudfront.net/photos/pets/45050396/1/?bust=1561181595&width=600', 'full': 'https://dl5zpyw5k3jeb.cloudfront.net/photos/pets/45050396/1/?bust=1561181595'}, {'small': 'https://dl5zpyw5k3jeb.cloudfront.net/photos/pets/45050396/2/?bust=1561181619&width=100', 'medium': 'https://dl5zpyw5k3jeb.cloudfront.net/photos/pets/45050396/2/?bust=1561181619&width=300', 'large': 'https://dl5zpyw5k3jeb.cloudfront.net/photos/pets/45050396/2/?bust=1561181619&width=600', 'full': 'https://dl5zpyw5k3jeb.cloudfront.net/photos/pets/45050396/2/?bust=1561181619'}]","['https://dl5zpyw5k3jeb.cloudfront.net/photos/pets/45050396/1/?bust=1561181595&width=300', 'https://dl5zpyw5k3jeb.cloudfront.net/photos/pets/45050396/2/?bust=1561181619&width=300']"
48567,43326227,https://www.petfinder.com/cat/panda-43326227/nv/las-vegas/you-gotta-love-them-inc-nv203/?referrer_id=3830981a-ad4c-4f85-872c-ca9edc50a67e,Cat,Adult,Male,Extra Large,Long,Ragamuffin,"[{'small': 'https://dl5zpyw5k3jeb.cloudfront.net/photos/pets/43326227/2/?bust=1543349656&width=100', 'medium': 'https://dl5zpyw5k3jeb.cloudfront.net/photos/pets/43326227/2/?bust=1543349656&width=300', 'large': 'https://dl5zpyw5k3jeb.cloudfront.net/photos/pets/43326227/2/?bust=1543349656&width=600', 'full': 'https://dl5zpyw5k3jeb.cloudfront.net/photos/pets/43326227/2/?bust=1543349656'}, {'small': 'https://dl5zpyw5k3jeb.cloudfront.net/photos/pets/43326227/1/?bust=1542508289&width=100', 'medium': 'https://dl5zpyw5k3jeb.cloudfront.net/photos/pets/43326227/1/?bust=1542508289&width=300', 'large': 'https://dl5zpyw5k3jeb.cloudfront.net/photos/pets/43326227/1/?bust=1542508289&width=600', 'full': 'https://dl5zpyw5k3jeb.cloudfront.net/photos/pets/43326227/1/?bust=1542508289'}, {'small': 'https://dl5zpyw5k3jeb.cloudfront.net/photos/pets/43326227/3/?bust=1542508416&width=100', 'medium': 'https://dl5zpyw5k3jeb.cloudfront.net/photos/pets/43326227/3/?bust=1542508416&width=300', 'large': 'https://dl5zpyw5k3jeb.cloudfront.net/photos/pets/43326227/3/?bust=1542508416&width=600', 'full': 'https://dl5zpyw5k3jeb.cloudfront.net/photos/pets/43326227/3/?bust=1542508416'}, {'small': 'https://dl5zpyw5k3jeb.cloudfront.net/photos/pets/43326227/5/?bust=1542508422&width=100', 'medium': 'https://dl5zpyw5k3jeb.cloudfront.net/photos/pets/43326227/5/?bust=1542508422&width=300', 'large': 'https://dl5zpyw5k3jeb.cloudfront.net/photos/pets/43326227/5/?bust=1542508422&width=600', 'full': 'https://dl5zpyw5k3jeb.cloudfront.net/photos/pets/43326227/5/?bust=1542508422'}, {'small': 'https://dl5zpyw5k3jeb.cloudfront.net/photos/pets/43326227/4/?bust=1542661556&width=100', 'medium': 'https://dl5zpyw5k3jeb.cloudfront.net/photos/pets/43326227/4/?bust=1542661556&width=300', 'large': 'https://dl5zpyw5k3jeb.cloudfront.net/photos/pets/43326227/4/?bust=1542661556&width=600', 'full': 'https://dl5zpyw5k3jeb.cloudfront.net/photos/pets/43326227/4/?bust=1542661556'}, {'small': 'https://dl5zpyw5k3jeb.cloudfront.net/photos/pets/43326227/6/?bust=1543349656&width=100', 'medium': 'https://dl5zpyw5k3jeb.cloudfront.net/photos/pets/43326227/6/?bust=1543349656&width=300', 'large': 'https://dl5zpyw5k3jeb.cloudfront.net/photos/pets/43326227/6/?bust=1543349656&width=600', 'full': 'https://dl5zpyw5k3jeb.cloudfront.net/photos/pets/43326227/6/?bust=1543349656'}]","['https://dl5zpyw5k3jeb.cloudfront.net/photos/pets/43326227/2/?bust=1543349656&width=300', 'https://dl5zpyw5k3jeb.cloudfront.net/photos/pets/43326227/1/?bust=1542508289&width=300', 'https://dl5zpyw5k3jeb.cloudfront.net/photos/pets/43326227/3/?bust=1542508416&width=300', 'https://dl5zpyw5k3jeb.cloudfront.net/photos/pets/43326227/5/?bust=1542508422&width=300', 'https://dl5zpyw5k3jeb.cloudfront.net/photos/pets/43326227/4/?bust=1542661556&width=300', 'https://dl5zpyw5k3jeb.cloudfront.net/photos/pets/43326227/6/?bust=1543349656&width=300']"
48568,42716012,https://www.petfinder.com/cat/hershey-adopted-42716012/ca/davis/purebreds-plus-cat-rescue-ca652/?referrer_id=3830981a-ad4c-4f85-872c-ca9edc50a67e,Cat,Young,Female,Medium,Long,Ragamuffin,"[{'small': 'https://dl5zpyw5k3jeb.cloudfront.net/photos/pets/42716012/2/?bust=1537075009&width=100', 'medium': 'https://dl5zpyw5k3jeb.cloudfront.net/photos/pets/42716012/2/?bust=1537075009&width=300', 'large': 'https://dl5zpyw5k3jeb.cloudfront.net/photos/pets/42716012/2/?bust=1537075009&width=600', 'full': 'https://dl5zpyw5k3jeb.cloudfront.net/photos/pets/42716012/2/?bust=1537075009'}, {'small': 'https://dl5zpyw5k3jeb.cloudfront.net/photos/pets/42716012/1/?bust=1537075008&width=100', 'medium': 'https://dl5zpyw5k3jeb.cloudfront.net/photos/pets/42716012/1/?bust=1537075008&width=300', 'large': 'https://dl5zpyw5k3jeb.cloudfront.net/photos/pets/42716012/1/?bust=1537075008&width=600', 'full': 'https://dl5zpyw5k3jeb.cloudfront.net/photos/pets/42716012/1/?bust=1537075008'}, {'small': 'https://dl5zpyw5k3jeb.cloudfront.net/photos/pets/42716012/3/?bust=1537075009&width=100', 'medium': 'https://dl5zpyw5k3jeb.cloudfront.net/photos/pets/42716012/3/?bust=1537075009&width=300', 'large': 'https://dl5zpyw5k3jeb.cloudfront.net/photos/pets/42716012/3/?bust=1537075009&width=600', 'full': 'https://dl5zpyw5k3jeb.cloudfront.net/photos/pets/42716012/3/?bust=1537075009'}]","['https://dl5zpyw5k3jeb.cloudfront.net/photos/pets/42716012/2/?bust=1537075009&width=300', 'https://dl5zpyw5k3jeb.cloudfront.net/photos/pets/42716012/1/?bust=1537075008&width=300', 'https://dl5zpyw5k3jeb.cloudfront.net/photos/pets/42716012/3/?bust=1537075009&width=300']"
48569,42400617,https://www.petfinder.com/cat/emmy-42400617/oh/columbus/buckeye-pet-partners-oh1210/?referrer_id=3830981a-ad4c-4f85-872c-ca9edc50a67e,Cat,Adult,Female,Medium,Long,Ragamuffin,"[{'small': 'https://dl5zpyw5k3jeb.cloudfront.net/photos/pets/42400617/3/?bust=1539042197&width=100', 'medium': 'https://dl5zpyw5k3jeb.cloudfront.net/photos/pets/42400617/3/?bust=1539042197&width=300', 'large': 'https://dl5zpyw5k3jeb.cloudfront.net/photos/pets/42400617/3/?bust=1539042197&width=600', 'full': 'https://dl5zpyw5k3jeb.cloudfront.net/photos/pets/42400617/3/?bust=1539042197'}, {'small': 'https://dl5zpyw5k3jeb.cloudfront.net/photos/pets/42400617/1/?bust=1534084505&width=100', 'medium': 'https://dl5zpyw5k3jeb.cloudfront.net/photos/pets/42400617/1/?bust=1534084505&width=300', 'large': 'https://dl5zpyw5k3jeb.cloudfront.net/photos/pets/42400617/1/?bust=1534084505&width=600', 'full': 'https://dl5zpyw5k3jeb.cloudfront.net/photos/pets/42400617/1/?bust=1534084505'}, {'small': 'https://dl5zpyw5k3jeb.cloudfront.net/photos/pets/42400617/2/?bust=1534084505&width=100', 'medium': 'https://dl5zpyw5k3jeb.cloudfront.net/photos/pets/42400617/2/?bust=1534084505&width=300', 'large': 'https://dl5zpyw5k3jeb.cloudfront.net/photos/pets/42400617/2/?bust=1534084505&width=600', 'full': 'https://dl5zpyw5k3jeb.cloudfront.net/photos/pets/42400617/2/?bust=1534084505'}]","['https://dl5zpyw5k3jeb.cloudfront.net/photos/pets/42400617/3/?bust=1539042197&width=300', 'https://dl5zpyw5k3jeb.cloudfront.net/photos/pets/42400617/1/?bust=1534084505&width=300', 'https://dl5zpyw5k3jeb.cloudfront.net/photos/pets/42400617/2/?bust=1534084505&width=300']"
48570,42235097,https://www.petfinder.com/cat/hershey-adopted-42235097/ca/davis/purebreds-plus-cat-rescue-ca652/?referrer_id=3830981a-ad4c-4f85-872c-ca9edc50a67e,Cat,Young,Female,Medium,Medium,Ragamuffin,"[{'small': 'https://dl5zpyw5k3jeb.cloudfront.net/photos/pets/42235097/2/?bust=1532063901&width=100', 'medium': 'https://dl5zpyw5k3jeb.cloudfront.net/photos/pets/42235097/2/?bust=1532063901&width=300', 'large': 'https://dl5zpyw5k3jeb.cloudfront.net/photos/pets/42235097/2/?bust=1532063901&width=600', 'full': 'https://dl5zpyw5k3jeb.cloudfront.net/photos/pets/42235097/2/?bust=1532063901'}, {'small': 'https://dl5zpyw5k3jeb.cloudfront.net/photos/pets/42235097/3/?bust=1532063910&width=100', 'medium': 'https://dl5zpyw5k3jeb.cloudfront.net/photos/pets/42235097/3/?bust=1532063910&width=300', 'large': 'https://dl5zpyw5k3jeb.cloudfront.net/photos/pets/42235097/3/?bust=1532063910&width=600', 'full': 'https://dl5zpyw5k3jeb.cloudfront.net/photos/pets/42235097/3/?bust=1532063910'}, {'small': 'https://dl5zpyw5k3jeb.cloudfront.net/photos/pets/42235097/1/?bust=1532063922&width=100', 'medium': 'https://dl5zpyw5k3jeb.cloudfront.net/photos/pets/42235097/1/?bust=1532063922&width=300', 'large': 'https://dl5zpyw5k3jeb.cloudfront.net/photos/pets/42235097/1/?bust=1532063922&width=600', 'full': 'https://dl5zpyw5k3jeb.cloudfront.net/photos/pets/42235097/1/?bust=1532063922'}]","['https://dl5zpyw5k3jeb.cloudfront.net/photos/pets/42235097/2/?bust=1532063901&width=300', 'https://dl5zpyw5k3jeb.cloudfront.net/photos/pets/42235097/3/?bust=1532063910&width=300', 'https://dl5zpyw5k3jeb.cloudfront.net/photos/pets/42235097/1/?bust=1532063922&width=300']"
48571,42081345,https://www.petfinder.com/cat/dennis-42081345/ca/anaheim/a-pawsitive-approach-ca1876/?referrer_id=3830981a-ad4c-4f85-872c-ca9edc50a67e,Cat,Senior,Male,Large,Long,Ragamuffin,"[{'small': 'https://dl5zpyw5k3jeb.cloudfront.net/photos/pets/42081345/4/?bust=1530979702&width=100', 'medium': 'https://dl5zpyw5k3jeb.cloudfront.net/photos/pets/42081345/4/?bust=1530979702&width=300', 'large': 'https://dl5zpyw5k3jeb.cloudfront.net/photos/pets/42081345/4/?bust=1530979702&width=600', 'full': 'https://dl5zpyw5k3jeb.cloudfront.net/photos/pets/42081345/4/?bust=1530979702'}, {'small': 'https://dl5zpyw5k3jeb.cloudfront.net/photos/pets/42081345/1/?bust=1530651597&width=100', 'medium': 'https://dl5zpyw5k3jeb.cloudfront.net/photos/pets/42081345/1/?bust=1530651597&width=300', 'large': 'https://dl5zpyw5k3jeb.cloudfront.net/photos/pets/42081345/1/?bust=1530651597&width=600', 'full': 'https://dl5zpyw5k3jeb.cloudfront.net/photos/pets/42081345/1/?bust=1530651597'}, {'small': 'https://dl5zpyw5k3jeb.cloudfront.net/photos/pets/42081345/2/?bust=1530651603&width=100', 'medium': 'https://dl5zpyw5k3jeb.cloudfront.net/photos/pets/42081345/2/?bust=1530651603&width=300', 'large': 'https://dl5zpyw5k3jeb.cloudfront.net/photos/pets/42081345/2/?bust=1530651603&width=600', 'full': 'https://dl5zpyw5k3jeb.cloudfront.net/photos/pets/42081345/2/?bust=1530651603'}, {'small': 'https://dl5zpyw5k3jeb.cloudfront.net/photos/pets/42081345/3/?bust=1530979701&width=100', 'medium': 'https://dl5zpyw5k3jeb.cloudfront.net/photos/pets/42081345/3/?bust=1530979701&width=300', 'large': 'https://dl5zpyw5k3jeb.cloudfront.net/photos/pets/42081345/3/?bust=1530979701&width=600', 'full': 'https://dl5zpyw5k3jeb.cloudfront.net/photos/pets/42081345/3/?bust=1530979701'}, {'small': 'https://dl5zpyw5k3jeb.cloudfront.net/photos/pets/42081345/5/?bust=1530979702&width=100', 'medium': 'https://dl5zpyw5k3jeb.cloudfront.net/photos/pets/42081345/5/?bust=1530979702&width=300', 'large': 'https://dl5zpyw5k3jeb.cloudfront.net/photos/pets/42081345/5/?bust=1530979702&width=600', 'full': 'https://dl5zpyw5k3jeb.cloudfront.net/photos/pets/42081345/5/?bust=1530979702'}, {'small': 'https://dl5zpyw5k3jeb.cloudfront.net/photos/pets/42081345/6/?bust=1530979703&width=100', 'medium': 'https://dl5zpyw5k3jeb.cloudfront.net/photos/pets/42081345/6/?bust=1530979703&width=300', 'large': 'https://dl5zpyw5k3jeb.cloudfront.net/photos/pets/42081345/6/?bust=1530979703&width=600', 'full': 'https://dl5zpyw5k3jeb.cloudfront.net/photos/pets/42081345/6/?bust=1530979703'}]","['https://dl5zpyw5k3jeb.cloudfront.net/photos/pets/42081345/4/?bust=1530979702&width=300', 'https://dl5zpyw5k3jeb.cloudfront.net/photos/pets/42081345/1/?bust=1530651597&width=300', 'https://dl5zpyw5k3jeb.cloudfront.net/photos/pets/42081345/2/?bust=1530651603&width=300', 'https://dl5zpyw5k3jeb.cloudfront.net/photos/pets/42081345/3/?bust=1530979701&width=300', 'https://dl5zpyw5k3jeb.cloudfront.net/photos/pets/42081345/5/?bust=1530979702&width=300', 'https://dl5zpyw5k3jeb.cloudfront.net/photos/pets/42081345/6/?bust=1530979703&width=300']"
48572,42061534,https://www.petfinder.com/cat/tommy-42061534/nj/cliffside-park/bergen-county-protect-and-rescue-foundation-nj739/?referrer_id=3830981a-ad4c-4f85-872c-ca9edc50a67e,Cat,Young,Male,Large,Long,Ragamuffin,"[{'small': 'https://dl5zpyw5k3jeb.cloudfront.net/photos/pets/42061534/4/?bust=1530475009&width=100', 'medium': 'https://dl5zpyw5k3jeb.cloudfront.net/photos/pets/42061534/4/?bust=1530475009&width=300', 'large': 'https://dl5zpyw5k3jeb.cloudfront.net/photos/pets/42061534/4/?bust=1530475009&width=600', 'full': 'https://dl5zpyw5k3jeb.cloudfront.net/photos/pets/42061534/4/?bust=1530475009'}, {'small': 'https://dl5zpyw5k3jeb.cloudfront.net/photos/pets/42061534/1/?bust=1530474913&width=100', 'medium': 'https://dl5zpyw5k3jeb.cloudfront.net/photos/pets/42061534/1/?bust=1530474913&width=300', 'large': 'https://dl5zpyw5k3jeb.cloudfront.net/photos/pets/42061534/1/?bust=1530474913&width=600', 'full': 'https://dl5zpyw5k3jeb.cloudfront.net/photos/pets/42061534/1/?bust=1530474913'}]","['https://dl5zpyw5k3jeb.cloudfront.net/photos/pets/42061534/4/?bust=1530475009&width=300', 'https://dl5zpyw5k3jeb.cloudfront.net/photos/pets/42061534/1/?bust=1530474913&width=300']"
48573,41977222,https://www.petfinder.com/cat/marshmallow-41977222/ga/stockbridge/little-orphan-animals-admin-or48/?referrer_id=3830981a-ad4c-4f85-872c-ca9edc50a67e,Cat,Adult,Male,Large,Long,Ragamuffin,"[{'small': 'https://dl5zpyw5k3jeb.cloudfront.net/photos/pets/41977222/4/?bust=1529678749&width=100', 'medium': 'https://dl5zpyw5k3jeb.cloudfront.net/photos/pets/41977222/4/?bust=1529678749&width=300', 'large': 'https://dl5zpyw5k3jeb.cloudfront.net/photos/pets/41977222/4/?bust=1529678749&width=600', 'full': 'https://dl5zpyw5k3jeb.cloudfront.net/photos/pets/41977222/4/?bust=1529678749'}, {'small': 'https://dl5zpyw5k3jeb.cloudfront.net/photos/pets/41977222/1/?bust=1529678739&width=100', 'medium': 'https://dl5zpyw5k3jeb.cloudfront.net/photos/pets/41977222/1/?bust=1529678739&width=300', 'large': 'https://dl5zpyw5k3jeb.cloudfront.net/photos/pets/41977222/1/?bust=1529678739&width=600', 'full': 'https://dl5zpyw5k3jeb.cloudfront.net/photos/pets/41977222/1/?bust=1529678739'}, {'small': 'https://dl5zpyw5k3jeb.cloudfront.net/photos/pets/41977222/2/?bust=1529678743&width=100', 'medium': 'https://dl5zpyw5k3jeb.cloudfront.net/photos/pets/41977222/2/?bust=1529678743&width=300', 'large': 'https://dl5zpyw5k3jeb.cloudfront.net/photos/pets/41977222/2/?bust=1529678743&width=600', 'full': 'https://dl5zpyw5k3jeb.cloudfront.net/photos/pets/41977222/2/?bust=1529678743'}, {'small': 'https://dl5zpyw5k3jeb.cloudfront.net/photos/pets/41977222/3/?bust=1529678746&width=100', 'medium': 'https://dl5zpyw5k3jeb.cloudfront.net/photos/pets/41977222/3/?bust=1529678746&width=300', 'large': 'https://dl5zpyw5k3jeb.cloudfront.net/photos/pets/41977222/3/?bust=1529678746&width=600', 'full': 'https://dl5zpyw5k3jeb.cloudfront.net/photos/pets/41977222/3/?bust=1529678746'}, {'small': 'https://dl5zpyw5k3jeb.cloudfront.net/photos/pets/41977222/5/?bust=1529679353&width=100', 'medium': 'https://dl5zpyw5k3jeb.cloudfront.net/photos/pets/41977222/5/?bust=1529679353&width=300', 'large': 'https://dl5zpyw5k3jeb.cloudfront.net/photos/pets/41977222/5/?bust=1529679353&width=600', 'full': 'https://dl5zpyw5k3jeb.cloudfront.net/photos/pets/41977222/5/?bust=1529679353'}, {'small': 'https://dl5zpyw5k3jeb.cloudfront.net/photos/pets/41977222/6/?bust=1529679542&width=100', 'medium': 'https://dl5zpyw5k3jeb.cloudfront.net/photos/pets/41977222/6/?bust=1529679542&width=300', 'large': 'https://dl5zpyw5k3jeb.cloudfront.net/photos/pets/41977222/6/?bust=1529679542&width=600', 'full': 'https://dl5zpyw5k3jeb.cloudfront.net/photos/pets/41977222/6/?bust=1529679542'}]","['https://dl5zpyw5k3jeb.cloudfront.net/photos/pets/41977222/4/?bust=1529678749&width=300', 'https://dl5zpyw5k3jeb.cloudfront.net/photos/pets/41977222/1/?bust=1529678739&width=300', 'https://dl5zpyw5k3jeb.cloudfront.net/photos/pets/41977222/2/?bust=1529678743&width=300', 'https://dl5zpyw5k3jeb.cloudfront.net/photos/pets/41977222/3/?bust=1529678746&width=300', 'https://dl5zpyw5k3jeb.cloudfront.net/photos/pets/41977222/5/?bust=1529679353&width=300', 'https://dl5zpyw5k3jeb.cloudfront.net/photos/pets/41977222/6/?bust=1529679542&width=300']"
48574,41648822,https://www.petfinder.com/cat/lila-41648822/tx/houston/smart-rescue-tx758/?referrer_id=3830981a-ad4c-4f85-872c-ca9edc50a67e,Cat,Baby,Female,Large,Long,Ragamuffin,"[{'small': 'https://dl5zpyw5k3jeb.cloudfront.net/photos/pets/41648822/4/?bust=1526508671&width=100', 'medium': 'https://dl5zpyw5k3jeb.cloudfront.net/photos/pets/41648822/4/?bust=1526508671&width=300', 'large': 'https://dl5zpyw5k3jeb.cloudfront.net/photos/pets/41648822/4/?bust=1526508671&width=600', 'full': 'https://dl5zpyw5k3jeb.cloudfront.net/photos/pets/41648822/4/?bust=1526508671'}, {'small': 'https://dl5zpyw5k3jeb.cloudfront.net/photos/pets/41648822/1/?bust=1526508603&width=100', 'medium': 'https://dl5zpyw5k3jeb.cloudfront.net/photos/pets/41648822/1/?bust=1526508603&width=300', 'large': 'https://dl5zpyw5k3jeb.cloudfront.net/photos/pets/41648822/1/?bust=1526508603&width=600', 'full': 'https://dl5zpyw5k3jeb.cloudfront.net/photos/pets/41648822/1/?bust=1526508603'}, {'small': 'https://dl5zpyw5k3jeb.cloudfront.net/photos/pets/41648822/2/?bust=1526508644&width=100', 'medium': 'https://dl5zpyw5k3jeb.cloudfront.net/photos/pets/41648822/2/?bust=1526508644&width=300', 'large': 'https://dl5zpyw5k3jeb.cloudfront.net/photos/pets/41648822/2/?bust=1526508644&width=600', 'full': 'https://dl5zpyw5k3jeb.cloudfront.net/photos/pets/41648822/2/?bust=1526508644'}, {'small': 'https://dl5zpyw5k3jeb.cloudfront.net/photos/pets/41648822/3/?bust=1526508651&width=100', 'medium': 'https://dl5zpyw5k3jeb.cloudfront.net/photos/pets/41648822/3/?bust=1526508651&width=300', 'large': 'https://dl5zpyw5k3jeb.cloudfront.net/photos/pets/41648822/3/?bust=1526508651&width=600', 'full': 'https://dl5zpyw5k3jeb.cloudfront.net/photos/pets/41648822/3/?bust=1526508651'}, {'small': 'https://dl5zpyw5k3jeb.cloudfront.net/photos/pets/41648822/5/?bust=1526508687&width=100', 'medium': 'https://dl5zpyw5k3jeb.cloudfront.net/photos/pets/41648822/5/?bust=1526508687&width=300', 'large': 'https://dl5zpyw5k3jeb.cloudfront.net/photos/pets/41648822/5/?bust=1526508687&width=600', 'full': 'https://dl5zpyw5k3jeb.cloudfront.net/photos/pets/41648822/5/?bust=1526508687'}]","['https://dl5zpyw5k3jeb.cloudfront.net/photos/pets/41648822/4/?bust=1526508671&width=300', 'https://dl5zpyw5k3jeb.cloudfront.net/photos/pets/41648822/1/?bust=1526508603&width=300', 'https://dl5zpyw5k3jeb.cloudfront.net/photos/pets/41648822/2/?bust=1526508644&width=300', 'https://dl5zpyw5k3jeb.cloudfront.net/photos/pets/41648822/3/?bust=1526508651&width=300', 'https://dl5zpyw5k3jeb.cloudfront.net/photos/pets/41648822/5/?bust=1526508687&width=300']"
48575,41362444,https://www.petfinder.com/cat/ava-41362444/wi/milwaukee/specialty-purebred-cat-rescue-wi127/?referrer_id=3830981a-ad4c-4f85-872c-ca9edc50a67e,Cat,Adult,Female,Large,Long,Ragamuffin,"[{'small': 'https://dl5zpyw5k3jeb.cloudfront.net/photos/pets/41362444/1/?bust=1523295422&width=100', 'medium': 'https://dl5zpyw5k3jeb.cloudfront.net/photos/pets/41362444/1/?bust=1523295422&width=300', 'large': 'https://dl5zpyw5k3jeb.cloudfront.net/photos/pets/41362444/1/?bust=1523295422&width=600', 'full': 'https://dl5zpyw5k3jeb.cloudfront.net/photos/pets/41362444/1/?bust=1523295422'}]",['https://dl5zpyw5k3jeb.cloudfront.net/photos/pets/41362444/1/?bust=1523295422&width=300']
48576,41263579,https://www.petfinder.com/cat/ashe-41263579/az/gilbert/ajs-best-friends-persian-and-himalayan-rescue-az88/?referrer_id=3830981a-ad4c-4f85-872c-ca9edc50a67e,Cat,Baby,Male,Large,Medium,Ragamuffin,"[{'small': 'https://dl5zpyw5k3jeb.cloudfront.net/photos/pets/41263579/1/?bust=1522099119&width=100', 'medium': 'https://dl5zpyw5k3jeb.cloudfront.net/photos/pets/41263579/1/?bust=1522099119&width=300', 'large': 'https://dl5zpyw5k3jeb.cloudfront.net/photos/pets/41263579/1/?bust=1522099119&width=600', 'full': 'https://dl5zpyw5k3jeb.cloudfront.net/photos/pets/41263579/1/?bust=1522099119'}]",['https://dl5zpyw5k3jeb.cloudfront.net/photos/pets/41263579/1/?bust=1522099119&width=300']
48577,41075361,https://www.petfinder.com/cat/luna-and-leelou-41075361/sc/greenville/kitsnkats-rescue-501-c3-sc256/?referrer_id=3830981a-ad4c-4f85-872c-ca9edc50a67e,Cat,Young,Female,Large,Medium,Ragamuffin,"[{'small': 'https://dl5zpyw5k3jeb.cloudfront.net/photos/pets/41075361/1/?bust=1519918839&width=100', 'medium': 'https://dl5zpyw5k3jeb.cloudfront.net/photos/pets/41075361/1/?bust=1519918839&width=300', 'large': 'https://dl5zpyw5k3jeb.cloudfront.net/photos/pets/41075361/1/?bust=1519918839&width=600', 'full': 'https://dl5zpyw5k3jeb.cloudfront.net/photos/pets/41075361/1/?bust=1519918839'}, {'small': 'https://dl5zpyw5k3jeb.cloudfront.net/photos/pets/41075361/2/?bust=1519942397&width=100', 'medium': 'https://dl5zpyw5k3jeb.cloudfront.net/photos/pets/41075361/2/?bust=1519942397&width=300', 'large': 'https://dl5zpyw5k3jeb.cloudfront.net/photos/pets/41075361/2/?bust=1519942397&width=600', 'full': 'https://dl5zpyw5k3jeb.cloudfront.net/photos/pets/41075361/2/?bust=1519942397'}]","['https://dl5zpyw5k3jeb.cloudfront.net/photos/pets/41075361/1/?bust=1519918839&width=300', 'https://dl5zpyw5k3jeb.cloudfront.net/photos/pets/41075361/2/?bust=1519942397&width=300']"
48578,41038661,https://www.petfinder.com/cat/kismet-sugar-41038661/az/phoenix/cactus-cats-rescue-inc-az258/?referrer_id=3830981a-ad4c-4f85-872c-ca9edc50a67e,Cat,Adult,Female,Large,Long,Ragamuffin,"[{'small': 'https://dl5zpyw5k3jeb.cloudfront.net/photos/pets/41038661/1/?bust=1519486215&width=100', 'medium': 'https://dl5zpyw5k3jeb.cloudfront.net/photos/pets/41038661/1/?bust=1519486215&width=300', 'large': 'https://dl5zpyw5k3jeb.cloudfront.net/photos/pets/41038661/1/?bust=1519486215&width=600', 'full': 'https://dl5zpyw5k3jeb.cloudfront.net/photos/pets/41038661/1/?bust=1519486215'}, {'small': 'https://dl5zpyw5k3jeb.cloudfront.net/photos/pets/41038661/2/?bust=1519486228&width=100', 'medium': 'https://dl5zpyw5k3jeb.cloudfront.net/photos/pets/41038661/2/?bust=1519486228&width=300', 'large': 'https://dl5zpyw5k3jeb.cloudfront.net/photos/pets/41038661/2/?bust=1519486228&width=600', 'full': 'https://dl5zpyw5k3jeb.cloudfront.net/photos/pets/41038661/2/?bust=1519486228'}, {'small': 'https://dl5zpyw5k3jeb.cloudfront.net/photos/pets/41038661/3/?bust=1519486239&width=100', 'medium': 'https://dl5zpyw5k3jeb.cloudfront.net/photos/pets/41038661/3/?bust=1519486239&width=300', 'large': 'https://dl5zpyw5k3jeb.cloudfront.net/photos/pets/41038661/3/?bust=1519486239&width=600', 'full': 'https://dl5zpyw5k3jeb.cloudfront.net/photos/pets/41038661/3/?bust=1519486239'}]","['https://dl5zpyw5k3jeb.cloudfront.net/photos/pets/41038661/1/?bust=1519486215&width=300', 'https://dl5zpyw5k3jeb.cloudfront.net/photos/pets/41038661/2/?bust=1519486228&width=300', 'https://dl5zpyw5k3jeb.cloudfront.net/photos/pets/41038661/3/?bust=1519486239&width=300']"
48579,38522699,https://www.petfinder.com/cat/summer-38522699/nv/las-vegas/you-gotta-love-them-inc-nv203/?referrer_id=3830981a-ad4c-4f85-872c-ca9edc50a67e,Cat,Young,Female,Large,Long,Ragamuffin,"[{'small': 'https://dl5zpyw5k3jeb.cloudfront.net/photos/pets/38522699/6/?bust=1500487776&width=100', 'medium': 'https://dl5zpyw5k3jeb.cloudfront.net/photos/pets/38522699/6/?bust=1500487776&width=300', 'large': 'https://dl5zpyw5k3jeb.cloudfront.net/photos/pets/38522699/6/?bust=1500487776&width=600', 'full': 'https://dl5zpyw5k3jeb.cloudfront.net/photos/pets/38522699/6/?bust=1500487776'}, {'small': 'https://dl5zpyw5k3jeb.cloudfront.net/photos/pets/38522699/1/?bust=1498003933&width=100', 'medium': 'https://dl5zpyw5k3jeb.cloudfront.net/photos/pets/38522699/1/?bust=1498003933&width=300', 'large': 'https://dl5zpyw5k3jeb.cloudfront.net/photos/pets/38522699/1/?bust=1498003933&width=600', 'full': 'https://dl5zpyw5k3jeb.cloudfront.net/photos/pets/38522699/1/?bust=1498003933'}, {'small': 'https://dl5zpyw5k3jeb.cloudfront.net/photos/pets/38522699/2/?bust=1498004099&width=100', 'medium': 'https://dl5zpyw5k3jeb.cloudfront.net/photos/pets/38522699/2/?bust=1498004099&width=300', 'large': 'https://dl5zpyw5k3jeb.cloudfront.net/photos/pets/38522699/2/?bust=1498004099&width=600', 'full': 'https://dl5zpyw5k3jeb.cloudfront.net/photos/pets/38522699/2/?bust=1498004099'}, {'small': 'https://dl5zpyw5k3jeb.cloudfront.net/photos/pets/38522699/3/?bust=1498004129&width=100', 'medium': 'https://dl5zpyw5k3jeb.cloudfront.net/photos/pets/38522699/3/?bust=1498004129&width=300', 'large': 'https://dl5zpyw5k3jeb.cloudfront.net/photos/pets/38522699/3/?bust=1498004129&width=600', 'full': 'https://dl5zpyw5k3jeb.cloudfront.net/photos/pets/38522699/3/?bust=1498004129'}, {'small': 'https://dl5zpyw5k3jeb.cloudfront.net/photos/pets/38522699/4/?bust=1498004265&width=100', 'medium': 'https://dl5zpyw5k3jeb.cloudfront.net/photos/pets/38522699/4/?bust=1498004265&width=300', 'large': 'https://dl5zpyw5k3jeb.cloudfront.net/photos/pets/38522699/4/?bust=1498004265&width=600', 'full': 'https://dl5zpyw5k3jeb.cloudfront.net/photos/pets/38522699/4/?bust=1498004265'}, {'small': 'https://dl5zpyw5k3jeb.cloudfront.net/photos/pets/38522699/5/?bust=1498004467&width=100', 'medium': 'https://dl5zpyw5k3jeb.cloudfront.net/photos/pets/38522699/5/?bust=1498004467&width=300', 'large': 'https://dl5zpyw5k3jeb.cloudfront.net/photos/pets/38522699/5/?bust=1498004467&width=600', 'full': 'https://dl5zpyw5k3jeb.cloudfront.net/photos/pets/38522699/5/?bust=1498004467'}]","['https://dl5zpyw5k3jeb.cloudfront.net/photos/pets/38522699/6/?bust=1500487776&width=300', 'https://dl5zpyw5k3jeb.cloudfront.net/photos/pets/38522699/1/?bust=1498003933&width=300', 'https://dl5zpyw5k3jeb.cloudfront.net/photos/pets/38522699/2/?bust=1498004099&width=300', 'https://dl5zpyw5k3jeb.cloudfront.net/photos/pets/38522699/3/?bust=1498004129&width=300', 'https://dl5zpyw5k3jeb.cloudfront.net/photos/pets/38522699/4/?bust=1498004265&width=300', 'https://dl5zpyw5k3jeb.cloudfront.net/photos/pets/38522699/5/?bust=1498004467&width=300']"
48580,38310052,https://www.petfinder.com/cat/mitzy-38310052/ca/joshua-tree/morongo-basin-humane-society-ca984/?referrer_id=3830981a-ad4c-4f85-872c-ca9edc50a67e,Cat,Adult,Female,Large,Long,Ragamuffin,"[{'small': 'https://dl5zpyw5k3jeb.cloudfront.net/photos/pets/38310052/1/?bust=1497459591&width=100', 'medium': 'https://dl5zpyw5k3jeb.cloudfront.net/photos/pets/38310052/1/?bust=1497459591&width=300', 'large': 'https://dl5zpyw5k3jeb.cloudfront.net/photos/pets/38310052/1/?bust=1497459591&width=600', 'full': 'https://dl5zpyw5k3jeb.cloudfront.net/photos/pets/38310052/1/?bust=1497459591'}]",['https://dl5zpyw5k3jeb.cloudfront.net/photos/pets/38310052/1/?bust=1497459591&width=300']
48581,38207128,https://www.petfinder.com/cat/jack-38207128/wa/bothell/feral-care-wa208/?referrer_id=3830981a-ad4c-4f85-872c-ca9edc50a67e,Cat,Adult,Male,Medium,Medium,Ragamuffin,"[{'small': 'https://dl5zpyw5k3jeb.cloudfront.net/photos/pets/38207128/1/?bust=1496279654&width=100', 'medium': 'https://dl5zpyw5k3jeb.cloudfront.net/photos/pets/38207128/1/?bust=1496279654&width=300', 'large': 'https://dl5zpyw5k3jeb.cloudfront.net/photos/pets/38207128/1/?bust=1496279654&width=600', 'full': 'https://dl5zpyw5k3jeb.cloudfront.net/photos/pets/38207128/1/?bust=1496279654'}, {'small': 'https://dl5zpyw5k3jeb.cloudfront.net/photos/pets/38207128/2/?bust=1496279654&width=100', 'medium': 'https://dl5zpyw5k3jeb.cloudfront.net/photos/pets/38207128/2/?bust=1496279654&width=300', 'large': 'https://dl5zpyw5k3jeb.cloudfront.net/photos/pets/38207128/2/?bust=1496279654&width=600', 'full': 'https://dl5zpyw5k3jeb.cloudfront.net/photos/pets/38207128/2/?bust=1496279654'}]","['https://dl5zpyw5k3jeb.cloudfront.net/photos/pets/38207128/1/?bust=1496279654&width=300', 'https://dl5zpyw5k3jeb.cloudfront.net/photos/pets/38207128/2/?bust=1496279654&width=300']"
48582,38069173,https://www.petfinder.com/cat/truffles-adopted-38069173/ca/davis/purebreds-plus-cat-rescue-ca652/?referrer_id=3830981a-ad4c-4f85-872c-ca9edc50a67e,Cat,Young,Female,Medium,,Ragamuffin,"[{'small': 'https://dl5zpyw5k3jeb.cloudfront.net/photos/pets/38069173/1/?bust=1494824381&width=100', 'medium': 'https://dl5zpyw5k3jeb.cloudfront.net/photos/pets/38069173/1/?bust=1494824381&width=300', 'large': 'https://dl5zpyw5k3jeb.cloudfront.net/photos/pets/38069173/1/?bust=1494824381&width=600', 'full': 'https://dl5zpyw5k3jeb.cloudfront.net/photos/pets/38069173/1/?bust=1494824381'}, {'small': 'https://dl5zpyw5k3jeb.cloudfront.net/photos/pets/38069173/2/?bust=1494824382&width=100', 'medium': 'https://dl5zpyw5k3jeb.cloudfront.net/photos/pets/38069173/2/?bust=1494824382&width=300', 'large': 'https://dl5zpyw5k3jeb.cloudfront.net/photos/pets/38069173/2/?bust=1494824382&width=600', 'full': 'https://dl5zpyw5k3jeb.cloudfront.net/photos/pets/38069173/2/?bust=1494824382'}, {'small': 'https://dl5zpyw5k3jeb.cloudfront.net/photos/pets/38069173/3/?bust=1494824383&width=100', 'medium': 'https://dl5zpyw5k3jeb.cloudfront.net/photos/pets/38069173/3/?bust=1494824383&width=300', 'large': 'https://dl5zpyw5k3jeb.cloudfront.net/photos/pets/38069173/3/?bust=1494824383&width=600', 'full': 'https://dl5zpyw5k3jeb.cloudfront.net/photos/pets/38069173/3/?bust=1494824383'}]","['https://dl5zpyw5k3jeb.cloudfront.net/photos/pets/38069173/1/?bust=1494824381&width=300', 'https://dl5zpyw5k3jeb.cloudfront.net/photos/pets/38069173/2/?bust=1494824382&width=300', 'https://dl5zpyw5k3jeb.cloudfront.net/photos/pets/38069173/3/?bust=1494824383&width=300']"
48583,37446462,https://www.petfinder.com/cat/elizabeth-37446462/ga/cumming/forsyth-county-animal-shelter-ga841/?referrer_id=3830981a-ad4c-4f85-872c-ca9edc50a67e,Cat,Senior,Female,Small,,Ragamuffin,"[{'small': 'https://dl5zpyw5k3jeb.cloudfront.net/photos/pets/37446462/1/?bust=1487352916&width=100', 'medium': 'https://dl5zpyw5k3jeb.cloudfront.net/photos/pets/37446462/1/?bust=1487352916&width=300', 'large': 'https://dl5zpyw5k3jeb.cloudfront.net/photos/pets/37446462/1/?bust=1487352916&width=600', 'full': 'https://dl5zpyw5k3jeb.cloudfront.net/photos/pets/37446462/1/?bust=1487352916'}, {'small': 'https://dl5zpyw5k3jeb.cloudfront.net/photos/pets/37446462/2/?bust=1487352917&width=100', 'medium': 'https://dl5zpyw5k3jeb.cloudfront.net/photos/pets/37446462/2/?bust=1487352917&width=300', 'large': 'https://dl5zpyw5k3jeb.cloudfront.net/photos/pets/37446462/2/?bust=1487352917&width=600', 'full': 'https://dl5zpyw5k3jeb.cloudfront.net/photos/pets/37446462/2/?bust=1487352917'}, {'small': 'https://dl5zpyw5k3jeb.cloudfront.net/photos/pets/37446462/3/?bust=1487352917&width=100', 'medium': 'https://dl5zpyw5k3jeb.cloudfront.net/photos/pets/37446462/3/?bust=1487352917&width=300', 'large': 'https://dl5zpyw5k3jeb.cloudfront.net/photos/pets/37446462/3/?bust=1487352917&width=600', 'full': 'https://dl5zpyw5k3jeb.cloudfront.net/photos/pets/37446462/3/?bust=1487352917'}]","['https://dl5zpyw5k3jeb.cloudfront.net/photos/pets/37446462/1/?bust=1487352916&width=300', 'https://dl5zpyw5k3jeb.cloudfront.net/photos/pets/37446462/2/?bust=1487352917&width=300', 'https://dl5zpyw5k3jeb.cloudfront.net/photos/pets/37446462/3/?bust=1487352917&width=300']"
48584,37415537,https://www.petfinder.com/cat/rocky-37415537/tx/spring/smart-rescue-tx758/?referrer_id=3830981a-ad4c-4f85-872c-ca9edc50a67e,Cat,Young,Male,Extra Large,Long,Ragamuffin,"[{'small': 'https://dl5zpyw5k3jeb.cloudfront.net/photos/pets/37415537/1/?bust=1487021432&width=100', 'medium': 'https://dl5zpyw5k3jeb.cloudfront.net/photos/pets/37415537/1/?bust=1487021432&width=300', 'large': 'https://dl5zpyw5k3jeb.cloudfront.net/photos/pets/37415537/1/?bust=1487021432&width=600', 'full': 'https://dl5zpyw5k3jeb.cloudfront.net/photos/pets/37415537/1/?bust=1487021432'}, {'small': 'https://dl5zpyw5k3jeb.cloudfront.net/photos/pets/37415537/2/?bust=1487021433&width=100', 'medium': 'https://dl5zpyw5k3jeb.cloudfront.net/photos/pets/37415537/2/?bust=1487021433&width=300', 'large': 'https://dl5zpyw5k3jeb.cloudfront.net/photos/pets/37415537/2/?bust=1487021433&width=600', 'full': 'https://dl5zpyw5k3jeb.cloudfront.net/photos/pets/37415537/2/?bust=1487021433'}, {'small': 'https://dl5zpyw5k3jeb.cloudfront.net/photos/pets/37415537/3/?bust=1487021433&width=100', 'medium': 'https://dl5zpyw5k3jeb.cloudfront.net/photos/pets/37415537/3/?bust=1487021433&width=300', 'large': 'https://dl5zpyw5k3jeb.cloudfront.net/photos/pets/37415537/3/?bust=1487021433&width=600', 'full': 'https://dl5zpyw5k3jeb.cloudfront.net/photos/pets/37415537/3/?bust=1487021433'}]","['https://dl5zpyw5k3jeb.cloudfront.net/photos/pets/37415537/1/?bust=1487021432&width=300', 'https://dl5zpyw5k3jeb.cloudfront.net/photos/pets/37415537/2/?bust=1487021433&width=300', 'https://dl5zpyw5k3jeb.cloudfront.net/photos/pets/37415537/3/?bust=1487021433&width=300']"
48585,37281993,https://www.petfinder.com/cat/fernando-declawed-37281993/tx/spring/smart-rescue-tx758/?referrer_id=3830981a-ad4c-4f85-872c-ca9edc50a67e,Cat,Adult,Male,Large,Long,Ragamuffin,"[{'small': 'https://dl5zpyw5k3jeb.cloudfront.net/photos/pets/37281993/2/?bust=1485464745&width=100', 'medium': 'https://dl5zpyw5k3jeb.cloudfront.net/photos/pets/37281993/2/?bust=1485464745&width=300', 'large': 'https://dl5zpyw5k3jeb.cloudfront.net/photos/pets/37281993/2/?bust=1485464745&width=600', 'full': 'https://dl5zpyw5k3jeb.cloudfront.net/photos/pets/37281993/2/?bust=1485464745'}, {'small': 'https://dl5zpyw5k3jeb.cloudfront.net/photos/pets/37281993/1/?bust=1485464744&width=100', 'medium': 'https://dl5zpyw5k3jeb.cloudfront.net/photos/pets/37281993/1/?bust=1485464744&width=300', 'large': 'https://dl5zpyw5k3jeb.cloudfront.net/photos/pets/37281993/1/?bust=1485464744&width=600', 'full': 'https://dl5zpyw5k3jeb.cloudfront.net/photos/pets/37281993/1/?bust=1485464744'}, {'small': 'https://dl5zpyw5k3jeb.cloudfront.net/photos/pets/37281993/3/?bust=1485464745&width=100', 'medium': 'https://dl5zpyw5k3jeb.cloudfront.net/photos/pets/37281993/3/?bust=1485464745&width=300', 'large': 'https://dl5zpyw5k3jeb.cloudfront.net/photos/pets/37281993/3/?bust=1485464745&width=600', 'full': 'https://dl5zpyw5k3jeb.cloudfront.net/photos/pets/37281993/3/?bust=1485464745'}]","['https://dl5zpyw5k3jeb.cloudfront.net/photos/pets/37281993/2/?bust=1485464745&width=300', 'https://dl5zpyw5k3jeb.cloudfront.net/photos/pets/37281993/1/?bust=1485464744&width=300', 'https://dl5zpyw5k3jeb.cloudfront.net/photos/pets/37281993/3/?bust=1485464745&width=300']"
48586,37268519,https://www.petfinder.com/cat/noire-37268519/ca/el-dorado-hills/fat-kitty-city-ca1171/?referrer_id=3830981a-ad4c-4f85-872c-ca9edc50a67e,Cat,Adult,Female,Medium,Long,Ragamuffin,"[{'small': 'https://dl5zpyw5k3jeb.cloudfront.net/photos/pets/37268519/1/?bust=1485334637&width=100', 'medium': 'https://dl5zpyw5k3jeb.cloudfront.net/photos/pets/37268519/1/?bust=1485334637&width=300', 'large': 'https://dl5zpyw5k3jeb.cloudfront.net/photos/pets/37268519/1/?bust=1485334637&width=600', 'full': 'https://dl5zpyw5k3jeb.cloudfront.net/photos/pets/37268519/1/?bust=1485334637'}]",['https://dl5zpyw5k3jeb.cloudfront.net/photos/pets/37268519/1/?bust=1485334637&width=300']
48587,36107674,https://www.petfinder.com/cat/milo-36107674/nh/bedford/animal-rescue-league-of-new-hampshire-nh03/?referrer_id=3830981a-ad4c-4f85-872c-ca9edc50a67e,Cat,Senior,Male,Medium,,Ragamuffin,"[{'small': 'https://dl5zpyw5k3jeb.cloudfront.net/photos/pets/36107674/1/?bust=1472657805&width=100', 'medium': 'https://dl5zpyw5k3jeb.cloudfront.net/photos/pets/36107674/1/?bust=1472657805&width=300', 'large': 'https://dl5zpyw5k3jeb.cloudfront.net/photos/pets/36107674/1/?bust=1472657805&width=600', 'full': 'https://dl5zpyw5k3jeb.cloudfront.net/photos/pets/36107674/1/?bust=1472657805'}, {'small': 'https://dl5zpyw5k3jeb.cloudfront.net/photos/pets/36107674/2/?bust=1472657806&width=100', 'medium': 'https://dl5zpyw5k3jeb.cloudfront.net/photos/pets/36107674/2/?bust=1472657806&width=300', 'large': 'https://dl5zpyw5k3jeb.cloudfront.net/photos/pets/36107674/2/?bust=1472657806&width=600', 'full': 'https://dl5zpyw5k3jeb.cloudfront.net/photos/pets/36107674/2/?bust=1472657806'}, {'small': 'https://dl5zpyw5k3jeb.cloudfront.net/photos/pets/36107674/3/?bust=1472657806&width=100', 'medium': 'https://dl5zpyw5k3jeb.cloudfront.net/photos/pets/36107674/3/?bust=1472657806&width=300', 'large': 'https://dl5zpyw5k3jeb.cloudfront.net/photos/pets/36107674/3/?bust=1472657806&width=600', 'full': 'https://dl5zpyw5k3jeb.cloudfront.net/photos/pets/36107674/3/?bust=1472657806'}]","['https://dl5zpyw5k3jeb.cloudfront.net/photos/pets/36107674/1/?bust=1472657805&width=300', 'https://dl5zpyw5k3jeb.cloudfront.net/photos/pets/36107674/2/?bust=1472657806&width=300', 'https://dl5zpyw5k3jeb.cloudfront.net/photos/pets/36107674/3/?bust=1472657806&width=300']"
48588,36107484,https://www.petfinder.com/cat/milo-36107484/nh/bedford/animal-rescue-league-of-new-hampshire-nh03/?referrer_id=3830981a-ad4c-4f85-872c-ca9edc50a67e,Cat,Senior,Male,Medium,,Ragamuffin,"[{'small': 'https://dl5zpyw5k3jeb.cloudfront.net/photos/pets/36107484/1/?bust=1472656843&width=100', 'medium': 'https://dl5zpyw5k3jeb.cloudfront.net/photos/pets/36107484/1/?bust=1472656843&width=300', 'large': 'https://dl5zpyw5k3jeb.cloudfront.net/photos/pets/36107484/1/?bust=1472656843&width=600', 'full': 'https://dl5zpyw5k3jeb.cloudfront.net/photos/pets/36107484/1/?bust=1472656843'}, {'small': 'https://dl5zpyw5k3jeb.cloudfront.net/photos/pets/36107484/2/?bust=1472656844&width=100', 'medium': 'https://dl5zpyw5k3jeb.cloudfront.net/photos/pets/36107484/2/?bust=1472656844&width=300', 'large': 'https://dl5zpyw5k3jeb.cloudfront.net/photos/pets/36107484/2/?bust=1472656844&width=600', 'full': 'https://dl5zpyw5k3jeb.cloudfront.net/photos/pets/36107484/2/?bust=1472656844'}, {'small': 'https://dl5zpyw5k3jeb.cloudfront.net/photos/pets/36107484/3/?bust=1472656844&width=100', 'medium': 'https://dl5zpyw5k3jeb.cloudfront.net/photos/pets/36107484/3/?bust=1472656844&width=300', 'large': 'https://dl5zpyw5k3jeb.cloudfront.net/photos/pets/36107484/3/?bust=1472656844&width=600', 'full': 'https://dl5zpyw5k3jeb.cloudfront.net/photos/pets/36107484/3/?bust=1472656844'}]","['https://dl5zpyw5k3jeb.cloudfront.net/photos/pets/36107484/1/?bust=1472656843&width=300', 'https://dl5zpyw5k3jeb.cloudfront.net/photos/pets/36107484/2/?bust=1472656844&width=300', 'https://dl5zpyw5k3jeb.cloudfront.net/photos/pets/36107484/3/?bust=1472656844&width=300']"
48589,35736983,https://www.petfinder.com/cat/sunshine-35736983/ca/mission-viejo/southern-counties-rescue-inc-ca420/?referrer_id=3830981a-ad4c-4f85-872c-ca9edc50a67e,Cat,Baby,Male,Large,Medium,Ragamuffin,"[{'small': 'https://dl5zpyw5k3jeb.cloudfront.net/photos/pets/35736983/1/?bust=1469138904&width=100', 'medium': 'https://dl5zpyw5k3jeb.cloudfront.net/photos/pets/35736983/1/?bust=1469138904&width=300', 'large': 'https://dl5zpyw5k3jeb.cloudfront.net/photos/pets/35736983/1/?bust=1469138904&width=600', 'full': 'https://dl5zpyw5k3jeb.cloudfront.net/photos/pets/35736983/1/?bust=1469138904'}]",['https://dl5zpyw5k3jeb.cloudfront.net/photos/pets/35736983/1/?bust=1469138904&width=300']
48590,35729208,https://www.petfinder.com/cat/butterscotch-35729208/ca/mission-viejo/southern-counties-rescue-inc-ca420/?referrer_id=3830981a-ad4c-4f85-872c-ca9edc50a67e,Cat,Baby,Female,Large,Medium,Ragamuffin,"[{'small': 'https://dl5zpyw5k3jeb.cloudfront.net/photos/pets/35729208/1/?bust=1469071900&width=100', 'medium': 'https://dl5zpyw5k3jeb.cloudfront.net/photos/pets/35729208/1/?bust=1469071900&width=300', 'large': 'https://dl5zpyw5k3jeb.cloudfront.net/photos/pets/35729208/1/?bust=1469071900&width=600', 'full': 'https://dl5zpyw5k3jeb.cloudfront.net/photos/pets/35729208/1/?bust=1469071900'}, {'small': 'https://dl5zpyw5k3jeb.cloudfront.net/photos/pets/35729208/2/?bust=1469071900&width=100', 'medium': 'https://dl5zpyw5k3jeb.cloudfront.net/photos/pets/35729208/2/?bust=1469071900&width=300', 'large': 'https://dl5zpyw5k3jeb.cloudfront.net/photos/pets/35729208/2/?bust=1469071900&width=600', 'full': 'https://dl5zpyw5k3jeb.cloudfront.net/photos/pets/35729208/2/?bust=1469071900'}]","['https://dl5zpyw5k3jeb.cloudfront.net/photos/pets/35729208/1/?bust=1469071900&width=300', 'https://dl5zpyw5k3jeb.cloudfront.net/photos/pets/35729208/2/?bust=1469071900&width=300']"
48591,35719331,https://www.petfinder.com/cat/nugget-fostered-in-sacramento-ca-35719331/ca/davis/purebreds-plus-cat-rescue-ca652/?referrer_id=3830981a-ad4c-4f85-872c-ca9edc50a67e,Cat,Baby,Female,Medium,,Ragamuffin,"[{'small': 'https://dl5zpyw5k3jeb.cloudfront.net/photos/pets/35719331/1/?bust=1468991233&width=100', 'medium': 'https://dl5zpyw5k3jeb.cloudfront.net/photos/pets/35719331/1/?bust=1468991233&width=300', 'large': 'https://dl5zpyw5k3jeb.cloudfront.net/photos/pets/35719331/1/?bust=1468991233&width=600', 'full': 'https://dl5zpyw5k3jeb.cloudfront.net/photos/pets/35719331/1/?bust=1468991233'}, {'small': 'https://dl5zpyw5k3jeb.cloudfront.net/photos/pets/35719331/2/?bust=1468991234&width=100', 'medium': 'https://dl5zpyw5k3jeb.cloudfront.net/photos/pets/35719331/2/?bust=1468991234&width=300', 'large': 'https://dl5zpyw5k3jeb.cloudfront.net/photos/pets/35719331/2/?bust=1468991234&width=600', 'full': 'https://dl5zpyw5k3jeb.cloudfront.net/photos/pets/35719331/2/?bust=1468991234'}, {'small': 'https://dl5zpyw5k3jeb.cloudfront.net/photos/pets/35719331/3/?bust=1468991235&width=100', 'medium': 'https://dl5zpyw5k3jeb.cloudfront.net/photos/pets/35719331/3/?bust=1468991235&width=300', 'large': 'https://dl5zpyw5k3jeb.cloudfront.net/photos/pets/35719331/3/?bust=1468991235&width=600', 'full': 'https://dl5zpyw5k3jeb.cloudfront.net/photos/pets/35719331/3/?bust=1468991235'}]","['https://dl5zpyw5k3jeb.cloudfront.net/photos/pets/35719331/1/?bust=1468991233&width=300', 'https://dl5zpyw5k3jeb.cloudfront.net/photos/pets/35719331/2/?bust=1468991234&width=300', 'https://dl5zpyw5k3jeb.cloudfront.net/photos/pets/35719331/3/?bust=1468991235&width=300']"
48592,35643149,https://www.petfinder.com/cat/mikey-registered-pure-bred-ragamuffin-35643149/ar/witter/blue-moon-cat-sanctuary-ar247/?referrer_id=3830981a-ad4c-4f85-872c-ca9edc50a67e,Cat,Young,Male,Medium,Medium,Ragamuffin,"[{'small': 'https://dl5zpyw5k3jeb.cloudfront.net/photos/pets/35643149/1/?bust=1468315433&width=100', 'medium': 'https://dl5zpyw5k3jeb.cloudfront.net/photos/pets/35643149/1/?bust=1468315433&width=300', 'large': 'https://dl5zpyw5k3jeb.cloudfront.net/photos/pets/35643149/1/?bust=1468315433&width=600', 'full': 'https://dl5zpyw5k3jeb.cloudfront.net/photos/pets/35643149/1/?bust=1468315433'}]",['https://dl5zpyw5k3jeb.cloudfront.net/photos/pets/35643149/1/?bust=1468315433&width=300']
48593,35401126,https://www.petfinder.com/cat/casey-35401126/pa/uniontown/fayette-friends-of-animals-pa189/?referrer_id=3830981a-ad4c-4f85-872c-ca9edc50a67e,Cat,Adult,Female,Large,Long,Ragamuffin,"[{'small': 'https://dl5zpyw5k3jeb.cloudfront.net/photos/pets/35401126/1/?bust=1466084922&width=100', 'medium': 'https://dl5zpyw5k3jeb.cloudfront.net/photos/pets/35401126/1/?bust=1466084922&width=300', 'large': 'https://dl5zpyw5k3jeb.cloudfront.net/photos/pets/35401126/1/?bust=1466084922&width=600', 'full': 'https://dl5zpyw5k3jeb.cloudfront.net/photos/pets/35401126/1/?bust=1466084922'}]",['https://dl5zpyw5k3jeb.cloudfront.net/photos/pets/35401126/1/?bust=1466084922&width=300']
48594,35390666,https://www.petfinder.com/cat/misty-35390666/ca/grass-valley/animalsave-ca392/?referrer_id=3830981a-ad4c-4f85-872c-ca9edc50a67e,Cat,Adult,Female,Large,Long,Ragamuffin,"[{'small': 'https://dl5zpyw5k3jeb.cloudfront.net/photos/pets/35390666/1/?bust=1510166899&width=100', 'medium': 'https://dl5zpyw5k3jeb.cloudfront.net/photos/pets/35390666/1/?bust=1510166899&width=300', 'large': 'https://dl5zpyw5k3jeb.cloudfront.net/photos/pets/35390666/1/?bust=1510166899&width=600', 'full': 'https://dl5zpyw5k3jeb.cloudfront.net/photos/pets/35390666/1/?bust=1510166899'}, {'small': 'https://dl5zpyw5k3jeb.cloudfront.net/photos/pets/35390666/2/?bust=1482784036&width=100', 'medium': 'https://dl5zpyw5k3jeb.cloudfront.net/photos/pets/35390666/2/?bust=1482784036&width=300', 'large': 'https://dl5zpyw5k3jeb.cloudfront.net/photos/pets/35390666/2/?bust=1482784036&width=600', 'full': 'https://dl5zpyw5k3jeb.cloudfront.net/photos/pets/35390666/2/?bust=1482784036'}, {'small': 'https://dl5zpyw5k3jeb.cloudfront.net/photos/pets/35390666/3/?bust=1484773232&width=100', 'medium': 'https://dl5zpyw5k3jeb.cloudfront.net/photos/pets/35390666/3/?bust=1484773232&width=300', 'large': 'https://dl5zpyw5k3jeb.cloudfront.net/photos/pets/35390666/3/?bust=1484773232&width=600', 'full': 'https://dl5zpyw5k3jeb.cloudfront.net/photos/pets/35390666/3/?bust=1484773232'}]","['https://dl5zpyw5k3jeb.cloudfront.net/photos/pets/35390666/1/?bust=1510166899&width=300', 'https://dl5zpyw5k3jeb.cloudfront.net/photos/pets/35390666/2/?bust=1482784036&width=300', 'https://dl5zpyw5k3jeb.cloudfront.net/photos/pets/35390666/3/?bust=1484773232&width=300']"
48595,35150092,https://www.petfinder.com/cat/ziggy-35150092/tx/navasota/fluffys-friends-inc-tx1941/?referrer_id=3830981a-ad4c-4f85-872c-ca9edc50a67e,Cat,Young,Male,Medium,Medium,Ragamuffin,"[{'small': 'https://dl5zpyw5k3jeb.cloudfront.net/photos/pets/35150092/1/?bust=1463594251&width=100', 'medium': 'https://dl5zpyw5k3jeb.cloudfront.net/photos/pets/35150092/1/?bust=1463594251&width=300', 'large': 'https://dl5zpyw5k3jeb.cloudfront.net/photos/pets/35150092/1/?bust=1463594251&width=600', 'full': 'https://dl5zpyw5k3jeb.cloudfront.net/photos/pets/35150092/1/?bust=1463594251'}]",['https://dl5zpyw5k3jeb.cloudfront.net/photos/pets/35150092/1/?bust=1463594251&width=300']
